宜兴银茂荧光材料有限公司,江苏省宜兴市陶瓷产业园区陶都路888号,王霞,0510-87488725,0510-87488750
斯图奇（上海）照明设备有限公司,上海市杨浦区长阳路738号3007室,史宇光,021-52389291,021-52389219
路川金域电子（上海）有限公司,上海市浦东新区金桥出口加工区川桥路1510号,Derek yung,,021-61650992
上海日亚电子化学有限公司,上海市松江区松胜路622号,郑奇锋,021-57746358,021-57746178
广东巨能供应链管理有限公司,广东省中山市古镇镇兴中大道灯饰大厦B座12楼,周子郡,13302591295,4408081813-4002
上海庆科信息技术有限公司,上海市普陀区同普路1220号811室,胡蓉,021-52709556，18621363684,021-52700706
北京青山洋益园林景观工程有限公司,北京市大兴区兴丰大街二段29号,刘永祥,13901197270，010-81283661-608,010-69221676
无锡安特源科技有限公司,江苏无锡菱湖大道200号D2幢1层,许若鹏,0510-85389372，13357916922,0510-85381483
天津市照明协会,天津市南开区鞍山西道三潭东里7-6-221,何秉云,022-27480851，13352068937,022-27427946
深圳市半导体照明产业发展促进会,深圳市宝安六区建安一路龙江一巷光电大厦9楼,鲍恩忠,0755-83653966,0755-836532808
罗姆尼光电系统技术（广东）有限公司,广东省中山市小榄工业大道33号,彭银水,0760-23821559,0760-23821556
昆山桑莱特新能源科技有限公司,昆山市祖冲之南路1666号清华科技园孵化大楼1 楼,吴聪萍,0512-55119105,0512-55119102
福建德晖实业有限公司,福建省龙岩市永定县永丰新区,王勤荣,0597-5639006,0597-5637766
江苏宝德照明器材有限公司,江苏省扬州市北郊送桥镇工业区,张宝生,13905257968,
上海孚翔机电有限公司,上海市青浦区华新镇华徐公路3055号,周燮强,021-69781590-608,021-69781786
江苏恒通照明器材有限公司,江苏省高邮市北郊菱塘镇工业集中区一号,张伟,18901448051,0514-84238677
江门市侨都和诚照明有限公司,江门市蓬江区荷塘镇篁湾村南华东路10街6号,何承刚,19688139068,0750-3680511
深圳市比速光电科技有限公司,深圳市宝安区西乡固戌愉盛工业园9栋6楼,蔡天平,0755-29484820，18607556266,075-61624509
佛山市顺德区三虹照明电器有限公司,主要从事各各种节能灯以及T4、T5的研究、开发和生产。,528309,0757-22892682,0757-27786661
浙江英特莱光电科技有限公司,浙江省义乌苏溪镇苏福西路2号,周健,0579-89937319,0579-85921788
无锡硅动力微电子股份有限公司,江苏无锡新区珠江51号,黄飞明,,0510-85347778
上海置信节能环保有限公司,上海市长宁区天山西路588号,张晓龙,021-52311711，18816556787,021-52311755
杭州士兰微电子股份有限公司,杭州市黄姑山路4号,陈向东,0571-88219782,0571-88211612
东莞市石龙富华电子有限公司,广东省东莞市石龙镇新城区黄洲祥龙路,梁永康,0769-86022222-2196,0769-86023333
浙江海力特新能源科技有限公司,浙江省温州经济技术开发区滨海一道1961号,钟振海,0577-86807690，13958887999,0577-86807690
杭州鸿程科技有限公司,杭州市西湖区西园五路16号3幢B座2楼,郭明皇,0571-88269269，13588300140,0571-88984333
沈阳三丰电气有限公司,沈阳市苏家屯雪莲街10甲,李东久,024-89153639，15840253223,024-23730671
杭州杭科光电股份有限公司,浙江省杭州市闲林闲兴路33号杭科光电产业园,严钱军,0571-88208263,0571-88208306
杭州林熙光电科技有限公司,浙江省杭州市余杭区良渚街道姚家路5号,吴炳华,13967132929,0571-88600300
深圳市超频三科技有限公司,深圳市坪山新区沙湖军田工业区,刘卫红,13602638477,0755-84511673
厦门通士达有限公司,厦门市同安区西柯镇同福路777号五楼,黄东文,0592-7263167,0592-7263288
西安重装渭南光电科技有限公司,陕西省渭南市高新区南街,王建州,18691325567,0913-8103829
上海源明照明电器有限公司,上海市工业综合开发区庄行分区航南公路1251号,yeda@yhrea.com,021-63805387,
安徽兆利光电科技有限公司,安徽省池话州市东至县大渡口经济开发区幸福路1号,胡学军,13805568585，0566-8907688,0566-8907556
松原市三缘光电电器有限责任公司,吉林省松原市前郭经济开发区,沈兴平,18718100333，0438-2717000,0438-2717222
中山市木林森照明工程有限公司,浙江省临海市大洋街道狮云村沈南路209号,杨金荣,0315-83636088,0513-85392288
北京路易得光电科技有限公司,北京市丰台区南四环路188号18区26号楼13层,刘涛,010-63917312，13810538108,
浙江晶日照明科技有限公司,浙江省湖州市东部新区区府路2008号,程世友,0572-2042788，13705729588,0572-2042887
上海亚浦耳照明电器公司,上海市浦东新区龙东大道6101号B幢,陈兴保,021-68918133,021-68919853
广州市雷腾照明科技有限公司,广东省广州市花都区风神大道以南,陈焕杰,13480229588,020-28003727
四川长虹照明技术有限公司,四川省绵阳市经济技术开发区三江大道139号,梁伯科,0816-2439039,0816-2439027
杭州中恒派威电源有限公司,浙江杭州市滨江区东信大道69号,叶建敏,0571-86699828,0571-86699827
山东宇太光电科技有限公司,山东省单县经济技术开发区君子路北端,秦广飞,18265826287,0530-4524555
天津泺佳照明有限公司,天津西青区华苑产业园区海泰道华科三路,刘宗涛,022-87938261，18322177729,022-87938133
晋城市一星兆光电科技有限公司,山西省晋城市城区西环路3385（豪德光彩贸易广场1街27-29号一层）,韩国栋,13509762618，0356-21233722,0365-2123722
日照华标广告工程有限公司,山东省日照市海曲中路,王本利,13863332222,
江苏百凌电器有限公司,江苏省启东市城北开发区兴龙路4号,杨金荣,0315-83636088,0513-85392288
山东神舟光电科技有限公司,山东省枣庄市高新区长白山路3309号,宁连勇,0632-7650019,0632-7650019
山东凯创光电科技有限公司,山东淄博市临淄区青银高速临淄出口北,张允东,13853321908,0533-7839889
四川中物材料有限责任公司,四川省绵阳市高新区磨家镇河北-平武工业园,杨克斌,0816-2844500,0816-8014766
四川中物材料有限责任公司,四川省绵阳市高新区磨家镇河北-平武工业园,杨克斌,0816-2844500,0816-8014766
阜新宏昌液压机械有限公司,阜新经济开发区盛祥路北新塘街东,赵杨,0418-6052222,0418-6642444
广东电力士照明科技有限公司,广东省江门市蓬江区杜阮镇良园路5号,黄耀荣,0750-3488218,0750-3488216
吉林华微电子股份有限公司,吉林省吉林市高新区深圳街99号,夏增文,0432-64678411,0432-64665812
威海多晶钨钼科技有限公司,威海工业新区草庙子,李猛进,0631-5588919,0631-5588939
浙江红耀照明电器有限公司,浙江省临海市大洋街道狮云村沈南路209号,金先红,15957609111,0576-85381925
杭州市城市照明行业协会,浙江省杭州市西湖区体育场路桃花弄一号4楼401室,王建,0571-87698326,0571-87698329
茂硕电源科技股份有限公司,深圳市南山区科发路8号金融基地2栋9楼,顾永德,,0755-27657908
西安比特利光电应用有限公司,西安市未央路113号雅荷花园中环大厦B座21F-A,许东海,029-86536503,86536501
广州特色龙广告制作有限公司,广东省广州市番禺区钟村屏岔道1号之11,伍次京,13600477299,020-39904440
成都巅峰投资有限公司,成都市新都区龙桥镇家居博览城阳光林森东路88号,雷凤,18030551555,028-69287166
深圳珈伟光伏照明股份有限公司,深圳市龙岗区坪地街道高桥社区富高东路4号,李雳,0755-84088055-8888,0755-85237280
深圳市朗卓照明有限公司,深圳市宝安区松岗街道东方第四工业区C栋3楼,刘永铭,13823684241,0755-29757523
银丽照明高邮有限公司,江苏省常州市邹区鹤溪新村20号（金岳电子厂北门）,王婷,18915053378,0519-83840152
欧勃朗照明科技（北京）有限公司,北京市朝阳区十里河天海办公楼A座218室,邹益民,13651072901,010-87365679
中山新特丽照明电器有限公司,广东省中山市火炬开发区十涌路27号,孙跃,0760-88587000,0760-88587060
滨州星森电子科技有限公司,山东省滨州市高新技术开发区高四路1号,周桐,18605438010,0543-3112687
中山市雷斯诺照明有限公司,广东省中山市古镇东岸北路251号,胡雷飞,13822349999,0760-23836901
晶能光电（江西）有限公司,江西省南昌市高新开发区艾溪湖北路699号,王敏,0791-88158562,0791-88190011
上海恺弈电器有限公司,上海市松江区泗泾镇九干路319号,尚玉苏,13761901601,021-57617292
上海康佳绿色照明技术有限公司,上海市临港新城新元南路600号15号楼2层,黄辉,021-58284488,021-58284008
浙江新天天光电科技有限公司,浙江省临海市大田街道大田刘,尹林华,13586067872,0576-85969030
木林森股份有限公司,广东省中山市小榄镇木林森大道1号,林纪良,0760-87866856,0760-87866831
雷特（福建）光电科技有限公司,福建省龙岩市永定县莲花工业园区,陈珊,0597-5638403,0597-5637999
深圳市巧精灵照明有限公司,深圳市龙华新区观澜桂月路低碳科技园A4栋,许志坚,18923402270,0755-61658345
广东四川商会照明电器分会,广东省中山市古镇曹三华安东路7号,李朝富,13822796528,0760-22325218
上海顺舟电子科技有限公司,上海浦东新区龙东大道3000号张江集电港1期4号楼8F,陈建科,021-33933988,021-33933968-6808
广州欧度照明有限公司,广州市番禹区大石朝阳东路166号盛胜大厦4001,崔鹏杰,13911185810,020-39964568
新疆润泽家美贸易有限公司,新疆奎屯市阿乐腾肯特-团结南街16幢,丁海珊,0992-6831298,0992-6831298
上海格双电子科技有限公司,上海市浦东新区金桥出口加工区金藏路351号第33幢一层东102,李成德,13816802591,021-61629520
北京依路达海科技有限公司,北京市丰台区方庄芳群园三区11号楼601-39A室,吴厚贤,13801284040,010-87681418
浙江鸿洲城市照明工程有限公司,浙江省金华市浦江县永在大道999号,江伟,0579-84193969,0579-86493828
山东明华光电科技有限公司,山东德州陵县经济开发区兴国街南首,王印芳,0534-2186521,0534-2186531
青岛索广电器有限公司潍坊分公司,山东省青州市尧王山西路1-38号,岳茂涌,0536-3329888,0536-3220315
福建金亿电子有限公司,福建省宁化县华侨经济开发区城南工业园19号,林俊宏,18065869666,0598-6666789
欧伦（福建）光电科技有限公司,福建省龙岩市工业西路68号,邹云,13806987998,2205958
昆山博文照明科技有限公司,江苏省昆山市高新区登云路268号,熊开富,15312167357,0512-36866383
昆山市圣光新能源科技有限公司,江苏省昆山市高新区登云路268号802A,熊开富,15312167357,0512-36866380
江西名派光电科技有限公司,江西省九江市武宁县工业园名派路,程敬远,15070228888,0792-2810269
海宁市绿能灯头有限公司,浙江省海宁市杏花路13号,史思,0573-87615890,0573-87612778
江苏厚睦莱照明科技有限公司,江苏省建湖县高作镇工业集中区,尚玉苏,13761901601,021-57617292
北京艾久瓦光电科技有限公司,北京朝阳区朝阳门外大街甲6号4座1905,刘易,010-59071178,010-59071216
江苏越城照明电器科技有限公司,江苏省洪泽县经济开发区东三道与328省道交汇处,黄泽铭,0517-87201071,0517-87236777
江苏亚明照明有限公司,江苏省盐城市建湖县经济开发区上海路1号,施永兴,0515-86251726,86253796
重庆照明电器协会,重庆市渝中区民生路320号家佳喜五楼,汪顺波,13908311121,
深圳市裕富照明有限公司,深圳龙岗坪地街道高桥社区富高东路6号工业园,陆群,0755-2968002,0755-25734252
北京中海弘威智能科技有限公司,北京市通州区潞苑南大街1093号永-128,温绮格,13810180217,52459707
江苏英尔特光电科技有限公司,江苏省阜宁经济开发区泰山路1号,孙浩杰,0515-87202336,0515-87202336
厦门强力巨彩光电科技有限公司,福建厦门火炬高新区（翔安）产业区翔安西路8065号,朱志强,0592-7885877,0592-7885858
北首光源科技（大连）股份有限公司,辽宁大连长兴岛临港工业区将军路719号,金国平,0411-84798888,0411-84794222
浙江雷培德科技有限公司,浙江省杭州市钱江经济开发区兴国路526号,赵志昊,15958102888,0571-56768668
北京昊臣天宇科技有限公司,北京市海淀区上地街1号院2号楼16室,于福龙,18001029511,010-62634806-806
苏州东山照明科技有限公司,江苏省苏州市东山工业园凤凰山路8号,徐志伟,18913528668,0512-66521873
阳江汉能科技有限公司,广东省阳江高新区福冈工业园高新一路西23号,程子峰,0662-3837383,0662-3837102
林州市龙祥光源材料有限公司,河南省林州市临淇镇邢掌村,王学志,13937293327,0372-6723898
山东佛光照明科技有限公司,山东省临沭县城南经济开发区佛光照明工业园,房雪锋,0539-6288888,0539- 6282888
广东德豪润达电气股份有限公司,广东省珠海市唐家湾金凤路1号,徐风云,07563390797,0756-3390778
上海罗金玻璃有限公司,上海沪太路8778号,林加喜,13701611868,
金坛市华泰电器有限公司,金坛市河头镇薛庄村,,0519-82521188,0519-82522988
山西光宇半导体照明股份有限公司,山西省临汾市尧都区尧庙光宇工业园,许福贵,0357-2165000、010-62120286,0357-2165099、010-62123686
杭州杭贝科技有限公司,浙江省杭州市文三路199号7楼209室,陈春,0571-85120528,0571-88103351-802
江苏三显照明科技有限公司,江苏省常熟市辛庄镇光华环路26号,陈伟星,,0512-52480666
中山市鹰皇灯饰有限公司,广东省中山市横栏镇三沙工业区,李杰标,0760-2355036,0760-2354136
深圳市朗恒电子有限公司,广东省深圳市宝安区新安33区大宝路83号东方工业城2栋8楼东A,朱晓玲,0755-29631163-125,0755-29631163-308
上舜照明（中国）有限公司,江苏省南京雨花台区郁金香路17号雨花国际软件外包园2号楼7层,孙建宁,025-68516921,025-68516919
深圳市金曼斯光电科技有限公司,广东省深圳宝安西乡宝源路168号名优工业产品采购中心A座A442,潘泳任,0755-21635132,0755-26612120
深圳市百洲光电科技有限公司,广东深圳市宝安区沙井镇和一村金美第一工业区3栋2楼,屈代红,15012650311,0755-29713567
英飞特电子（杭州）股份有限公司,浙江省杭州市滨江区六和路368号海创基地三楼北区,华贵潮,0571-56565800,0571-86601139
欧华照明（苏州）有限公司,江苏省苏州市工业区苏华路2号国际大厦15楼,洪正仪,0512-67633078,0512-67633079
深圳圣融达科技有限公司,广东省深圳市龙岗平湖街道力昌社区新力路36号圣融达科技园,吴建明,0755-84251666,0755-84183222
中山市尊宝实业有限公司,广东省中山市西区沙朗工业区,邝庆泉,0760-88160288,0760-88160288
苏州UL美华认证有限公司,上海市南京西路388号38楼,李建军,13818588488,
威海大荣新能源开发有限公司,山东省威海荣成市黎明南路9号,张�B峰,13963176666,0631-7683666
成都东旭节能科技有限公司,四川省成都市郫县成都现代工业港北片区港通北四路277号,陈英,028-87985599,028-86100502
厦门视贝科技有限公司,福建厦门火炬高新区（翔安）产业区翔岳路31号,魏祖理,0592-7769728,0592-7093838
杭州临安神洲电器有限公司,浙江省杭州市临安市青山湖街道庆林街213号,徐广平,13805707833,63771089
江苏索尔光电科技有限公司,江苏张家港塘桥镇妙桥工业集中区光明路,季伟源,0512-58416688,0512-58416077
浙江海振电子科技有限公司,浙江湖州市吴兴区东柿路21号,赵建华,0572-2291118,0572-2280831
杭州临安恒星照明电器有限公司,浙江省临安高虹镇杨山路28号,王志根,0571-63770318,0571-63770318
博罗承创精密工业有限公司,广东省惠州市博罗县园洲镇上南工业区,梅高鸿,18902622351,0752-6820611
嘉兴雷明电子科技有限公司,浙江省嘉善县晋阳东路568号,唐耀宗,0573-83855491,0573-84292136
济南金波照明器材有限公司,山东省济南市天桥区水屯路19号（装饰材料市场1排28号）,王端茂,15666663996,0531-88970656
苏州中泽光电科技有限公司,江苏省苏州市吴江科技创业园（长安路2358号）,周斌,0512-63970008,0512-63970007
广州德肯照明器具有限公司,广东省广州市番禺区钟村105国道装饰材料城B8栋2、3层,陈德强,020-22862705,020-22862704
深圳市勤仕达照明有限公司,广东省深圳市宝安区西乡街道黄麻布社区勒竹角居民小组鸿业工业园厂房4栋（2-4层、5层）,李赛群,13342981888,29082009
深圳市勤仕达照明有限公司,广东省深圳市宝安区西乡街道黄麻布社区勒竹角居民小组鸿业工业园厂房4栋（2-4层、5层）,李赛群,13342981888,29082009
江苏新可耐光电科技股份有限公司,江苏省扬州市邗江经济开发区扬力路12号,傅建国,0514-85899699,0514-85899800
湖北爱商光电股份有限公司,湖北省孝昌县经济开发区华阳大道爱商光电生态产业园,宋竞雄,0755-26957188,0755-26956288
江苏格利尔光电科技有限公司,江苏省徐州市铜山经济开发区昆仑路格利尔科技园,王晓刚,0516-83312602,0516-83312618
陕西唐华能源有限公司,陕西省西安市航天产业基地东长安街888号,孙万华,029-89053383,029-89053366
北京汉朗霓虹灯有限公司,北京市朝阳区东坝家园216-1-102,张岩,13810830810,65411183
深圳市贵鸿达电子有限公司,广东省深圳市福田区赛格科技园3栋10层东A3,刘卫光,0755-83765598,0755-83763811
本科照明有限公司,福建省南安市成功开发区,张国启,0595-26556600,0595-26558202
天津市绍竞科技有限公司,天津市红桥区洪湖东路洪湖雅园3-2702,张绍敬,13920808444,86580079
北方锐特科技（北京）有限公司,北京市海淀区西三旗建材城中路3号程远大厦422,何荣,13810151635,88128739
深圳市康佳视讯系统工程有限公司,广东省深圳市南山区华侨城康佳集团视讯公司,秦广宇,0755-26608866,0755-61368816
昆山美吉特工业品博览城有限公司,江苏省昆山市陆家镇金阳东路,徐斌,0512-36806011,0512-36806011
国家灯具质量监督检验中心（中山）,广东省中山市东区博爱六路48号,邹小勇,0760-88162868,0760-88381175
重庆四联光电科技有限公司,重庆市北碚区蔡家岗镇同熙路99号,邓勤,023-68222029,023-68269539
大连路明发光科技股份有限公司,大连市高新园区七贤岭火炬路10号,田锋,0411-84755899,0411-84755955
苏州环创电子有限公司,江苏省昆山市巴城镇塔基路688号,何广东,0512-50311122,0512-50192779
常州隆辉照明科技有限公司,江苏省常州市新北区华山路18号3-212,林峰,15906124707,
沧州瑞青照明科技有限公司,河北省沧州市南皮县育才路3号,高飞,0317-8892787,0317-8891777
濮阳市华翔光源材料有限公司,河南省濮阳市文留镇示范工业区,蒋厚龙,13403931893,0393-3652189
临安泰利电器有限公司,浙江省临安市玲珑工业园区高坎103号,刑利军,13806523616,0571-63763898
汕头超时代光源有限公司,广东省汕头市龙湖区万吉工业区万吉北街2号,吴茂庆,0754-88833683,0754-88832833
深圳蓝普科技有限公司,深圳市南山区西丽镇南岗第一工业园三、五、九栋,佟岩,0755-27652100,0755-27653206
广东金达照明有限公司,广东省东莞市万江区谷涌工业区金达大厦,庚健航,0769-89820188,0769-89820186
崇左市晶光辉照明有限公司,广西省崇左市城市工业区糖果食品轻工业园二号厂房,张新春,15977188783,0771-7960291
福建省长天节能照明有限公司,福建省龙岩市龙州工业园区高新区,陈增祥,0597-3228112,0597-3228117
山东盛日电力集团有限公司,山东省日照市上海路与银川路交汇处,蒋汶达,18660307373,0633-3600269
鹏雄实业（深圳）有限公司,广东省深圳市龙岗区平湖街道新南社区凤凰工业园A1-A2栋,黄清,0755-84653015,0755-84653019
威海东兴电子有限公司,山东省威海市科技路212号,徐兵,0631-3658501,0613-3658555
江西金菱照明电器有限公司,江西省南昌市南京西路555号永溪大厦12楼,吴长青,0791-86397541,0791-86397541
利威光源零件（厦门）有限公司,福建省厦门市海沧区南海三路1219号,林超俊,0592-7689578,0592-7689579
安徽霍山县万鑫电子科技有限公司,安徽省霍山县经济开发区,崔陈,18256402111,0564-3902717
四川九洲光电科技股份有限公司,四川省绵阳市科创园区九洲大道259号,谢拥军,0816-2470966,0816-2470929
中山市澳克士照明电器有限公司,广东省中山市古镇镇岗东工业区腾丰街1号,潘振华,0760-88755613,0760-22359828
东莞小泉照明有限公司,广东省东莞市石龙西湖信息产业园12号,山口敬,0769-86189569-125,0769-86189570
湖南稀土新能源材料有限公司,湖南省长沙市芙蓉区张公岭隆平高科技园隆园二路108号,贺丰收,0731-84719699,0731-84710507
慧明光电（深圳）有限公司,广东省深圳市龙岗区平湖镇新南新屋村福新路A、B栋,蒋惠婷,0755-84675199-6666,0755-84674076
深圳长城开发科技股份有限公司,广东省深圳市福田区彩田路7006号,何伟,0755-83032000-36527,0755-83275053
张家港市瑞腾科技有限公司,江苏省张家港市凤凰镇西张镇北路11号,顾晓成,0512-58423308,0512-58423309
东莞安尚崇光科技有限公司,广东省东莞市道�蛘虮庇澜鹋Ｐ麓骞ひ登�,马国铭,0769-88311555,0769-88311545
杭州鸿雁电器有限公司,浙江省杭州市余杭区五常大道138号,王米成,0571-85899866,0571-85899799
北京明日电力电子有限公司,北京市通州区中关村科技园区通州园金桥科技产业基地环宇路11号,胡少英,010-60592559,010-60592559
北京特亮光电科技有限公司,北京市海淀区上地信息路15号金融科贸大厦613室,李会林,13911776316,010-82781204
江西聚能光宏照明科技有限公司,江西省宜春市万载县名优特往东100米,丁萍,18907958779,0795-8913212
北京创德科技有限公司,北京市昌平区复康路18号4层413室,靳献,13718071578,89746455
四川华体灯业有限公司,四川省成都市双流西南航空港经济开发区双华路三段580号,梁熹,028-85871869-826,028-85871899
郑州通信设备有限公司,河南省郑州市航海西路一号,王寒,0371-68629482,0371-68629483
唐海绿色照明机电有限公司,河北唐山市唐海县新城大街265号,李连景,13703158081,0315-8751333
襄阳海华光源有限公司,湖北省襄樊市樊城区汉江北路28-29号,马安华,13986358339,0710-3158013
厦门格绿能光电股份有限公司,福建省厦门市湖里区高殿科技园火炬北路13号,廖良斌,18059800988,0592-2621000
四川九洲光电科技股份有限公司,四川省绵阳市科创园区九洲大道259号,谢拥军,0816-2470966,0816-2470929
中山市澳克士照明电器有限公司,广东省中山市古镇镇岗东工业区腾丰街1号,潘振华,0760-88755613,0760-22359828
东莞小泉照明有限公司,广东省东莞市石龙西湖信息产业园12号,山口敬,0769-86189569-125,0769-86189570
湖南稀土新能源材料有限公司,湖南省长沙市芙蓉区张公岭隆平高科技园隆园二路108号,贺丰收,0731-84719699,0731-84710507
慧明光电（深圳）有限公司,广东省深圳市龙岗区平湖镇新南新屋村福新路A、B栋,蒋惠婷,0755-84675199-6666,0755-84674076
深圳长城开发科技股份有限公司,广东省深圳市福田区彩田路7006号,何伟,0755-83032000-36527,0755-83275053
张家港市瑞腾科技有限公司,江苏省张家港市凤凰镇西张镇北路11号,顾晓成,0512-58423308,0512-58423309
东莞安尚崇光科技有限公司,广东省东莞市道?镇北永金牛新村工业区,马国铭,0769-88311555,0769-88311545
杭州鸿雁电器有限公司,浙江省杭州市余杭区五常大道138号,王米成,0571-85899866,0571-85899799
北京明日电力电子有限公司,北京市通州区中关村科技园区通州园金桥科技产业基地环宇路11号,胡少英,010-60592559,010-60592559
北京特亮光电科技有限公司,北京市海淀区上地信息路15号金融科贸大厦613室,李会林,13911776316,010-82781204
江西聚能光宏照明科技有限公司,江西省宜春市万载县名优特往东100米,丁萍,18907958779,0795-8913212
西安重装渭南光电科技有限公司,陕西省渭南市高新区南街,何瑞科,18691325567,0913-8103829
北京创德科技有限公司,北京市昌平区复康路18号4层413室,靳献,13718071578,010-89746455
四川华体灯业有限公司,四川省成都市双流西南航空港经济开发区双华路三段580号,梁熹,028-85871869-826,028-85871899
郑州通信设备有限公司,河南省郑州市航海西路一号,王寒,0371-68629482,0371-68629483
唐海绿色照明机电有限公司,河北唐山市唐海县新城大街265号,李连景,13703158081,0315-8751333
苏州东魁照明有限公司,江苏省苏州市高新区嵩山路133号,邰伟科,0512-6665883,0512-66679511
洛阳市东普光电照明有限公司,河南省洛阳市涧西区华山路北段2栋13号东普照明,雷波,0379-60860010,0379-64792961
深圳市齐普光电子有限公司,广东省深圳市宝安区石岩街道宝石路宝石科技园,高明权,0755-83893997,82975893
烟台奥星电器设备有限公司,山东省烟台市莱山区奥星路1号山东省烟台市莱山区奥星路1号,姜元义,0535-6886726,0535-6886736
浙江司贝宁照明电器有限公司,浙江省金华市永康西城街道烈桥工业基地正大路99号,施志广,0579-89261798,
广东伟锋光电科技有限公司,广东省佛山市顺德区均安镇百安南路279号,欧阳炳生,0757-25517733,0757-25517728
沙伯基础创新塑料企业管理（上海）有限公司,上海市南京西路1266号恒隆广场16层,DAE HYUNGKIM,021-62881088,021-62880819
湖北恒颖超科技有限公司,湖北省鄂州市花湖开发区滨港东路168号,邱俊魁,0711-2383866,0711-2383899
博海华盛（北京）国际广告公司,北京市朝阳区望京阜荣街15号嘉美风尚中心c18底商,张英,13601193886,010-64310761
慧跃艺境（北京)国际广告有限公司,北京市朝阳区顺黄路下辛堡村,徐祥亮,13601208758,010-64328269
东莞市兴煌电子科技有限公司,广东省东莞市长安镇德政路工业城新鸿路64号,罗兴煌,13502885526,0769-82387266
中山市欧曼科技照明有限公司,广东省中山市同益工业园,李小兵,18938781777,0760-22320045
郑州市汇东亮化照明有限公司,河南省郑州市郑东新区商都路5号,刘秋娥,13137138881,0371-66368786
杭州勇电照明有限公司,浙江省杭州市余杭区监平街道望梅路650号,徐松炎,0571-86229515,0571-86229516
广州市意尘广告传媒有限公司,广东省广州市天河区珠江新城花城大道南天广场皇朝阁1307室,谭丽哲,13809779491,020-38295589
广州饰林装饰工程有限公司,广东省广州市达道路10号大院军区文化大厦606室,赖晓丹,020-87618287,020-87651313
郑州正之兴光电照明有限公司,河南省郑州市商都世贸中心802-804,郑俊晓,15803835976,0371-68092703
深圳市百康光电有限公司,广东省深圳市光明新村楼村凤新路新健兴工业园B4栋,周良,0755-29199996,0755-82033711
石家庄广林光电子有限公司,河北石家庄裕华区建通街16号,麻翼鲲,0311-85926728,0311-85926728-8001
建银信达智能科技(北京）有限公司,北京市海淀区阜成路42号中裕商务花园22栋B101-105室,黄建国,010-82250408,010-51717291
佛山市国星光电股份有限公司,广东省佛山市禅城区华宝南路18号,魏翠娥,0757-82109360,0757-82100200-401
江西省晶和照明有限公司,江西省南昌市高新开发区艾溪湖北路699号,王敏,0791-88158588,0791-88159585
漳州市光电行业协会,福建省漳州市芗城区胜利东路23号科技大楼10楼,李其灵,0596-7085366,0596-2928493
武宁鑫杰灯业有限公司,江西省九江市武宁县万福工业园区,李健杰,0792-2831558,0792-2831558
四川文广新建筑智能化工程有限公司,四川成都市金牛区星辉中路16号,赵尧明,028-83387111,028-83387111转613
天津三星LED有限公司,天津市西青区微电子工业区微四路6号,徐准良,022-23885588-1800,022-23887888
湖南信多利新材料有限公司,湖南省邵阳市江北开发区蔡锷路中段,曾少波,13973959922,015107399926转03
三门峡天华广告装饰工程有限公司,河南省三门峡市六峰路与亚源路交叉口2号,王海涛,13839802996,0398-2819778
京东方科技集团股份有限公司,北京市朝阳区酒仙桥路10号,李晓,13910834566,010-84569117
江苏诚赢照明电器有限公司,江苏省建湖县经济开发区光明路168号,廖建华,13901629010,0515-85361990
云南鼎坤科技有限公司,云南省昆明市经开区信息产业园海归创业园10幢,施光荣,13888277798,0817-7419799
澳赛希璞投资咨询（上海）有限公司,上海市西藏中路18号1502室,白舸,021-62892883,021-62892615
佛山市南海区大沥朗达荧光材料有限公司,广东省佛山市南海区大沥横岗莲塘岗工业区,范伟明,13923211568,0757-885505208
陕西日升源创能科技有限公司,陕西省西安市高新区科技四路209号,王晓荣,029-88453046,029-88451645
四川柏狮光电技术有限公司,四川省遂宁市经济开发区德泉路微电子产业园,叶建,0825-2331055,0825-2658788
河南省雷烁照明电器有限公司,河南省郑州市郑东新区CBD商务外环与商务西七街中华大厦29层,张青松,0371-55626777,0371-55636900
河南省雷烁照明电器有限公司,河南省郑州市郑东新区CBD商务外环与商务西七街中华大厦29层,张青松,0317-55626777,0317-55636900
佛山市托维环境亮化工程有限公司,广东省佛山市顺德区龙江镇三联工业园丰华南路70号,谭亚金,0757-233988756,0757-23398715
衡水朗瑞尔科技实业有限公司,河北省衡水武强县码头工业区,李忠敏,18631882199,0318-3786999
北京市京华华电数码科技有限公司,北京市海淀区农大南路启迪科技园9号楼A-205,黄兰,010-82795885-22,010-82795885-41
北京华电星光通用技术有限公司,北京市海淀区农大南路启迪科技园9号楼A-205,朱邦文,010-82795885-22,010-82795885-41
福建省节能灯具出口基地商会,福建省厦门市虎园路科技交流中心601室,马承柏,0592-2024884,0592-2022843
深圳市华思微电子有限公司,广东省深圳市宝安区西乡固戌航城大道银丰工业园C栋4楼,闫志刚,0755-29642874,0755-29553837
吴江新地标节能光源科技有限公司,江苏省吴江市汾湖经济开发区汾湖大道388号,李绍静,137719328170,0512-82078239
惠州市天然光电科技有限公司,广东省惠州市惠城区水口街道办东江工业区,韩党伟,0752-2313959,0752-2312766
浙江乐普光电股份有限公司,浙江省杭州市萧山经济开发区建设二路138号,漏国军,13906717488,0571-89818980
北京中环优耐特照明电器有限公司,北京市大兴区魏永路70号,宋继成,010-61256010,010-61256015
厦门银旭工贸有限公司,福建省厦门市同安工业集中区同安园10-2号地块33号厂房,林麟,13950000387,0592-7196111
江苏森莱浦光电科技有限公司,江苏宜兴经济开发区锦程大道11号,沈立,0510-87822620,0510-87126561
惠州市华阳多媒体电子有限公司,广东惠州市东江高新科技产业园上霞北路1号华阳工业园B区5#,陈世银,0752-5300999,0752-5300895
北京市及时星展示工程有限公司,北京市海淀区北土城西路甲103号,史敬明,010-82082060,010-82027987
杰富意工程技术（上海）有限公司,上海市卢湾区茂名南路205号瑞金大厦1501,伊藤秀?,021-6473-0777,021-6473-6613
厦门文天数码机械有限公司,福建省厦门市集美北部工业区孙坂南路69号,张飞文,0592-6030585,0592-6292399
杭州华普永明光电股份有限公司,浙江省杭州市拱墅区康园路15号,陈凯,0571-88385355,0571-88042207
江门市生活因我而变照明电器有限公司,广东省江门市荷塘镇为民工业区北昌东路4号,李俊杰,0750-3737555,0750-3736999
中山美能照明系统技术有限公司,广东省中山市小榄镇绩东一福安路10号之二,卢泽文,0760-22118003,0760-22118002
亿光电子工业股份有限公司,台湾新北市土城区中央路三段76巷25号,叶寅夫,00886-2-22672000,00886-2-22698146
西安理想华夏科技创新有限公司,陕西省西安市高新区科技路50号金桥国际广场B座21层,孙同?,13363914469,029-88332999
江苏华美照明科技有限公司,江苏省高邮城南经济新区兴区路,陈育,0514-84681168,0514-86664168
天楹（上海）光电科技有限公司,上海市徐汇区桂平路391号新漕河泾国际商务中心,汪振省,18202186588,
天楹（上海）光电科技有限公司,上海市徐汇区桂平路391号新漕河泾国际商务中心,汪振省,18202186588,
河南普利达光电科技有限公司,河南省安阳市国家开发区火炬创业园6号楼,赵玉贤,13903720728,0372-2172885
深圳市富达金照明显示有限公司,广东省深圳市坪山新区汤坑村二路39号,李翔洲,0755-84635699-258,0755-84635709
中山九州光谷商业发展有限公司,广东省中山市小榄镇菊城大道西233号,张利强,15625359999,0760-22559199
营口瀚盈置业有限公司,辽宁省营口市经济技术开发区青龙山大街中段雅威集团三楼,刘文运,15304170606,0417-6276371
郑州仕雷德科技股份有限公司,河南省郑州市经济技术开发区航海东路1364号A作405室,刘正先,0371-55620723,0371-68276105
珠海绿色照明科技有限公司,广东省珠海市国家高新区科技创新海岸科技七路8号B栋四路,陈刚,0756-3630666,0756-3631333
安阳鑫源电子照明有限公司,河南省安阳市中华路与建安街交叉口朝阳花园101号,刘谢玉,13503723422,0372-2228987
江西晶丽照明科技有限公司,江西省南昌市建设西路888号阳光灯饰广场13栋8号,熊哲,0791-6660801,0791-7537691
石家庄互动霓虹光电广告制作有限公司,河北省石家庄市翟营大街39号,刘文跃,0311-88871972,
芜湖中远照明科技有限公司,安徽省芜湖市高新技术产业开发区服务外包园139-2,程红英,0553-3863698,0553-3023898
佛山市中照光电科技有限公司,广东省佛山市南海区西樵镇西岸工业区,区志杨,0757-86807802,0757-86802163
泰安中富兴泰置业有限公司,山东省泰安市青春创业开发区,李天赐,13355186666,0538-5886666
郑州长鑫高科技实业有限公司,河南省郑州市高新区科学大道71号,马鹏羽中,13598433398,0371-67990386
深圳市众明半导体照明有限公司,广东省深圳市宝安区石岩镇塘头宏发科技园A栋,薛信?,0755-33953199,0755-86026609
江苏石诺节能科技股份有限公司,江苏省无锡宜兴市周铁镇中新村,罗文钢,0510-87570885,0510-87570985
深圳市安姆特检测技术有限公司,广东省深圳市南山区大学城学苑大道东（西丽镇塘朗村）安姆特大厦,李浪舟,0755-86000186,0755-86008282
哈尔滨滨岛灯饰亮化工程有限公司,黑龙江省哈尔滨市南岗区征仪花园B102栋9号商服,刘德军,13903613988,0451-84603138
中山市亿尔泰光电科技有限公司,广东省中山市横栏镇茂辉工业区乐丰六路12号,吴兴国,0760-87552098,0760-87552097
合肥桑美光电科技集团有限公司,安徽省合肥市芙蓉路268号芙蓉标准厂房3号A四楼,许大军,0551-3801995,0551-5735608
深圳市嘉艺虹曦电子有限公司,广东省深圳市龙岗区平湖街道华南城P15栋107,梁小双,13928458280,0755-89355065
协鑫光电科技（张家港）有限公司,江苏省张家港市经济开发区,单伶宝,13771988201,0512-66967216
太龙（漳州）照明工业有限公司,福建省龙海市角美工业综合开发区文圃工业园,庄占龙,13806000980,0596-6783878
安徽明威照明器材有限公司,安徽省安庆市岳西县经济开发区,汪久政,0556-2249000,0556-2249666
品耀光电科技（北京）有限公司,北京市石景山区八大处高科技园区黄南苑4号楼1810室,刘武斌,010-88734388,010-88734388
江苏尚明光电有限公司,江苏省连云港市经济开发区临港产业区黄海大道北,张佃环,0518-82351988,0518-82351988
深圳市金流明光电技术有限公司,广东省深圳市宝安区石岩街道塘头南岗第三工业区3栋,朱东亮,0755-29516709,0755-29516769
漳州市吉德龙电子有限公司,福建省漳州市金峰开发区北斗工业园1区14#16号,郑亚苹,0596-2570688,0596-2672929
深圳市璇林电子科技有限公司,广东省深圳市龙岗区坂田五和大道41号和勘工业区A区5栋4楼,申金泉,0755-89958400,0755-89580930
常熟鑫矽太阳能科技有限公司,江苏省常熟市东南经济开发区澎湖路8号,韩文华,0512-52906000,021-67866508
深圳市航嘉驰源电气股份有限公司,广东省深圳市坂田坂雪大道航嘉工业园,沙清华,13632665060,89606333-6726
上海卓一电子有限公司,上海市浦东新区航头路118号（大麦湾工业园区）,黄建光,021-33750266,021-33893668
天津市五联科技有限公司,天津市武清区景福公路（黄庄段）189号,顾浩,022-22140888,022-22142786
江苏绿仑新能源科技有限公司,江苏省常州市金坛市华城中路500#A座,李春晓,0519-2860688,0519-2860100
西安超光电子科技有限公司,西安市经济技术开发区凤城一路13号,徐社会,029-86524942,86524941
锐高照明电子（上海）有限公司-,上海市天山西路799号3号楼,阎振国,021-52400599,021-52400230
无锡实益达电子有限公司,无锡实益达电子有限公司,,0510-88633259 13656171278,0510-88653260
瑞尔德（太仓）照明有限公司,江苏省苏州市太仓港港口开发区银港路99号,杨知华,18913761628,0512-53993983
广州市雅江光电设备有限公司,广东省广州市花都区花山镇华辉路18号,陈家强,020-86947788,86947788-102
武汉喜玛拉雅光电科技有限公司,湖北省武汉市东湖开发区光谷大道1号,郭曼,027-87801582,87805009
无锡南天安全设施有限公司南京分公司,江苏省南京市溧水县东屏集镇,黄国兴,0510-83313959,83313959
重庆星河光电科技有限公司,重庆市渝北区双凤桥街道茂林路9号2幢,裴勇,023-67382299,67382299
广宏铭悦（北京）科技有限公司,北京市朝阳区光华路甲9号世贸天阶时尚大厦802室,朱雅宁,010-65872616,65872616
浙江国之光电器科技有限公司,浙江省嘉兴市海盐原工业区盐齐路12号,夏昌明,0573-86095888,86829999
东莞三星电机有限公司,广东省东莞市寮步镇横坑村,金洛铉,0769-83305000,83305001
宁波东海电子科技有限公司,浙江省宁波市慈溪市慈东工业区,岑立明,0574-63511188,63506158
上海爱森朋电子科技有限公司,上海市闵行区莲花南路1500弄8-9号602室,杨琦,021-33507615,64894885
广东奥其斯科技有限公司,广东省东莞市虎门镇怀德村深巷工业区,罗嗣国,13826950052,0769-38852009-855
北京宜生创投科技发展有限公司,北京市朝阳区裕民路12号元辰鑫酒店410室,赵伯南,010-82251777,82252158
台达电子（东莞）有限公司,广东省东莞市石碣镇鹤田厦高新技术科技园,柯子兴,03-4526107,03-4527314
上海一红照明电器有限公司,上海市普陀区新村路100号,何强,13801689657,
新乡市红旗区晨鸣照明工程有限公司,河南省新乡市人民路中段金桂圆1号楼5单元2楼西户,郑新生,0373-2037068,0373-2037068
河北鹏达新材料科技有限公司,河北省曲周县骆庄工业区,骆树立,0310-8987341,0310-8986538
长春旭虹电力设备有限公司,吉林省长春市南关区桃源街道办事处东天小区2号3门,李霞,13194380089,0431-64214882
北京工正装饰工程有限公司,北京市朝阳区安外小关东里10号院6号楼裙房,张建伟,010-64912964,64913194
北京京彩霓虹灯安装有限公司,北京市朝阳区平房乡亮马厂周转房4巷11号,许健,13001188221,010-85522590
甘肃兴盛照明科技有限公司,甘肃省兰州市城关下沟16-20号（田园之家1楼）,范昭,0931-8405613,8472512
安徽皖投新辉光电科技有限公司,安徽省合肥市经济技术开发区芙蓉路北芙蓉路3#D厂房,徐滨,15256998068,0551-3674596
宁波泰威特电器有限公司,浙江省余姚市泗门镇工业园区,沈桂莲,0574-62128016,62128008
宿迁斯莱特电器有限公司,江苏省泗阳县经济开发区珠海路23号,刘洪,0527-85298800,85227378
江西索普信实业有限公司,江西省万年县丰收工业区索普信产业园,叶想发,0793-3858818,3858333
益阳市鹏程科技发展有限公司,湖南省益阳市资阳区大金路42号,汤淑珍,0737-2221166,2221160
江苏华兴电子有限公司,江苏省金坛市指前镇工业集中园区,徐志明,0519-82755508,82751396
建湖精茂光源有限公司,江苏省建湖县经济开发区永兴路899号,庄宏华,0515-86251846,86253796
江苏东林电子有限公司,江苏省建湖县经济开发区永兴路777号,潘俊生,0515-87111699,87111688
建湖县生辉照明电器有限公司,江苏省建湖县颜单镇人民路98号,卢生,15061666999,0515-865155688
建湖坤杰照明科技有限公司,江苏省建湖县宝塔镇振兴路166号,陶明成,0515-86350666,86350999
陕西金山照明设备工程有限公司,陕西省西安市太华南路17号,金山,13891985898,029-84428360
克兹米商贸（上海）有限公司,上海市小木桥路251号1201室,陆建平,021-34160126,54960450
三星LED,上海市延安西路2201号上海国际贸易中心1211室,俞龙勋,0755-860855500,86085566
杭州亮亮电子照明有限公司,浙江省临安市杨岱路68号,汪祖平,0571-63961058,63961078
桐乡市耀润电子有限公司,浙江省桐乡市龙翔工业园,陈有标,0573-88797311,88797399
珠海市珈玛灯具制造有限公司,广东省珠海市斗门区白蕉镇新沙工业区五围水闸南,刘少群,0756-5516880,5516000
福建立达信集团有限公司,福建省漳州市长泰县兴泰开发区,李其灵,13806009001,0596-8317580
天津工业大学半导体照明工程研发中心,天津市河东区成林道63号,牛萍娟,022-24528091,022-24528164
东莞百分百科技有限公司,广东省东莞市光明管理区百分百科技园,安波,0769-22637999,0769-22637988
山东丰源电子科技有限公司,山东省济宁市山东微山经济开发区,王卫东,13953756883,0537-8269689
深圳先行电子有限公司,深圳南山区西丽南岗第二工业园1栋4-6楼,李青松,0755-27653476,0755-27653066
广州金凯新材料有限公司,广州市天河区柯木?高塘工业园高普路３８号,周再军,020-87011388,020-87011256
厦门市集美职业技术学校,福建省厦门市集美区杏滨街道瑶山路41#,杜志忠,0592-6210159,0592-6210159
四川鼎吉光电科技有限公司,四川省遂宁市开发区泰吉路1号电子产业园区,陈福春,0825-5891909,5891981
东莞宏灿光电制品有限公司,广东省东莞市长安镇上角管理区红棉路3号,杜建桦,0769-82385393,82387963
中山市光阳电器有限公司,广东省中山市小榄镇西绩西联合一村工业区,陈少藩,0760-2116829,0760-2116189
威友光电（苏州）有限公司,江苏省苏州市工业园区唯亭镇葑亭大道68号,张宗仁,0512-62745688-5301,0512-52744016-5305
河南省济源市荣泰电光源有限公司,河南省济源市河苑街3号,张元荣,0391-6630777,6630777
慈溪市伟依特照明电器有限公司,浙江省慈溪市三北镇工业区,孙继国,0574-63736930,0574-63736937
厦门华澄照明科技有限公司,福建省厦门市环东海域湖里工业园美溪路75号,王全忠,0592-7119568-809,7115518
佛山市质量计量监督检测中心,广东省佛山市南海区狮山大道科技路口,李旭辉,13902417643,0757-83982447
温州中电照明电器有限公司,浙江省温州市黎明乡横渎第一工业区,胡长乐,13906647692,0577-88920078
濮阳市鑫霸电子有限公司,河南省濮阳市黄河路东段老东环路口,乔广省,0393-4234444,0393-4234888
吉林省启能正茂电力设备有限公司,长春市南关区东天小区八号楼一门303,李楠,0431-82293822,0431-82293822
泊头市金明电器有限责任公司,河北省泊头市开发区双狮赵村,张宏恩,0317-8314378,0317-8316378
佛山市顺德区绿福照明电器有限公司,广东省佛山市顺德区勒流镇江村工业区西四路10号,伍锦源,0757-25538053,25538052
四川科维实业有限公司,四川省成都市西南航空港经济开发区长江路三段19号,曹型勇,028-86088181,028-86086767
深圳市洲磊电子有限公司,深圳市宝安区福永镇新和村同富裕工业区,林?锋,0755-29918999,0755-29912092
泰兴市永志电子器件有限公司,江苏省泰兴市泰兴镇三联村,熊志,0523-87599818,87598118
西安立明电子科技有限公司,西安市高新区锦业路69号创业研发园A区10号,穆一经,029-88586050,029-88316732
深圳市业创兴照明电器有限公司,深圳市罗湖区宝岗路华建工大厦三楼,许文鹏,13829188122,0755-82433967
陕西彩虹光电材料总公司,陕西省咸阳市彩虹路一号,周凯旋,029-33332756,33332036
立晶光电（厦门）有限公司,福建省厦门市火炬园创新路9号立晶科技大厦,李天恕,0592-6026011,0592-6026013
宁波市照明电器行业协会,浙江省宁波市海曙区马园路262号马园大厦12楼A4 A6,王林康,0574-87131181,87124828
大连九久光电科技有限公司,辽宁省大连市瓦房店西郊工业园区,施伟力,0411-85567818,0411-85567802
广州市鸿利光电子有限公司,广州市花都区汽车城东风大道西侧,李国平,020-86733333,020-86733777
上海隆光蜃景光电科技有限公司,上海市闵行区中春路7615号,谢金崇,021-51699889,021-51561656
上海蓝宝光电材料有限公司,上海市松江区文俊路2号,梁秉文,021-57763636,021-57767928
上海鼎晖科技有限公司,上海市北京东路668号西楼8J座,李建胜,021-53084555,021-53084333
上海广茂达灯光景观工程有限公司,上海市钦州北路1122号90栋11楼,恽为民,021-64952827,021-64953936
栾川县飞龙广告亮化有限公司,河南省洛阳市栾川县伏牛路中段,崔五姓,13937993895,0379-66830055
郑州市大家乐霓虹照明工程有限公司,河南省郑州市中原区,刘志刚,13837102559,0371-67526826
南京东信霓虹照明有限公司,南京市集庆路123号E-F座,虞元祥,025-52230322,86622892
北京恒伟宗泰科技发展有限公司,北京市海淀区远大路1号金源商务中心B区1206,曾民,010-88863352-899,88863352-802
西安创联电容器有限责任公司,陕西省西安市高新区电子工业园电子西街3号,袁镇,029-68522880,88224471
北京金旺来装饰工程有限公司,北京市大兴区黄亦路甲66号,郑玉琼,010-61282866,61280058
富士迈半导体精密工业（上海）有限公司,上海市松江区西部科技园区文吉路500号,曹治中,021-37731888-0,57767988
九朗光电（深圳）有限公司,广东省深圳市宝安区观澜镇黎光村新科工业园E栋,杨真,0755-88866308,29845500
中山市思雅特照明电器有限公司,广东省中山市小榄镇荣华南路21号,潘志标,0760-22555618,2255616
沙市职业大学,湖北省荆州市沙市区长港路8号,童应学,0716-8271799,8253806
奥的亮（深圳）光电科技有限公司,广东省深圳市福田区车公庙泰然九路海松大厦A座103,项威,021-52657725,52657726
光普电子（苏州）有限公司,江苏省苏州高新区长江路735号,杜顺利,0512-66655226-81000,66655229
湖南艾华集团股份有限公司,湖南省益阳市桃花仑东路（紫竹路南侧）,王安安,13501596380,0737-6182229
宜兴海浪电器设备有限公司,宜兴市经济开发区庆源大道,张军,0510-80206800,80200111-8000
深圳市英士康科技有限公司,深圳市布吉镇南岭村黄金北路7号4楼,郭强,0755-28721662,84170408
上海全一通讯技术有限公司,上海全一通讯技术有限公司	上海市漕宝路82号光大会展中心E座2301-2304,李明杰,021-64325212-8886,64325212
宿迁市嘉润照明有限公司,江苏省泗阳开发区深圳路33号,刘同斌,0527-85680888-801,85377021
西蒙电气（中国）有限公司,江苏省海安经济开发区西蒙路1号,朱建国,0513-88918080,88917291
深圳市凯信光电有限公司,深圳市南山区西丽镇南湾工业区7栋2楼南区三楼,吴少红,0755-26703807,26703870
杭州临安新联电器工业有限公司,浙江市临安市高虹镇明苑路三号,黄新法,0571-63778578,63777281
东莞市八德电子有限公司,广东省东莞市桥头镇石水口村庆安街18号,莫杨安,0769-81029999,81029855
诺光照明（苏州）有限公司,江苏省苏州工业园区娄葑东区东景工业坊53号厂房,丁万春,0512-65935585,65935998
山东淄博科明电器有限公司,山东省淄博市周村区体育场路537号,陈炜,0533-6800888,6812898
浙江北光照明科技有限公司,浙江省嘉兴市海盐县经济开发区东港路33号,林道静,0573-86570666,86570667
东莞市宝利节能有限公司,广东省东莞市东坑镇平谦工业园F幢,黄首仁,0769-88450088,88450089
富士迈半导体精密工业（上海）有限公司,上海市松江工业区西部科技园区文吉路500号,胡继忠,021-37731888,57760099
浙江亚宝光电科技有限公司,浙江省台州市椒江星星电子产业区A10号楼,黄卫春,0576-89089228,88012666
北京牛尔宏泰新能源有限公司,北京市顺义区新顺南大街仓上商业楼37号2单元4楼,张新晖,010-69420713,69421770
益阳市和天电子有限公司,湖南省益阳市龙岭工业园,陈宏志,0737-4688555,4688513
北京为华新光电子有限公司,北京市海淀区上地四街8号201-212,都金龙,010-62980175,62965639
广东太格尔电源科技有限公司,广东省汕头市潮南区司马浦溪美朱太格尔工业园,朱可成,0754-87713999,87712288
广州秋收照明科技有限公司,广州市天河金颖路1号金颖大厦1608号,赵健强,020-38319200,38319207
山东浪潮华光照明有限公司,山东省济南市高新区舜雅路1036号S05楼北区5层,武立忠,0531-86133066,86133000
晋城市长亮照明电器有限公司,山西省晋城市太行路312号,段高峰,0356-2223865,2026861
深圳正耀丽康光电科技有限公司,深圳市宝安区西乡宝民二路伟信达大楼6层,蓝文新,0755-61139281,61139280
宁波市照明电器行业协会,浙江省宁波市海曙区马园路262号马园大厦12楼A4-A6,王林康,0574-87131181,87124828
北京新赛欧意照明电器有限公司,北京市朝阳区平房乡黄渠村村西,陈荣,010-65476486,65477939
上海宝临防爆电器有限公司,上海市宝山区铁峰路477号,谢斌,021-63099999,33793330
永林电子（上海）有限公司,上海市虹梅南路3509弄298号B5栋,林銮凤,021-64978076,64978079
浙江聚光科技有限公司,浙江省温州经济技术开发区九龙山路50号,诸建平,0577-88986666,88987778
广东龙诚电子玻璃有限公司,广东省揭阳市揭东县云路镇,谢炳文,0663-3228988,3220999
常州罗尔刚新能源有限公司,江苏省常州市芙蓉工业集中区,赵仰高,0519-88769958,88760290
西门子（中国）有限公司 西门子中国研究院,上海市浦东新区浦东大道1号中国船舶大厦20层,Bandyopadhyay, gus,021-38894162,38893851
武汉武钢艾克普节能电器有限责任公司,湖北省武汉市青山区冶金大道14-6#,于学洋,027-86882145,86882145
广东顺祥节能照明科技有限公司,广东省潮州市枫溪区如意路1号,林伟河,0768-2923999,2923929
比利时巴可有限公司上海代表处,上海市徐汇区汾阳路138号701室,唐朝晖,021-60912222,54655502
北京住美嘉业经贸有限公司,北京市朝阳区北四环小营安慧东里16号楼1702室,吴传炎,010-84911871,84911871
南通市松日电器有限公司,江苏省南通市人民东路68号,蒋昭浩,13813738999,0513-85156781
浙江舜力特照明灯饰有限公司,浙江省上虞市小越镇越谢路口,陈宝华,0575-82038888,82030033
上海安美特铝业有限公司,上海宝山城市工业园区振园路258号,邓大伟,021-36162179,36162213
宜兴市永和光电材料有限公司,江苏省宜兴市新庄镇秀阳村,钱君南,0510-87561100,87567222
福建雨露光电科技有限公司,福建省武平县工业园,廖树南,18959071860,0597-4835866
厦门现代半导体照明产业化促进中心表处,福建省厦门市虎园路2号客机交流中心405,,0592-2020375,2028645
江苏京元节能环保有限公司,江苏省宜兴市新庄工业园,王盘元,0510-87563888,87566678
吴江市华安电器有限公司,江苏省苏州吴江市松陵镇八坼社区,魏荣华,0512-63369895,63369870
江苏京元节能环保有限公司,江苏省宜兴市新庄工业园,王盘元,0510-87563888,87566678
慈溪中发灯饰有限公司,浙江省慈溪市经济开发区杭州湾新区滨海大道南侧商贸街3号楼,陈建锋,0574-63225088,63225020
宜兴市恒辉五金灯具有限公司,江苏省宜兴市新西路加油站边,王赛君,0510-87566899,87568860
宁波腾隆户外用品有限公司,浙江省宁波市鄞州区鄞江镇四明东路111号,刘坚,0574-88193886,88193886
中山市鸿彩照明科技有限公司,广东省中山市横栏镇茂辉工业区B区乐丰六路1号,李健,0760-7761241,7610678
德莎（北京）照明电器有限公司,北京市大兴区庞各庄镇隆兴大街2号,解凤立,010-69282028,69282068
浙江奥司朗照明电器有限公司,浙江省温州市龙湾区天河镇工业区,朱求强,0577-86827777,86815838
佛山市康荣精细陶瓷有限公司,广东省佛山市南海区罗村镇朗沙管理区工业大道,薛锡荣,0575-86430099,86430170
浙江九阳光电有限公司,浙江省江山市上余经济开发区兴工七路18号,刘天辉,0570-4352001,4352000
福建信实节能照明有限公司,福建省云霄县云陵工业开发区,罗明祥,0596-8505666,8825111
上海意邦置业有限公司,上海市青浦区重固镇北青公路6289号,张许秀,021-51782888,51782878
江西联创博雅照明股份有限公司,北京市经济技术开发区运城街3号,傅骏,010-67873901,67877271
厦门海莱照明有限公司,福建省厦门市集美区锦园东路398号,许良文,0592-6660298,6660266
宜兴市舟敏灯业有限公司,江苏省宜兴市新庄街道,邵旭峰,13706151658,0510-87565658
宜兴市立邦电子有限公司,江苏省宜兴市新庄工业集中区南阳村,陈生敖,13338759926,0510-87022070
宜兴市金碧灯饰有限公司,江苏省宜兴市新庄街道新庄街,黄祥娇,0510-87566666,87564336
宜兴市晨虹照明电器有限公司,江苏省宜兴市新庄街道东街,吴建新,0510-87561556,87564556
宜兴市申光科技有限公司,江苏省宜兴市新庄街道工业集中区,闵水芳,0510-87561028,87567818
宜兴市星海电光源有限公司,江苏省宜兴市新庄镇唐角村,周雷明,0510-87564899,87565318
宜兴世达胜照明有限公司,江苏省宜兴市新庄街道工业园区新西路,陈秀蕊,13921382588,0510-875651
宜兴市华宇电光源有限公司,江苏省宜兴市新庄街道,蒋亦强,0510-87567221,87569370
宜兴市华庆电器有限公司,江苏省宜兴市新庄街道兴科路28号,吴静,0510-87561010,87569119
宜兴市良辉照明有限公司,江苏省宜兴市新庄镇新庄街,鲍汉君,0510-87561167,87563586
宜兴市新启照明电器有限公司,江苏省宜兴市新庄镇新庄西街,闵宝元,0510-87561107,87569959
福建鸿博光电科技有限公司,福建省福州市金山开发区金达路136号,叶晓平,0591-88072829,83053222
大同市立达明众装饰有限责任公司,山西省大同市振华南街甲7号院内,董福海,0352-2093050,0352-2093050
哈尔滨府明电器有限公司,哈尔滨道外区延平街24号,庞洪艳,0451-82555917,0451-82524528
河南富莱仕霓虹灯照明工程有限公司,河南省郑州市金水区农业路74#中银国际5F,于云龙,0371-65730000,0371-65820346
石家庄市霓虹广告实业有限公司,河北省石家庄市联盟路联强小区,姚贤贤,0311-87751710,0311-87708836
余姚市梁弄灯具市场服务有限公司,浙江省余姚市梁弄镇湖东工业区,涂光国,0574-62359999,0574-62359766
杭州水平霓虹灯灯饰设计制作工程有限公司,浙江省杭州市莫干山路861号,王水平,0571-88094101,
山东金太阳照明有限公司,山东省肥城市工业三路西首,郝冰清,0538-3393777,3393222
天津市霓虹电器装饰有限公司,天津市河北区动力工业园区,王津端,022-26226582,
北京江源日盛声光器材有限公司,北京市海淀区永定路长银大厦4A-07,李建波,010-58895085,010-58895086
杭州临安茂龙电子有限公司,浙江省杭州临安市高虹镇,翁满龙,0571-63778388,63778688
天津市兴发科技工程有限公司,天津市南开区白堤路244号206室,孙文生,022-87890718,022-87890468
福建龙岩京展节能照明有限公司,福建省龙岩市永定莲花工业区,章仁平,0597-5639996,0597-5639338
天津华福城市景观工程有限公司,天津市南开区南丰路义兴里140号,王金,022-27475388,022-27453208
上海沪陈灯具制造有限公司,上海市南灶六社陈桥南六公路1779号,唐龙伯,021-58167399,021-58167659
扬州福泰照明有限公司,江苏扬州市鸿扬路20号文汇工业区A9栋,潘荣祥,0514-87960452,87960472
北京乾常泰照明工程有限公司,北京市朝阳区惠新西街18号B座3A03A室,曾朝阳,010-64974614,010-64979420
广州亮而丽灯饰有限公司,广东省广州市花都区花山镇新和工业区,刘丹,020-86958328,020-86959451
北京精艺挚成广告设计制作有限公司,北京市大兴区西红门镇国华路20-1号,王连合,010-60220608,010-60291477
秦皇岛嘉隆高科实业有限公司,河北省秦皇岛市海港区港城大街69号,张英杰,0335-3066567,0335-3063311
东莞广殿电子有限公司,广东省东莞市长安镇振安路,陈球南,0769-85317295,0769-85317294
北京市延庆县润达霓虹灯制造中心,北京市延庆县妫水北街路西29号,蒋润东,13301395750,
潮州三环（集团）股份有限公司,广东省潮州市凤塘三环工业城,陈钟平,0768-6855925,0768-6855921
南通星辰电子有限公司,江苏省南通市港闸开发东区国强路19号,李志刚,0513-82032111,0513-85666951
上海莱易信息科技有限公司,上海市浦东新区金桥路金桥公寓810室,郑忠兵,021-50315225,021-50315225
无锡中科绿能科技有限公司,江苏省无锡市新区科技园4区-302-B,陈志学,0510-85106470,0510-82476612
河南力亚光源机械有限公司,河南省博爱县文化路东段,黄义雄,0391-8696089,0391-8696069
上虞大东南照明有限公司,浙江省上虞市东关工业园区,柯建锋,0575-2577111,0575-2571168
北京集美家居大世界市场有限公司,北京市丰台区永外大红门西马场甲14号,赵建国,010-87885378,010-87885398
宁夏普利特电器设备有限公司,宁夏银川市新华东街金泰大厦B座七楼,苏玉梅,0951-6039016,0951-6039023
厦门现代半导体照明产业化促进中心,福建省厦门市虎园路2号客机交流中心405,何开钧,0592-2020375,0592-2028645
中山市同济科技照明有限公司,广东省中山市横栏镇茂辉工业区乐封六路1号,刘启盛,0760-3377906,0760-3377919
赛斯吸气剂（南京）有限公司,南京市新生圩新港大道56号,Raymond  li,025-85801643,025-85801639
北京索莱特电子有限公司,北京大兴西红门星光巷7号,张鲁平,010-60248170,010-60247110
杭州恒欣广告照明工程有限公司,浙江省杭州市下城区仙林苑18幢1-302室,姚敏,0571-87786221,0571-87786220
中海阳（北京）能源科技有限公司,北京市昌平区高科技园富康路18号,薛力铭,010-51294999,010-51294999-802
重庆万利达科技有限公司,重庆市南岸区玉马路8号（科技创业中心融慧楼B区3号）,庄集阳,15823926871,023-86376830
北京东方亮点照明技术工程有限公司,北京市朝阳区首图东路5号1号楼37B,秦兆河,13801269710,010-87361415
汇高（北爱尔兰）电子有限公司北京代表处,北京市东城区东中街40号元嘉722室,叶世琴,010-51692605,010-51692606
大庆市金彩光亮化工程有限公司,黑龙江省大庆市萨尔图区会战西路1号,范志有,0459-6327588,0459-6327588
宜兴市宏力灯杆灯具有限公司,江苏省宜兴市万石镇港北路64号,吕国锋,0510-87846800,0510-87846959
合盛恒基（北京）科技有限公司,北京市朝阳区汤立路218号,陈海涛,13811215912,010-84675399
延边东景广告有限公司,吉林省延吉市局子街116号,李京姬,0433-2562928,0433-2562928
扬州市伏特钢杆照明有限公司,江苏省扬州市北郊送桥镇工业园区,刘俊,0514-4212049,0514-4217999
郑州明亮霓虹灯灯饰有限公司,郑州市金水区庙李镇陈砦村渠东路东,武松,0371-63563627,63563627
济宁霓虹王电子有限公司,山东省微山县经济开发区南首,赵庆恩,0537-8224060,0537-8222799
济宁彩虹霓虹广告装饰中心,山东省济宁大学斜对,扬来峰,0537-2351538,
章丘市正达霓虹灯公司,山东省章丘市吕家村,韩云茂,0531-83230366,
北京融创广告有限公司,北京市朝阳区朝外大街朝外门写字中心B座B26层,刘晓鹏,010-85653211-266,85653733
天基电气（深圳）有限公司,深圳市龙岗区龙岗镇新生工业区天基工业园,叶平东,0755-84889999,0755-84889800
扬州松山机电有限公司,江苏省高邮市送桥镇工业园区,胡金松,0514-4212188,0514-4215188
郑州市新光源霓虹灯器材有限公司,河南省郑州市管城回族区烟厂西街30号,荆小选,13838328079,
扬州市通明电器有限公司,江苏省高邮市送桥工业园区,王明山,0514-4218668,0514-4212064
南昌美霓光环境科技发展有限公司,江西省南昌市昌北园区经济技术开发区双岗西大道油田水厂北侧,韩起文,13870687277,
佛山市南海区豪正电子有限公司,广东省南海区贵城北约工业区H座三楼,梁妙娟,0757-86367118,0757-86313160
佛山市光明之城新光源投资有限公司,佛山市南海区罗村街道罗湖一路31号,陈志强,13929929980,0757-81807711
广州市海珠区星光霓虹灯工程部,广州市海珠区江燕路317号自编4号,李健存,13808886544,020-84371019
扬州市龙腾照明器材有限公司,江苏省高邮市送桥镇工业区,龙慧斌,0514-4218888,0514-4212678
承德市雪松广告有限公司,河北省承德市新华路新华园B座1单元403室,胡雪松,13832477708,0314-2068778
昆明市五华区梁源七彩霓虹灯制作部,云南省昆明市五华区梁家河梁源五社富祥巷37号,顾德华,0871-8217938,0871-8217938
扬州市星慧照明有限公司,江苏省扬州北郊送桥镇尤加工业园区,胡广太,0514-4213999,0514-4216999
成都市武侯区七彩霓虹灯电器经营部,四川省成都市育林小区七巷1号22幢1号3单元1楼1号,陈云,028-85548479,028-85548479
北京富彩霓虹灯商社,北京市朝阳区安贞里2区2号楼10层5号,谭敦富,13701189195,010-62045625
扬州市宝德照明器材有限公司,江苏省扬州市北郊送桥镇,张宝生,0514-4213968,0514-4021002
佛山市南海区电光源灯饰照明行业协会,佛山市南海区罗村北湖三路华南电光源灯饰城4楼,钟信才,0757-82811393,82816276
吉林省都市灯光安装有限公司,吉林省长春市二道区四通路44-1号,张平,0431-4975875,0431-4975875
江苏苏发照明实业有限公司,江苏省高邮市郭集镇苏发路1号,陈正明,0514-4245999,0514-4242047
东莞市宏磊达电子塑料有限公司,广东省东莞市东城区下桥工业园区R栋厂房,姚斌,13922987330,0769-87070009
北京凯世辉霓虹广告公司,北京市朝阳区小红门龙爪树26号,牟思兆,010-87697286,010-87690240
山西日报报业集团广告中心霓虹灯厂,山西省太原市双塔寺街124号,李伟,0351-4281678,0351-4282121
桐乡市生辉照明电器有限公司,浙江省桐乡市乌镇镇民合经济园,沈锦祥,0573-83963008,83963001
南京中亚霓虹广告有限公司,南京市古平岗18号405室,赵勇,025-83725093,025-83728517
北京双仕纪文化传播有限公司,北京市朝阳区十八里店乡陈家村甲21号,盛春玲,010-67474583,010-67474584
广东星运照明电器有限公司,广东省佛山市顺德区勒流镇主河路段,伍兆明,0757-25333555,25333538
青岛万通时达电子有限公司,青岛市四方区兴隆二路5号,孙兆波,0532-88633834,0532-83775630
深圳市优之阳科技有限公司,深圳市福田区泰然九路盛唐大厦西座2009室,肖显全,0755-83229007,83221226
江苏天龙照明电器有限公司,江苏省高邮市郭集工业园区,吴雪山,0514-4245839,0514-4242139
沈阳中大霓虹灯制作有限公司,辽宁省沈阳和平北街7号,李先光,024-2300068,024-23406443
常州飞拓模塑有限公司,江苏省常州市新北区九龙工业园88号,钱为明,0519-5193510601,0519-3249008
沈阳松年环艺照明工程有限公司,辽宁省沈阳市皇姑区昆山东路10号,代英强,024-86204546,86205649
深圳市企荣科技有限公司坂田分公司,广东省深圳市龙岗区坂田龙璧工业城14栋4层东,邹兆辉,0755-84196110,84193322
新高电子材料（中山）有限公司,广东省中山市火炬开发区沿江西一路6号,张家骥,0760-23696688,23695180
江苏省飞花灯饰制造有限公司,江苏省高邮市郭集镇,胡兴才,13905270492,0514-44244063
昆山孟仕玻璃制品有限公司,江苏省昆山市巴城镇新澄路,孟善永,0512-57651206,0512-57658018
沈阳市和平区夏明霓虹器材经营部,辽宁省沈阳市和平区胜利南路233号,徐辉,024-23392448,
江苏华辉照明电气有限公司,江苏省靖江市城南工业园区富阳路8号,王缤,0523-84350002,84350080
佛冈佛光照明有限公司,广东省清远市佛冈县汤塘镇荣埔科技园,林伟荣,0763-4634229,0763-4634095
扬州金源灯饰有限公司,江苏省高邮市郭集工业园区,赵进,0514-4244348,0514-4246068
沈阳华新照明科技有限公司,沈阳市东陵区白塔南街3-3号,肇广维,13304015529,024-83751967
贵阳南龙霓虹灯铜字招牌厂,贵州省贵阳市见龙洞路32号,梅黔亮,0851-5204090,0851-5204090
唐山市利群电力科技有限公司,河北省唐山市路南区文化路7号,焦希群,0315-3819808,0315-3859055
西平县华阳电子有限公司,河南省西平县东大街裴家段,田宏陆,0396-6231204,6236453
扬州市兴泰钢杆照明器材有限公司,江苏省高邮市郭集镇,池卫星,0514-4245777,0514-4242187
深圳市唐德机械有限公司,深圳市公明镇李松朗通洲工业园F栋,周劲松,0755-27680880/29871200,29871281
甘肃瑞图城市景观照明工程有限公司,甘肃省兰州市一只船北街1号黄楼商厦1904号,冯启瑞,0931-4810171,0931-4810170
河南濮阳市中原油田金明电子有限公司,河南省濮阳市开发区黄河路西段,王执顺,0393-4638376,2005年1月
扬州市宝尔特钢杆电器有限公司,江苏省高邮市郭集灯具科技园,万宝林,0514-4242950,0514-4246340
郑州市亮化照明工程有限公司,河南省郑州市金水路109号（佳美商务一楼）,刘本智,0371-65353116,0371-65363119
北京万华金属压延有限公司,北京市顺义区潮白河大桥东,赵洪强,010-89470290,010-89470290
镇江市广诚电气科技有限公司,江苏省扬中市江洲广场1号瑞克大厦,李岚,0511-82883989,88221089
河南三原色霓虹广告有限公司,河南省郑州市金水路5号-8号,刘雪梅,0371-65993555,0371-65961538
浙江永通科技发展有限公司,浙江丽水市天宁工业区311号,朱周火,0578-2261978,0578-2622114
江苏奥兴光电科技有限公司,江苏省扬中市江洲广场1号瑞克大厦,缪晴文,0511-88390882,88390883
郑州市管城区金鼎霓虹招牌商行,河南省郑州市东明路43号附9号,刘风勤,0371-66370023,0371-66370023
江苏托普照明有限公司,江苏省高邮市郭集工业园区,张钢,0514-4248699,0514-4248699
佛山市顺德区福田电器有限公司,广东省顺德区勒流镇勒流港集约工业发展开发区C06-1号,李四清,0757-25339701,25535087
郑州新能源照明科技有限公司,河南省郑州市经二路二号中州都会广场3号楼1101,杨松林,0371-65833567,0371-65833267
四川共生照明电器贸易有限公司,四川省成都市龙泉驿区十陵镇,全长志,028-86132118,028-84602342
上海洲凯电子科技有限公司,上海市闵行区罗阳路168号第2幢303室,吴巧芳,021-64774399,64774366
扬州市华夏灯业制造有限公司,江苏省高邮市郭集工业园区,曹学文,0514-4242015,0514-4246555
河南省新乡市能达照明工程有限公司,河南省新乡市和平大道中39号,王宝明,0373-3039386,0373-3039386
浙江石狮商贸城,浙江省杭甬告诉公路上虞道,石海森,0575-2033555,0575-2033111
郑州能达照明工程有限公司,河南省郑州市郑汴路126号,曹建国,0371-66518338,0371-66516210
上海沪成照明电器有限公司,上海市嘉定区曹王镇红星路379号,李珍珍,021-59940156,021-59940155
松下电工（中国）有限公司,北京市朝阳区建国路79号华贸中心2号写字楼6层,山本晃弘,010-59255988,59255888
中国中轻国际工程有限公司（原中国轻工国际工程设计院）,北京市朝阳区白家庄东里42号,张新建,010-65826121,010-65823590
焦作市丽达霓虹灯制作中心,河南省焦作市解放中路204号,买凤芝,0391-2923803,0391-2923803
六合县三鹿电子材料厂,江苏南京市六合区瓜埠镇单桥村,毛书进,025-57631911,025-57631911
北京高通科技公司,北京市海淀区长春桥路5号4-1605室,张剑霖,010-82564068,010-82564070
天津市凯歌广告有限公司,天津市红桥区委后院平房三号,李俊,022-26374991,022-26374991
北京光源时尚科技有限公司,北京市马连道高楼村49号百业商务会馆B座201室,马海,010-63437219,010-63362979
深圳市格瑞特电子有限公司,广东省深圳市福虹路世贸广场A座3302-03室,朱奇,0755-83511861,83001598
天津市津彩城霓虹灯厂,天津市红桥区教军场大街1号,谢建平,022-27325972,022-27325972
营口市电光源材料有限公司,辽宁营口市老边区钢铁村,万德俊,0417-3501366,0417-3501399
高邮市灯具行业协会,江苏省高邮市郭集工业园区,赵方庆,0514-4242002,0514-4242665
沈阳富有照明电器厂,沈阳市于洪区光辉乡门台村,胡金花,024-89269333,024-89269333
惠州市西顿工业发展有限公司,广东省惠州市水口东江工业区祥和西路A17,胡景文,0752-2325598,2325688
江都市亚联照明器材有限公司,江苏江都市双沟新河开发区,徐加同,0514-6292898,0514-6290198
浙江求是信息电子有限公司,浙江省湖州市江丰西路1633号,汪卫国,0572-2166611,2166699
鹤山市广明源照明电器有限公司,广东鹤山市沙坪镇汇源管理区,洪燕南,0750-8821998,0750-8822326
东莞市贻嘉光电科技有限公司,广东省东莞市茶山镇霞坑村塘角管理区,吴新伟,13829232567,0769-86866073
中山市尚蒙照明有限公司,广东中山市横栏镇茂辉工业区,陈锦松,0760-7611116,0760-7611126
深圳三升高科技股份有限公司,深圳市高新技术产业园北区朗山二路三升大厦,王桥立,13902480662,0755-26013539
山东华泰光源有限公司,山东鱼台县经济开发区,宋德纪,0537-3111699,0537-3111688
深圳市照明学会,深圳市罗湖区祥福雅居彩云阁1812号,庞蕴繁,0755-25979962,0755-25979814
中国质量认证中心,,邢合萍,,
上海靖耕照明电器有限公司,上海市四平路198号轻工国际大厦1501室,沈兰新,021-65752266,55150325
北京市颖川照明电器有限公司,北京市大兴区旧宫小红门路136号兴南大厦401,陈中波,010-87974972,87974973
苏州金美家具有限公司,江苏省太仓市新塘镇新安路8号,陈桂芳,0521-53620233,53621679
中山品上照明有限公司,广东省中山市小榄镇东一裕胜工业区,洪子昂,0760-2137779,2137771
四川蓝景光电技术有限责任公司,四川成都市蛟龙工业港青羊园区A-7座,张文高,028-87079969,87079893
许昌何水霓虹灯广告有限公司,河南省许昌市帝豪路西段,何水,13937486603,0374-2185528
天津润洲空间网架建筑装饰工程有限公司,天津市南开区桂荷园4-3-401,李莲春,13302039777,022-87610077
北京聚鑫石广告制作有限责任公司,北京市丰台区万泉寺鹅凤营村甲88号,石玉涛,010-63338192,
深圳市德尔电子有限公司,深圳市龙岗区横岗六约深竹路2号厂房第二层,杨光,0755-88835980 13352926878,33826685-188
鞍山安扎电子有限公司,辽宁鞍山市铁西区三道街汇贤里小区24号楼1单元201室,毕成义,0412-8588626,
石家庄七彩联创光电科技有限公司,石家庄市新华区中华北大街188号1005室,刘和青,13313310109,0311-87838008
浙江宇光照明科技有限公司,浙江省绍兴平水镇会稽村工业集聚区,赵建军,13989575522,0575-8574999
福建富顺电子有限公司,福建省漳州市蓝田工业区富顺光电科技园,杨伟艺,13960029855,0596-2131288
立维腾电子（深圳）有限公司,深圳市福田区车公庙泰然九路海松大厦A座1406,邓子文,0755-33200588,33200899
北京唐艺亮霸工贸有限公司,北京市朝阳区酒仙桥路甲4号安源大厦908室,王默文,13901013090,010-64323898
上海城大灯具市场经营管理有限公司,上海市共和新路3261号,许绍财,021-66529967,66529967
南京汉德森半导体照明有限公司,南京市江宁科学园汉德森科技园6号大道,周鸣,025-52176666,025-52176666
佛山市柯维光电有限公司,佛山市高明区明城镇城七路36号,何志明,0757-88515688,0757-88515199
镇江市旋丽电器有限公司,江苏镇江市新区大港东海路西侧龙泉路北侧,夏焱明,0511-83171518,83379168
镇江强凌电子有限公司,江苏镇江市学府路200号,严兆陵,0511-8795351,0511-8795250
厦门鸿光电子有限公司,福建厦门市火炬高新区创业园创业大厦308室,张声毅,0592-3921168,0592-3921169
百电宝照明配件（东莞）有限公司,广东东莞市莞龙路段狮龙路莞城科技园,梁国蔚,0769-2766891,0769-2766896
宁波亿鑫诚电器有限公司,浙江余姚市泗门镇工业园区小路下小区,杨志新,0574-62128628,62128638
天津市凯鑫照明工程有限公司,天津市长江道凯立天香家园20-2-402,王占合,022-27487596,022-27487596
无锡实益达电子有限公司,江苏省无锡市新区珠江路92号,吕昌荣,0510-88633259 13656171278,0510-88653260
廊坊金达广告有限公司,河北廊坊市爱民东道108号,侯晓军,0316-2145918,0316-2145919
天津市美展广告有限公司,天津市河西区大沽南路甜润里1号楼1门101室,周兴林,022-28335552,022-28278118
深圳市朝航光电科技有限公司,深圳市宝安区西乡镇蝴竹角天富安工业园三栋三层,王文华,0755-29785899,29785266
廊坊市佳立广告有限公司,河北廊坊市新世纪步行街第三大街B-18,靳国旺,13703269848,
天津七彩霓虹照明灯具有限公司,天津市河北区小革新道25号,杨建军,022-26410846,
中山市亮迪照明有限公司,广东省中山市小榄镇荣华南路东区三村工业区,黎培辉,0760-3383998,3383348
德国量一光电科技（中国）有限公司,广东省惠州市惠阳区镇隆镇永大路,廖昆,0752-3673899,0752-3673836
北京昆仑成业霓虹灯技术开发有限公司,北京市朝阳区大清寺9号,曹世增,010-64379921,010-64379921
德赛压克力装饰设计中心,天津市南开区白堤路119号,高忠旭,022-27413263,022-27413263
北京东方蓝昂广告有限公司,北京市丰台区方庄芳城园一区17号日月天地大厦B504,迟鹏,13311101268,
北京利亚德电子科技有限公司,北京市海淀区颐和园北正红旗西街9号,韦启军,010-62888888-206,62887325
天津灯饰装饰工程公司,天津市南开区红旗路376号,黄建军,022-23694807,022-23693807
3M中国有限公司,上海市田林路222号,余俊雄,021-62753535,021-62752343
天津市德润辉煌照明工程有限公司,天津市河北区王串场金钟河大街东街72号,郭津意,022-26443619,022-26443619
中山市宇阳机械有限公司,广东省中山市绩东一裕龙村,陈道义,13924966989,0760-2128999
广州信行霓虹器材有限公司,广州市白云区新市长红第二工业区,陈绍华,020-86098661,020-86099025
宁波博禄德照明科技有限公司,浙江省象山县工业园区蓬莱路312号,蔡振林,0574-65786926,65786927
浦东新区张江镇钱堂霓虹灯器材加工场,上海市浦东新区孙桥镇钱堂村西宅1号,傅卫珍,021-58570134,021-58570134
余姚市前锋灯具有限公司,浙江余姚市梁弄镇雅贤村,孙晋成,0574-62350008,0574-62350008
无锡立德时代科技有限公司,无锡市锦溪路100号无锡太湖新城科教产业园9号楼706-707,洪兵,13801017883,0510-85188170
襄樊新之光电子科技有限公司,湖北省谷城县经济开发区,陈天宇,0710-7338677,7338077
邯郸县远大霓虹灯饰行,河北省邯郸市明珠广场对面,王永安,0310-6245568,0310-8010812
余姚市金星玻璃制品厂,浙江余姚市梁弄镇汪巷村,汪孝苗,0574-62356366,0574-62357552
上海全彩霓虹电器有限公司,上海市普陀区志丹路260弄5号1505室,贡年喜,021-56054359,021-56054359
遵义市日月霓虹广告有限责任公司,贵州省遵义市汇川区长沙路育苑小区1号楼底层3号门面,陈波,13885205496,
厦门华联电子有限公司,福建厦门市火炬高科技开发区华联电子大厦,范玉钵,0592-6037466-301,0592-6021191
余姚市燎明灯具有限公司,浙江余姚市梁弄镇民营工业区,何仲凡,0574-62358056,0574-62358856
上海彩虹霓虹电器有限公司,上海市安远路70号,陆家麟,021-62981861,021-62989676
扬州市松佳照明电器有限公司,江苏省高邮市经济开发区屏淮北路199号,陆庆松,0514-4614444,0514-4665555
余姚市益明灯具有限公司,浙江余姚市梁弄镇湖东工业区,蒋益民,0574-62358180,0574-62359100
上海旗开建材市场经营管理有限公司（上海新柳营灯饰广场）,上海闸北区柳营路216号，民和路153号,仇卫军,021-60942832,60942827
上海企一商贸发展有限公司,上海市松江区荣乐东路18号,周贤和,021-67739378,
上海太博广告有限公司,上海东方路1523弄3#9A,邬广西,021-50946878,021-50946878-807
宁波家家明灯具有限公司,浙江余姚市梁弄镇工业园区,褚炼炼,0574-62359666,0574-62358919
济宁高科股份有限公司,山东省济宁市金宇路50号,王涛,0537-2364215,0537-2360088
常州市武进区邹区联创灯具厂,常州市武进区邹区工业集中区,周振华,0519-3640299,0519-3603108
余姚市金源灯具有限公司,浙江余姚市湖东工业区,张钦忠,0574-62358799,0574-62359068
上海陶杨霓虹灯电器有限公司,上海市真大路346号,陶勤稳,021-66552238,021-56683981
长春市华映照明装饰有限公司,长春市汽车产业开发区五一街区11栋1楼2号,苏凯,0431-85771007,85738779
无锡雷鸟电子科技有限公司,无锡市金山北科技园内东一支路1号,蔡林生,0510-83077890,0510-83077895
宁波兴莱达灯具有限公司,浙江余姚市梁弄镇雅贤工业区,蒋国兴,0574-62350687,0574-62350680
常州市福兴电器有限公司,常州市武进区邹区镇工业集中区南区,赵焕兴,0519-3665588,0519-3661077
上海强艺霓虹电器有限公司,上海市安远路54号,储伟忠,13916009497,021-62995097
郑州宏业照明工程有限公司,河南省郑州市金水路7号院鑫苑中央花园东区15栋1单元2楼,黄军德,0371-69193759,69193759
宁波五洲灯具有限公司,浙江余姚市梁弄镇雅贤工业区,邵松庆,0574-62350818,0574-62350819
上海灯庆进出口有限公司,上海市浦东新区川沙镇川周公路8865弄66号,余佩洪,021-58904330,021-58904973
佛山市南海绿迪照明有限公司,广东省佛山市南海区平洲夏东健豪工业大楼五楼,林洪,0757-81857890,0757-81858213
常州市武进区阳光塑料电器有限公司,江苏省常州市武进区邹区镇岳津路8号,周国全,0519-3631062,0519-3630788
余姚市东方灯具有限公司,浙江余姚市梁弄镇雅贤工业区,沈伯忠,0574-62350228,0574-62350390
上海宝迪电器有限公司,上海市金山区枫泾工业园兴南大道19号,李峰,021-67360011,67360028
常州市非常照明电器有限公司,江苏省常州市武进区邹区镇工业大道52号,张士春张士春,0519-3637583,0519-3640722
北京晶格欧朗科技有限公司,北京市房山区良乡经济开发区白杨路5号,叶文,010-69386460,69386457
宁波燎宁灯具有限公司,浙江余姚市梁弄镇雅贤工业区,孙伯康,0574-62350389,0574-62350588
上海亮城霓虹灯电器有限公司,上海市安远路62号,徐明珠,13901651865,021-62988694
常州市武进区邹区金泰照明电器厂,江苏省常州市武进区邹区工业园六号房,李雪,0519-3636558,0519-3636558
宁波博维灯具制造有限公司,浙江余姚市梁弄镇如意路滨溪园区140号,董春芬,0574-62371018,0574-62371038
常州市武进区邹区新华龙灯饰经营部,江苏省常州市武进区邹区镇光辉新灯城28幢42-45号,吴云华,0519-3636978,0519-3638716
西安麟字半导体照明有限公司,西安市高新区高新六路52号立人科技园C座2层,王治效,029-88455530,88451883
宁波燎阳灯具有限公司,浙江余姚市梁弄镇工业开发区,陈伯根,0574-62367726,0574-62368668
常州市武进区邹区泰通照明灯饰经营部,江苏省常州市武进区邹区镇,周旭善,0519-3632345,0519-3640936
宁波市鄞州东能光电科技有限公司,宁波市鄞州区下应街道林家工业区,陈德荣,0574-88240667,88242011
北京泛雅宏图霓虹灯厂,北京市朝阳区黑庄户乡,侯文刚,010-85385035,
常州市武进区邹区大友照明灯饰经营部,江苏省武进区邹区镇光辉新灯城28幢20-28号,郑大友,13275227666,0519-3631911
余姚市姚华精密铸造有限公司,浙江余姚市梁弄镇甘宣村,姚依华,0574-62369888,0574-62369891
中山市小榄镇生产力促进中心,中山市小榄镇新华中路118号向明大厦9楼,李锡昌,0760-22238999,0760-22118406
常州市武进区邹区豪天灯饰经营部,江苏省常州市武进区邹区光辉新灯城28幢12-16号,季剑峰,0519-3636628,0519-3639750
厦门通士达新科技有限公司,厦门市同安区通福路777号轻工集团照明工业园,林海松,0592-7263366,7263310
北京东方多彩照明技术有限公司,北京市朝阳区平房乡石各庄村,吕开幸,010-65487040,010-65487041
宁波燎恒灯具有限公司,浙江余姚市梁弄镇民营工业园区,朱国乾,0574-62358108,0574-62358208
上海威凯信息科技有限公司,上海浦东南汇区周浦沪南路3736弄5号,张新明,021-51968650,51968659
宁波市世纪工矿灯具有限公司,浙江余姚市梁弄镇湖东,施鹏程,0574-62358686,0574-62358556
常州市武进区邹区松业照明灯饰经营部,江苏省常州市武进区邹区灯具城东区六幢13#、15#,苏恒兵,0519-3637750,0519-3633607
宁波瞬通照明灯具有限公司,浙江余姚市梁弄镇湖东村,黄贻通,0574-62350728,0574-62350061
佛山市顺德区美的微波炉电器制造有限公司,佛山市顺德区北窖镇林港创业园新业二路10号,甘勇强,0757-26333520,22367718
日本岩崎电气株式会社北京代表处,北京市朝阳区建国路118号招商局大厦1803室,今井康,010-65672299,010-65562632
常州市澳达奇灯饰家具商场,江苏省常州市武进区邹区镇光辉灯具城29幢1-14号,程文才,0519-3636238,0519-3636138
品能光电技术（上海）有限公司,上海市闵行区莘朱路918号,熊克苍,021-54388215,021-54387960
宁波市燎兴灯具有限公司,浙江余姚市梁弄镇南边村,柴金祝,0574-62358575,0574-62358296
常州市武进区邹区蓝鸟灯饰经营部,江苏省常州市武进区邹区镇光辉灯具城25幢12-18号,王银弟,0519-3637968,0519-3637958
北京科贝奇霓虹电子电器有限公司,北京市大兴区西红门红华大院内,朱安,010-67991075,
福建新文行灯饰有限公司,福建省泉州市泉港区中心工业区,吴志华,0595-7991278,0595-7991578
中山市鸿宝电业有限公司,中山市小榄镇绩西文成工业区,杜姬芳,0760-22831801,22117461
余姚市三乐灯具电器有限公司,浙江余姚市梁弄镇民营工业区,褚浙民,0574-62359369,0574-62358826
常州邹区发得灯具广场有限公司,江苏省常州市武进区邹区镇北大街88号,蒋仁全,0519-3633668,0519-3632078
内蒙古鄂尔多斯市恒隆广告有限责任公司,内蒙古市鄂尔多斯市东胜区伊金霍路西街11号,牛海军,0477-8322479,0477-8330114
北京都彩霓虹器材经营部,北京市朝阳区将台乡东八间房北岗子甲1号,张国明,010-84316285,010-84316285
余姚市舜源灯具厂,浙江余姚市梁弄镇湖东工业区,柴国林,0574-62358921,0574-62359318
平度市京兴霓虹灯厂,山东省平度市青岛路贸易城西侧,刘京兴,0532-8313581,
金利照明工程有限责任公司,黑龙江省哈尔滨市道外区红旗大街899号美居国际灯饰城B区107、111号,杨春发,0451-82445101,0451-82445101
佛山市顺德区欧和照明电器有限公司,广东省佛山市顺德区欧和照明电器有限公司,温泽平,0757-27777268,27784633
北京中科帅虹霓虹电器厂,北京市昌平区回龙观人民政府对面龙祥制版集团院内,王嘉升,010-62717896,010-62717896
宁波旭佳灯具有限公司,浙江余姚市梁弄镇东溪工业园区,张旭军,0574-62370111,0574-62370222
贵阳大灯汇专业灯饰有限公司,贵州省贵阳市油榨街10号富源美家居三楼,张颖毅,0851-8618981,0851-8618980
珠海市南宇电子有限公司,广东省珠海市前山翠珠工业区25栋,林少芝,0756-8637326,0756-8637126
广西博世照明有限公司,广西省南宁市金湖路55号,刘少明,0771-2802999,0771-2802999
余姚市金海电器有限公司,浙江余姚市富巷经济开发区西区纵三路,董金钊,0574-62832811,0574-62825412
北京天一印象广告设计制作有限公司,北京市朝阳区城外城旧货市场旁,孔祥彦,010-87609050,010-87606362
上海宝临电气集团有限公司,上海市宝山区铁锋路477号,郑晓远,13817599181,021-33795186
北京中科科仪技术发展有限责任公司,北京市海淀区中关村北二条13号,王东军,010-62560908,010-62564613
北京海燕霓虹灯制作中心,北京市朝阳区东坝乡后街村北,马广楼,010-84320788,
宁波翔龙灯具有限公司,浙江余姚市梁弄镇镇北路1号,黄翔,0574-62367149,0574-62367082
武汉明华照明有限公司,湖北省武汉市解放大道201号南国大武汉A座3F,吴成,027-83872226,027-83882226
上海钛波贸易有限公司,上海市翔山路308弄11号701室,魏刚,021-68538792,021-38820357
厦门阳光恩耐照明有限公司,福建省厦门市海沧区坪埕中路29号,许文平,0575-82218580,82215355
宁波亚尔明照明工程有限公司,浙江余姚市梁弄镇亚贤村,孙秀林,0574-62350433,0574-62350658
北京汇城恒信广告有限公司,北京市朝阳区干榆树甲16号综合楼2单元1001,倪建中,13011753811,010-64910288
郑州市华丽灯饰有限公司,河南省郑州市郑汴路灯饰广场最南端,连志刚,13803898378,0371-69338000
余姚市华光灯具厂,浙江余姚市梁弄镇湖东工业园区,李梅英,0574-62358792,0574-62359292
浙江天宇灯饰有限公司,浙江天台八都工业园区,王兆军,0576-83928889,83928569
余姚市菲亚浦照明电器有限公司,浙江余姚市梁弄镇南边工业区,姚永桥,0574-62358358,0574-62358000
广东锦力电器有限公司,广东省佛山市顺德区勒流镇龙升南路锦力工业区,任锦生,0757-25336161,0757-25336136
东莞市东皇照明科技有限公司,广东省东莞市中堂镇东泊村新围工业区,陈柏康,0769-88122345,88111101
临安市新三联照明电器有限公司,浙江省临安市横畈镇泉口村市地工业园,周拥军,13805706468,0571-58610869
浙江曙光灯具有限公司,浙江余姚市梁弄镇下坞工业区,蒋国英,0574-62350238,0574-62350688
黑龙江省牡丹江和信灯饰工程处,黑龙江省牡丹江市爱民区八达路88号,张晋军,0453-6554449,0453-6554449
北京晓鹰虹霞五金交电经营部,北京市朝阳区东风乡石佛营苇子坑378号,杜平荣,010-85811951,010-85811951
杭州萧山海鲸照明电器有限公司,浙江省杭州市萧山区红垦农场四号坝,徐水根,0571-82600768,82609672
北京市建筑设计研究院照明工作室,北京市建筑设计研究院照明工作室,洪元颐,010-68080990,010-68080667
余姚市神农灯具有限公司,浙江余姚市梁弄镇高南村,何永明,0574-62358586,0574-62358325
大连中国家饰城王朝灯饰商行,大连市甘井子区华北路194号,吴胜文,0411-6574255,0411-6558713
北京风光动力科技有限公司,北京市通州区台湖镇新华联工业园,李建民,010-52118966,52118977
余姚市大禹灯具厂,浙江余姚市梁弄镇湖东村,禹国强,0574-62358590,0574-62358590
南京春田焊锡丝厂,南京市大桥北路桥北村274号,康军,025-58402479,025-58402479
浙江安安电子有限公司,浙江省开仕县工业园区园三路6号,徐海波,13905703933,0570-6121444
宁波康辉灯具有限公司,浙江余姚市梁弄镇高南村,孙锡康,0574-62359698,0574-62358698
青岛申墅石墨制品厂,山东省青岛莱西市南墅镇,吕洪训,0532-3430086,0532-3430368
华刚光电（集团）有限公司,上海市漕溪北路45号航空科技大厦905室,唐国庆,021-64380189,021-64747873
中山市泰瑞华星光电技术有限公司,中山市东区起湾大道保利大厦11-A,韩建华,0760-23889216,23889125
普莱克斯（上海）商贸有限公司,上海浦东新区东方路69号裕景国际商务广场21楼,蔡廷忠,13501726088,021-58882301
余姚市总商会梁弄灯具同业公会,浙江余姚市梁弄镇仙桥新村1号,施百年,0574-62358556,0574-62358556
莱宝真空（天津）国际贸易有限公司,天津市北辰经济开发区双辰西路8号,杜均瑜,021-50644666,021-50644668
石家庄市虹光霓虹灯装饰制作中心,河北石家庄市广安大街24号财富大厦B座1501室,赵秀伟,0311-87206898,87206896
沧州市长城装修工程有限公司,河北沧州市运河区西环中路63号,李开,0317-2026968,
盐城市永冠灯具有限公司,江苏盐城市亭湖区城西新村八区28号,王苏勇,0515-8599172,0515-8503920
厦门立达信光电有限公司,厦门市软件园二期观日路20号立达信楼,李江淮,0592-3699991,0592-3699777
纳米技术及应用国家工程研究中心,上海市华山路2018号汇银广场北路1903室,张伟,021-54801891,021-54801891
北京国恩顺通霓虹技术开发有限公司,北京市朝阳区东坝乡东风大队东风村村东,王生国,010-84319548,010-84319948
百家丽（中国）照明电器有限公司,江苏省仪征市大庆路199号百家丽工业园,Rosa Dai,0514-83583333,83419080
北京中贸联国际有限公司,北京市海淀区泉宗路2号光大花园1-1710室,韩平,010-82570806,010-82570740
江西合力照明电器有限公司,江西省靖安县工业园区,苏焕平,13702507816,0795-4650522
北京安明光电材料有限公司,北京市朝阳区安翔北里11号A座,刘玉明,010-51883428,010-51883428
江苏日月照明电器有限公司,江苏建湖县经济开发区永兴路9号,徐向阳,13805116968,0515-6250199
江苏恒星钨钼有限公司,江苏江都市仙女镇张纲工业配套园区,盛华伟,0514-6830000,0514-6834222
北京碧溪广场有限公司,北京市西三环南路甲1号,王宝平,010-83830588,010-63851713
上海寅志电子设备有限公司,上海市嘉定区马陆希望城陈安路181号,张春生,021-59102983,021-59102982
浙江尧亮照明电器有限公司,浙江省上虞市百官工业园区,陈尧良,13967526238,0575-82008638
青岛新同人电子科技有限公司,山东省青岛市即墨经济开发区新艺工业园,宋大雷,0532-8683393,0532-7555330
北京四海伟业电子有限公司,北京市海淀区板井路69号世纪金源国际公寓西区6单元19C,罗福来,010-88472839,010-88470048-816
上海东旭实业发展有限公司,上海市黄浦区河南南路33号新上海城市广场22楼C-D座,张磊栋,021-63375999,021-63375335
兖州市曜晖太阳能有限公司,山东省兖州市新世纪路南首马桥开发区,徐玉和,0537-3955599,3955599
湖南郴州通泰景观灯饰工程有限公司,湖南郴州市飞虹路1号,曹显鸿,0735-2899888,0735-7520538
丹东富世灯业有限公司,辽宁省丹东市振兴区九纬路双星大厦B座2505,付厚琴,0415-2142099,0415-2142099
烟台华安电子有限公司,烟台经济技术开发区华山路7号,李国安,0535-6376666,0535-3938688
北京亮宇景观艺术工程有限公司,北京市海淀区成府路35号西楼,李扬,010-62650756,010-62614648
中山市伟星灯饰有限公司,广东中山市神湾镇神湾港工业区,罗洪技,0760-6606338,0760-6606611
浙江兰亭高科有限公司,浙江省绍兴市经济开发区,杨林江,0575-4607418,0575-4602998
衢州飞博照明有限公司,浙江江山市区城南通达路201号,祝江土,0570-4221121,0570-4221029
扬州市邗江神珠电子器材厂,扬州市开发西路217号,朱圣武,13616292924,0514-82683499
大连岩崎电气有限公司,大连市经济技术开发区振鹏工业城1-8-3,森本秀昭,0411-87514186,0411-87514189
金府灯具城,四川成都市金牛区金府路628号,徐碧玲,028-87619089,028-87633757
利胜电光源（厦门）有限公司,福建厦门市火炬高科技开发区马垄路2号,左芹,0592-5608008-627,0592-5620360
盐城豪迈照明科技有限公司,江苏省建湖县经济开发区新世道6号,龚仕宏,0515-86255977,0515-86253777
丹东欣港电子有限公司,辽宁省丹东市桃源街64号,王胜威,0415-6197817,0415-6163299
深圳沃科半导体照明有限公司,深圳市南山区西丽镇龙井方大城A区1号厂房,张双益,0755-26792072,0755-26792112
太原市照明电器协会,山西太原市杏花岑区西羊市9号,王万喜,0351-4034816,0351-2682116
东芝照明（北京）有限公司,北京市海淀区中关村南大街56号首体比赛馆155号,松下信夫,010-68358290,010-68352948
青岛美奂电子科技有限公司,青岛即墨龙山工业基地同人路1号,刘汉奎,0532-86586917,0532-86586916
深圳市海洋王投资发展有限公司,深圳市南山区南油大道海王大厦22层A单元,周明杰,0755-26492666,0755-26406711
常州市照明电器协会,江苏常州市灯具城中区1幢43号,朱世海,0519-3638879,
北京三河大昌霓虹灯厂,北京东燕郊开发区迎宾路聚星商务楼,郑柏楠,010-61598589-804,010-61598589
深圳市全彩贸易有限公司,广东深圳市南山区南油大道粤海大厦B座180,刘伟涛,0755-26419947,0755-26408767
常州市邹区光辉灯具市场有限公司,江苏常州市武进区邹区镇,徐光军,0519-3631381,0519-3635918
内蒙古六合电子有限公司,内蒙古乌兰察布市察哈尔工业园,张海峰,13923120111,0757-83638811
杭州雷威电器有限公司,浙江临安市青山经济开发区,童安江,0571-63819368,0571-63819367
南通新三能电子有限公司,节能灯、LED、电子镇流器用全系列铝电解电容器,黄海荣,0513-86562921,0513-86561788
厦门市永晟科技有限公司,福建厦门市湖里区蔡塘工业区,廖炫泰,0592-5965986,0592-5966086
中山市琪朗灯饰厂,广东省中山市沙朗名流路,袁仕强,0760-8554598,0760-8554580
北京市易和永颐环境艺术设计有限公司,北京市朝阳区光华路丙12号数码01大厦1801,姜川,010-65021661,010-65021661
广州普生霓虹灯电子厂,广州市花都区新华镇花港大道80号,吴绍林,020-36869682,020-36869681
上海时代之光照明电器检测有限公司,上海市苍梧路381号,陈超中,021-51097935-3051,021-54264342-3051
中山市石岐佳景精品灯饰行,广东省中山市石岐镇拱辰路56号,胡春梅,0760-8310363,0760-8838835
长沙市雨花区羊城霓虹灯制作经营部,湖南省长沙市车站南路四方塘附一号,田启峰,0731-4114995,0731-4114995
海宁新源电器照明有限公司,浙江省海宁市丁桥镇江潮路1号,沈新良,13906739904,0573-87666248
深圳市中电照明有限公司,广东深圳市南山区高新科技园南区照明中心,陈刚,0755-26989999,0755-26989900
长春市都市风景广告有限责任公司,吉林省长春市二道区和顺街9楼34组,高敬泽,0431-2981932,0431-2983177
上海庄巨电器有限公司,上海市嘉定区徐行镇红星路379号,张会,021-59946828,021-59940155
天津市其汇照明广告有限公司,天津市南开区芥园西道40号,张英权,022-27519759,022-27519232
湖南省湘潭市虹桥广告装饰公司,湖南省湘潭市韶山西路贵豪公寓1楼,马利安,0732-2311088,0732-2311088
上海艾莱克电子进出口有限公司,上海市澳门路356#三维大厦12楼A座,吴建华,021-62664891,021-62991816
枣庄市丽友广告有限公司,山东省枣庄市光明西路18号,刘世清,0632-3332559,0632-5113559
常州华威电子有限公司,江苏省常州市邹区镇施桥,颜奇旭,0519-83631284,0519-83630280
深圳市歌美雅实业有限公司,深圳市福田区彩田南路福建大厦B座701室,黄汉州,0755-82990687,0755-82904898
乌鲁木齐市水磨沟去新金达灯饰广场,新疆乌鲁木齐市华凌灯具城B区2-09号,叶选品,0991-5188616,0991-5188616
北京世纪泰昌灯饰经营中心,北京市朝阳区十里河灯饰批发市场6888#,诸欢,13601381319,010-87378023
宁波市环球制灯有限公司,浙江宁波市中山东路181号24楼,施继寿,0574-87075999,0574-87253331
重庆灯玛特工艺美术品有限公司,重庆市渝中区一号桥家佳玺二楼,汪顺洪,023-63109322,023-63109322
昆明西山超达灯饰有限公司,云南省昆明市人民西路张家村47号,黄超,0871-8217527,0871-8217527
浙江兰尔科技有限公司,浙江省绍兴市兰亭工业区兰亭高科,蒋亚君,0575-84600363,0575-84607418
杭州浙大智能科技有限公司,浙江省杭州市西湖区文三路398号1311室,高建中,0571-88866525,0571-88863850
深圳市联腾科技有限公司,深圳市南山高新技术产业科发路2号9栋,莫业文,0755-26544811,0755-26584662
泰兴市七彩霓虹广告有限公司,江苏省泰兴市泰兴镇苏利巷A幢2号楼402室,殷小军,0523-7658537,0523-7658537
永济市旺旺广告装饰有限公司,山西省永济市银杏东街1号,程发旺,0359-8024150,0359-8024150
上海聚正照明电器有限公司,上海市奉贤区金汇镇工业路699号,陆建军,021-57485077,021-57485079
北京东方万琦科技发展有限公司,北京市西城区新外大街2号有研大厦C座323室,邓前军,010-62055373,010-62055405
上海时代国际家居城实业有限公司,上海市松江区新桥镇卖新公路北侧,赵大生,021-54157786,021-54157770
青岛金利特电气安装工程有限公司,山东省青岛市市南区福州南路89号福林大厦公寓1103,崔强,0532-80771377,0532-80778669
东莞勤上光电股份有限公司,广东省东莞市常平镇横口厦村,黄冠志,0769-83395678,0769-83395679
南京恒明光源技术有限公司,江苏省南京市成贤街39号02栋110,李腾辉,025-3694634,025-3694635
浙江正泰建筑电器有限公司,浙江温州市柳市正泰大厦,陈玉,0577-62777777-8840,0577-62777477
北京太阳帆科技开发公司,北京市崇文区宝鼎中心A座689室,孟祥武,010-67092303,010-67092303
中山市旺来实业有限公司,广东省中山市古镇曹三佳富围工业区,黄福旺,0760-2353129,0760-2353129
厦门市东林电子有限公司,厦门市湖里区禾山镇钟宅金中源工业区,贾强,0592-5790361,0592-5790363
佛山市永固电光源设备厂,广东省佛山市超安路果房工业区,李家凌,0757-3264955,
中山市古镇艳阳灯饰厂,广东省中山市古镇曹三工业区,区其富,0760-2395310,0760-2344317
上海锦田电子电器有限公司,上海市江桥工业区丰华公路1051号,黄大飞,021-59143377,
中山市伊诗邦照明有限公司,广东省中山市古镇东岸公路155号（海洲加油站侧）,谢金龙,0760-2314051,0760-2314063
广东松业电器制造有限公司,广东省顺德勒流镇黄连工业大道6号,冯家松,0757-25330088,0757-25330888
常州市南方灯饰制造有限公司,江苏省常州市花园路25号,徐亚建,0519-3281258,0519-3287920
沈阳亿佳三丰电气有限公司,辽宁省沈阳市和平区长白东路3号,周南芳,024-23730671,024-23730672
浙江大学三色仪器有限公司,浙江省杭州市天目山路313号,牟同升,0571-85021543,0571-85123947
杭州宇中高虹照明电器有限公司,浙江省临安市高虹镇高虹街11号,张林夫,0571-63778188,0571-63777388
盐城市百盛霓虹广告装饰有限公司,江苏省建湖市建湖镇向阳路,周友奎,0515-6216516,0515-6226613
国家电光源质量监督检验中心（北京）,北京市朝阳区大北窑厂坡村甲3号,华树明,010-67746544,010-67787300
天津恒美实业有限公司,天津市河东区中山门中心南道31号,刘成魁,022-84288067,022-84288465
环球迈特照明电子有限公司,上海市莲花路1181号,麦国裕,021-64808118,021-64809898
北京新台光霓虹照明光源有限公司,北京市顺义区后沙峪吉祥工业区京密路后沙峪段1号,吴锡铨,010-80484258,010-80484256
肇庆绿宝石电子有限公司,广东省肇庆市端州八路,刘永澎,13560922989,0758-2862870
上海雄辉灯具厂,上海市青浦区练塘镇朱枫公路3169弄9号,谢雄辉,021-59251202,021-59251495
常州市武进区邹区实业总公司,江苏省常州市武进区邹区镇,周仲华,0519-3630002,0519-3631320
佛山市南海华得丰电器照明有限公司,广东省佛山市南海区桂城东二大道,何伟高,0757-86399688,0757-86399668
常州名家汇电器有限公司,江苏省常州市西郊邹区灯具城1014号,樊世才,0519-3641183,0519-3630183
珠海缔百电子有限公司,广东省珠海市人民西路801号2栋501室,刘永前,0756-8609981,0756-8609587
广西索电照明有限公司,广西省南宁市人民路5号新和平商场A幢4单元501,郑祥福,0771-2811800,0771-2802999
北京电光源研究所,,,,
中山市古镇灯饰广告有限公司,广东省中山市古镇镇新兴中路94号,姚小红,0760-2344285,0760-2344887
淄博鸿安钨钼材料有限公司,山东省周村区309国道高塘段路南,马玉民,0533-6063337,0533-6063336
宁波燎原灯具股份有限公司,浙江省余姚市西南街道肖东工业园区,邵运蒸,0574-62598688,0574-62598681
荷普电气（中山）有限公司,广东省中山市海洲西海工业区,杨天青,0760-3995588,0760-2311273
华南联合科技股份有限公司,台湾新竹市牛埔南路93巷45号5楼,廖霞荣,886-3-5303075,886-3-5402194
深圳明亮光电有限公司,深圳市南山区高新技术产业园北区航天微大厦,江惠星,0755-26994659,0755-26980338
上海莹辉照明科技有限公司,上海市普陀区武宁路19号丽晶亚洲企业中心12楼1213室,熊克苍,021-62319368,021-62319360
飞利浦亚太区外购部,上海嘉定区沪宜公路1805号,Lnge,021-59154389,021-59156991
天津蓝本广告装饰有限公司,天津市河西区广东路中裕园4号楼4门303,安增山,022-28319962,022-28319982
温州瑞气空分设备有限公司,浙江省温州市经济技术开发区33号小区,黄国华,0577-86531111,0577-86554210
北京市交电公司家用电器分公司,北京市崇文区天坛路57号,张建中,010-67012569,010-67037445
顺德市托维国际照明有限公司,广东省顺德市龙江镇港丰工业区,周巧仪,0765-3387777,0765-3369386
中山市欧帝尔电器照明有限公司,广东省中山市小榄菊城大道西466号,潘志标,0760-2272999,0760-2275210
河南安彩照明有限公司,河南省安阳市中州路南段,魏连兴,0372-3932916-2008,0372-3935368
肇庆宏一电子有限公司,广东省肇庆市黄岗镇开发区,甘荣培,0758-2731418,0758-2743803
常州市武进金陵灯具厂,江苏省常州市武进区牛塘,蒋永刚,0519-6391090,0519-6392875
河北宁强光源有限公司,河北省衡水市开发区顺兴街,郭通迅,0318-2172981,0318-2172128
浙江中企实业有限公司,浙江省杭州市萧山区市心中路莱茵达广场二楼,童俊国,0571-82377688,0571-82377688
深圳市垅运照明电器有限公司,深圳市福田区八卦岭工业区425栋5楼,李卫明,0755-82415974,0755-82414974
北京爱华新业照明器材有限公司,北京市朝阳区双桥西里7号,李洋,010-65896772,010-65897647
北京世纪阳光科技发展有限公司,北京市丰台区北大地文体路乙24号,林嘉伟,010-63800587,010-63800571
东营新源照明电器工程有限公司,山东省东营市西三路138-3号,黄革,13954610332,0546-8236378
横店得邦电子有限公司,浙江省东阳市横店工业区兴盛西路2号,杜国红,0579-6586132,0579-6586349
北京泰格丰联科技发展有限公司,北京市海淀区学清路11号（纱布厂）院5号楼3层,郑连东,010-62932100-348,010-62932100-304
安徽省三色照明股份有限公司,安徽省铜陵市狮子山区曹山路1号,高峰,0562-6821908,0562-6821936
上海东升电子股份有限公司,上海市宝山月罗路2255号,钱培胜,021-56863636,021-56861441
顺德市捷普照明有限公司,广东省顺德市大良区顺峰工业区南霞村口,刘建毅,0765-2321122,0765-2321121
丰南市福利节能灯厂,河北省丰南市交通局对面,王秋军,0315-8164401,0315-8161203
深圳市自然光照明科技有限公司,深圳市罗湖区田见四路97号广发大厦105室,梁小璐,0755-25617776,0755-25617776
中山市伟来灯饰有限公司,广东省中山市青溪路张溪经济开发区166号,李志权,0760-8701070,0760-8702638
北京艺术与设计杂志社,北京市西城区阜外大街34号干3号楼,钱竹,010-68570889,010-68570937
上海柳营灯饰市场,上海市虹口区柳营路135号,沈寿仁,021-56388828,021-56380202
鹤山市明可达实业有限公司,广东省鹤山市人民东路1825号明可达大厦,莫鹤钊,0750-8827638,0750-8821615
温州维斯特科技有限公司,浙江省乐清市柳市中国电器城1单元,陈庆伟,0577-82119101,0577-62750327
南海市联星霞光灯饰电器实业有限公司,广东省南海市罗村镇联星大道宣巷工业区,江泳波,0757-6486670,0757-6485763
扬州市希林光源器材制造有限公司,江苏省江都市东方红西路30号,杭琴,0514-6543198,0514-6542270
中美合资青岛迅捷电子有限公司,山东省青岛市明霞路10号,苏秋先,0532-3629234-226,0532-3628242-220
齐翔光电科技（苏州）有限公司,江苏省苏州市湘城区湘城镇阳澄湖工业园区凤阳路,肖惠文,0512-65420708,0512-65428028
胜业电器有限公司,广东省顺德市伦教区三洲工业区,何志宏,0765-7899222,0765-7830001
常州新区德胜电器有限公司,浙江省常州市新区长江西路89号,王勤,0519-5921118,0519-5920008
杭州市亮灯工程办公室,浙江省杭州市长生路9号,陈红英,0571-87083089,0571-87063348
北京东方写意展览展示中心,北京市海淀区四环五孔桥4号,孙建国,010-68219970,010-68219970
武进市邹区灯具城,江苏省常州市武进区邹区镇,陈敖生,0519-3638977,0519-3640796
上海今昭灯饰器材有限公司,上海南石二路62号,诸蓉芬,021-62549191,021-62542121
北京兰普升科技有限公司,北京朝阳区金兴路10楼3-401室,任继开,010-64751024,010-64751021
临沂市罗庄区光大照明电器厂,临沂市沂河大道东段,王洪国,0539-8598962,0539-8598961
大连常星灯具厂,大连市西岗区群益街3号,赵海,0411-3672908,0411-3690878
陕西彩虹荧光材料有限公司,陕西省咸阳市彩虹路1号,张春宁,0710-3333697,0710-3334017
惠州雷士照明有限公司,广东省惠州市小金口金源工业区A/B/C座,吴长江,0752-2821681,0752-2821689
中山市佳豪灯饰电器有限公司,广东省中山市古镇古三新工业区,郭瑞金,0760-2345918,0760-2343073
中山市横栏镇钜豪照明电器厂,广东省中山市横栏镇茂辉工业区,许建龙,0760-7760078,0760-7760018
中山市古镇先达照明灯饰配件厂,广东省中山市古镇东岸公路海洲先达大厦,区锦松,0760-2310888,0760-2316988
中山市古镇佳鸿灯饰压铸配件厂,广东省中山市古镇镇曹步开发区A区二排一号,潘家红,0760-2342000,0760-2342000
北京亚盟奥之星灯饰有限公司,北京市朝阳区来广营东路162号,刘清连,010-64354116-81,010-64351146
上虞市东舜电器灯饰有限公司,浙江省上虞市经济开发区越秀中路273号,陈成尧,0575-2128718,0575-2027266
金誉腾达照明技术（北京）有限公司,北京市崇文区龙潭路乙3号伟图大厦312,李俊康,010-67113942,010-67114010
中山市莱亚照明电器有限公司,广东省中山市古镇镇古四工业区,周家祥,0760-2357149,0760-3388149
北京光炫科技有限公司,北京市朝阳区将台路2号爱都大厦102室,钟及时,010-64331906,010-64331905
阜宁县联合灯泡厂,江苏省阜宁县城北乡城西一组,李宁,0515-7240726,0515-7241840
常州市嘉达五金有限公司,江苏省常州市芙蓉镇蓉湖路79号,王建华,0519-8763142,0519-8762898
中狮电子国际贸易（上海）有限公司,上海淮海中路381号中环广场2721室,梁宝胜,021-63916088,021-63915060
荣成市鑫源广告装饰有限公司,山东省荣成市石岛镇黄海路,原宜虎,,
中山市古镇永利灯饰玻璃加工厂,广东省中山市古镇海洲东岸公路,袁国彩,0760-2316498,0760-2318498
中山市古镇尖峰电器厂,广东省中山市古镇海洲红庙三驳桥,袁炳铨,0760-2317141,0760-2316239
中山市古镇明利灯饰电器厂,广东省中山市古镇海洲沙沅工业区,袁家明,0760-2310498,0760-2316598
中山市海洲高宝灯饰电器厂,广东省中山市古镇海洲东岸公路18号,魏长威,0760-2310068,0760-2319471
中山市古镇长达电子电器厂,广东省中山市古镇古三第一工业区,郭润波,0760-2342108,0760-2355189
中山市明达丰电子灯饰有限公司,广东省中山市古镇东岸公路胜利灯饰城内,袁广明,0760-2319938,0760-2310918
中山市万家亮照明有限公司,广东省中山市古镇曹一工业区,李海林,0760-2399288,0760-2393838
中山市古镇艺达灯饰厂,广东省中山市古镇新兴中路159号,区创伦,0760-2352432,0760-2354432
中山市古镇丹奇灯饰厂,广东省中山市古镇海洲东岸公路,张长成,0760-2318990,0760-2310987
中山市比丹利灯饰有限公司,广东省中山市古镇海洲东岸公路比丹利大厦,袁松柏,0760-2310828,0760-2317482
中山市珠江灯饰厂,广东省中山市古镇新兴西路36号,邓月心,0760-3388982,0760-3388981
中山市东升镇富思特造明厂,广东省中山市东升镇东成路新成第二工业区,吕天佑,13802664223,
中山市古镇顺达灯饰电器厂,广东省中山市古镇新兴西路32号,邓松明,0760-2340033,0760-2344527
中山市古镇昌源五金制品厂,广东省中山市古镇曹三工业区,区泽林,0760-2392799,0760-2390768
中山市古镇信中灯饰厂,广东省中山市古镇七坊工业区,蔡权湛,0760-2342249,0760-2343001
中山市古镇占美灯饰电器厂,广东省中山市古镇海洲迎风基大路,龚伟明,0760-2318022,0760-2341366
中山市古镇光彩灯饰电器厂,广东省中山市古镇冈南文阁路13号,陈爱华,0760-2350248,0760-2346267
中山市古镇艺辉灯饰配件厂,广东省中山市古镇新兴中路77号,区炳进,0760-2359963,0760-2356101
中山市海洲开成电器厂,东省中山市海洲东岸公路,袁锦威,0760-2319142,0760-2310262
中山市奥喜朗灯饰照明厂,广东省中山市古镇海洲东岸公路开发区,袁锦伦,0760-2312933,0760-2313138
中山市耐立普灯饰有限公司,广东省中山市古镇海洲东岸开发区,袁国强,0760-2310588,0760-2318758
中山市古镇古一塑料电器厂,广东省中山市古镇古一村公路边,潘礼照,0760-2343320,0760-3388996
中山市古镇万家灯饰制造厂,广东省中山市古镇新兴中路173号,曾铁建,0760-2355228,0760-2350731
中山市古镇中振灯饰电器厂,广东省中山市古镇东岸北路2号,邓焯南,0760-2392828,0760-2391352
中山市古镇欧普照明有限公司,广东省中山市古镇东岸公路,王耀海,0760-2311058,0760-2313456
中山市古镇开元灯饰电器厂,广东省中山市古镇新兴中路,林永恩,0760-3388838,2344829
中山市华裕灯饰实业有限公司,广东省中山市古镇古三第一工业区,胡永钜,0760-3388448,0760-2355398
上海联荣电器灯具厂,上海市浦东新区张江沈括支路188号,徐建春,021-58954960,021-58953813
张家港市港口三明电光源材料厂,张家港市港口镇,陆国良,0512-58485327,0512-58485328
深圳市瑞博光电技术有限公司,深圳市南山区南园村新一坊23号,张卫理,0755-26074066,0755-26074099
顺德市华强本邦电器有限公司,广东省顺德市勒流镇建设西路,蔡干强,0765-5565139,0765-5333006
自贡长城钨钼高新材料有限责任公司,四川省自贡市贡井区镇德井,陈兵,0813-3301553,0813-3301834
江苏泗阳县新光源灯具有限公司,江苏省泗阳县芙蓉东路1号,李勇,0527-5211608,0527-5222040
福州辉日照明电器有限公司,福州市五四北路333号瑞禾楼5F,连家滨,0591-7732918,0591-7733211
宜兴市美虹照明有限公司,江苏宜兴市东郊王婆桥北,许美根,0510-7591439,0510-7596000
中山市朗能电器实业公司,广东省中山市小榄镇沙口区德来路,邓超华,0760-2103887,0760-2100032
山东力诺集团有限责任公司,山东省济南市高新区华能路38号,高元坤,0531-8037001,0531-8011856
上海正贝照明电器有限公司,上海市上南路5228号,蔡中卫,021-50823588,021-50823988
爱尔兰莱特集团广州代表处,广州市东山区寺右新马路111-115号五羊新城广场1918,黄良春,020-87372196,020-87376129
上海松下电工池田有限公司,上海浦东新区机场镇军民村,高国文,021-58930058,021-58936694
必达福（BWF）环保工业技术（无锡）有限公司,江苏锡山市锡澄北路87-89号,陈丽娜,0510-3755800-102,0510-3751621
通用电气（亚洲）照明中心,上海市虹漕路421号虹漕大楼5楼,欧天启,021-54504590-101,021-64955167
广东省雷州市防盗门厂,广东省雷州市西湖大道95号,彭德权,0759-8822222,0759-8814306
保定市大元霓虹灯安装处,保定市支农路南大元乡156号,刘建伍,0312-2127511,0312-2131070
昆明金辉广告公司,昆明市人民东路111号附三楼,谷风羽,0871-3175968,0871-3128362
太原邦钧霓虹灯饰有限公司,太原市和平北路邮局,孙贵香,0351-3094828,
中山欧朗光照明有限公司,广东省中山市海洲西海公路,袁敏莹,0760-2311118,
中山市华星灯饰有限公司,广东省中山市古镇古二顺成工业区,林炎享,0760-3388118,0760-3388112
中山市古镇步步高灯饰厂,中山市古镇新兴中路21号,曾树能,0760-2350066,0760-2350077
中山市古镇大昌照明电器厂,中山市古镇新兴大道8号,陈健文,0760-2391328,0760-2393738
中山古镇恒生灯具配件厂,中山古镇古一长尾涌工业区,邓昔海,0760-3388776,0760-2351920
中山市古镇艺华电器厂,中山市古镇海洲螺沙显龙工业区,黄润培,0760-2311518,0760-2310263
中山市吉豪灯饰有限公司,中山市古镇古二工业区东风路22号,胡芳静,0760-2344869,0760-3366566
中山市古镇威耐仕灯饰电器厂,中山市古镇东岸公路,林沃明,0760-3388006,0760-3388005
中山市古镇两益五金电器厂,中山市古镇海洲北海工业区,区新池,0760-2310602,0760-2310221
中山市古镇海洲彩虹灯饰玻璃工艺厂,广东省中山市古镇海洲教昌工业区,袁群笑,0760-2310664,0760-2319236
中山市百特电器有限公司,广东省中山市古镇外海大桥右侧,蔡永林,0760-3388281,0760-2349322
中山市古镇南威灯饰厂,中山市古镇六坊工业区,李万雄,13802669661,0760-2344211
中山市古镇越丰电器灯饰厂,中山市古镇中兴大道中,雷满林,0760-2352138,0760-2355192
中山市古镇保时利灯饰电器厂,中山市古镇新兴中路222号富兴大厦,林伟权,0760-3366666,0760-2354155
中山古镇珍宝灯饰有限公司,广东省中山市古镇新兴路113-9（邮局对面）,苏恩培,0760-2351032,0760-2350685
中山誉扬灯饰有限公司,广东省中山市古镇镇古二顺成工业区东方路7号,林进兴,0760-2351123,0760-2342949
中山市古镇美依灯饰电器制造厂,广东省中山市古镇曹二东厢路92号,陶炼,0760-2351458,0760-2350879
中山市古镇先驱电子灯饰电器厂,中山市古镇东岸北路恒信开发区,魏国秋,0760-2318848,0760-2310233
中山市胜球灯饰有限公司,中山市古镇冈东工业区,区成标,0760-3388388,0760-2340881
中山市荣淦照明有限公司,中山市古镇古三第一经济开发区,谭松坚,0760-2350489,0760-2341830
中山市古镇艺宏灯饰电器厂,广东省中山市海洲东岸马路大华路段,魏宏锐,0760-2310867,0760-2310867
中山市巨人电子灯饰有限公司,广东省中山市古镇新兴中路108号,欧超鸿,0760-2354883,0760-2349278
中山市富兴灯饰电器有限公司,广东省中山市古镇镇新兴中路222号,林顺权,0760-3388881,0760-3388940
中山市振辉消防设备有限公司,广东省中山市古镇冈东第三工业区,蔡扬名,0760-3388673,0760-2351900
上海光谷科技有限公司,上海市浦东新区金桥出口加工区云桥路946号,唐国庆,021-58547878,021-58342361
顺德市井本电器厂,广东省顺德市勒流镇光大工业区,冯海蓉,0765-5550008,0765-5530812
靖江欧迪新材料制造有限公司,广东省顺德市勒流镇光大工业区,丁亚俊,0523-4326766-8001,0523-4321633
杭州新城装饰材料市场（新城灯具）,浙江省杭州市杭海路555号,章明华,0571-86038805,0571-86097773
衢州三成照明电器有限公司,浙江省开华县林山上汪桥头,刘成功,0570-6251115,0570-6251115
中山市横栏镇铸艺灯饰电器配件厂,广东省中山市横栏镇贴边工业区,吴元信,0760-7619282,0760-7769823
浙江省宁海县香山新光灯泡厂,浙江省宁海县西店镇下田畈村,戴光军,0574-65184803,0574-65184058
上海忠能电子有限公司,上海市虹中路399号,黄裕盛,021-54581731,021-64651783
上海博庆航标光源设备有限公司,上海吴龙路410弄30号,罗柏全,021-64365421,021-54092704
上海园园航标光源有限公司,上海凌兆路555弄14号301室,李园园,021-58747338,021-58747338
广东新一方电器光明有限公司,广东省广州市白云区九佛镇九佛西路623号,赵涛峰,020-87398068,020-87360629
石家庄宝石电子集团有限责任公司,石家庄市黄河大道9号,王晓伟,0311-5076947,0311-5076947
珠江灯光音响实业有限公司,广州市番禺区迎宾路大石段571号,梁志远,020-84781888,020-84786023
中设工程机械进出口有限责任公司,北京市宣武区广安门外大街178号,宋海希,010-63479239,010-63269268
浙江江山三友电子有限公司,浙江省江山经济开发区浙庄本路1号,吴建农,0570-4221837,0570-4221833
同济大学建筑与城市规划学院视觉与照明艺术研究中心,上海市四平路1239号同济大学建筑与规划学院,郝洛西,021-65982929,65982929
