地板/瓷砖,地板革,http://www.maigoo.com/goomai/list_2996.html
地板/瓷砖,房产家居,http://www.maigoo.com/maigoo/334g_index.html
地板/瓷砖,装修/空间改造,http://www.maigoo.com/maigoo/1061zx_index.html
地板/瓷砖,风水/福运,http://www.maigoo.com/brand10/list_2460.html
地板/瓷砖,户型/房屋类型,http://www.maigoo.com/brand10/list_2509.html
地板/瓷砖,风格/款式,http://www.maigoo.com/brand10/list_2508.html
厨柜/衣柜定制,衣帽间,http://www.maigoo.com/maigoo/1081ymj_index.html
厨柜/衣柜定制,卧室,http://www.maigoo.com/maigoo/1077ws_index.html
厨柜/衣柜定制,房产家居,http://www.maigoo.com/maigoo/334g_index.html
厨柜/衣柜定制,装修/空间改造,http://www.maigoo.com/maigoo/1061zx_index.html
厨柜/衣柜定制,卧室风水,http://www.maigoo.com/brand10/list_2575.html
厨柜/衣柜定制,厨房风水,http://www.maigoo.com/brand10/list_2577.html
厨柜/衣柜定制,厨房,http://www.maigoo.com/brand10/list_2992.html
门/锁/窗/楼梯,非标门,http://10.maigoo.com/brand/list_4978.html
吊顶/板材,壁纸/墙饰/墙漆,http://www.maigoo.com/maigoo/336qi_index.html
吊顶/板材,厨房风水,http://www.maigoo.com/brand10/list_2577.html
吊顶/板材,厨房,http://www.maigoo.com/brand10/list_2992.html
吊顶/板材,卫生间,http://www.maigoo.com/maigoo/1079wsj_index.html
卫浴洁具浴室,卫生间,http://www.maigoo.com/maigoo/1079wsj_index.html
卫浴洁具浴室,卫生间风水,http://www.maigoo.com/brand10/list_2576.html
电工/工具/五金,建工/机械设备,http://www.maigoo.com/maigoo/731jg_index.html
电工/工具/五金,机电仪器仪表,http://www.maigoo.com/maigoo/710yanxy_index.html
建筑材料/消防,吊顶/板材,http://www.maigoo.com/maigoo/332cw_index.html
