地板/瓷砖,实木地板,http://10.maigoo.com/brand/list_1176.html
地板/瓷砖,竹地板,http://10.maigoo.com/brand/list_1178.html
地板/瓷砖,塑胶地板,http://10.maigoo.com/brand/list_1175.html
地板/瓷砖,橡胶地板,http://10.maigoo.com/brand/list_1177.html
地板/瓷砖,软木地板,http://10.maigoo.com/brand/list_1181.html
地板/瓷砖,瓷砖/地板砖,http://10.maigoo.com/brand/list_1137.html
地板/瓷砖,墙砖瓷片,http://10.maigoo.com/brand/list_1142.html
地板/瓷砖,抛光砖,http://10.maigoo.com/brand/list_1141.html
地板/瓷砖,仿古砖,http://10.maigoo.com/brand/list_1138.html
地板/瓷砖,马赛克,http://10.maigoo.com/brand/list_2296.html
地板/瓷砖,釉面砖,http://10.maigoo.com/brand/list_2969.html
地板/瓷砖,通体砖,http://10.maigoo.com/brand/list_2997.html
地板/瓷砖,瓷砖胶/粘合剂,http://10.maigoo.com/brand/list_2158.html
地板/瓷砖,石英石,http://10.maigoo.com/brand/list_2269.html
地板/瓷砖,地板漆,http://10.maigoo.com/brand/list_1156.html
厨柜/衣柜定制,整体衣柜,http://10.maigoo.com/brand/list_1239.html
厨柜/衣柜定制,全屋定制,http://10.maigoo.com/brand/list_2999.html
厨柜/衣柜定制,布衣柜,http://10.maigoo.com/brand/list_2960.html
厨柜/衣柜定制,推拉门-移门,http://10.maigoo.com/brand/list_1117.html
涂料/墙饰/壁纸,油漆涂料,http://10.maigoo.com/brand/list_1169.html
涂料/墙饰/壁纸,水性漆-环保漆,http://10.maigoo.com/brand/list_1154.html
涂料/墙饰/壁纸,壁纸墙纸,http://10.maigoo.com/brand/list_1224.html
涂料/墙饰/壁纸,液体壁纸-艺术涂料,http://10.maigoo.com/brand/list_1219.html
涂料/墙饰/壁纸,硅藻泥,http://10.maigoo.com/brand/list_2236.html
涂料/墙饰/壁纸,地板漆,http://10.maigoo.com/brand/list_1156.html
涂料/墙饰/壁纸,防腐涂料,http://10.maigoo.com/brand/list_2964.html
涂料/墙饰/壁纸,工业油漆,http://10.maigoo.com/brand/list_1832.html
涂料/墙饰/壁纸,防水材料,http://10.maigoo.com/brand/list_2395.html
涂料/墙饰/壁纸,防火涂料,http://10.maigoo.com/brand/list_1172.html
涂料/墙饰/壁纸,粉末涂料,http://10.maigoo.com/brand/list_4503.html
涂料/墙饰/壁纸,喷漆,http://10.maigoo.com/brand/list_4858.html
涂料/墙饰/壁纸,软包,http://10.maigoo.com/brand/list_2218.html
涂料/墙饰/壁纸,建筑幕墙,http://10.maigoo.com/brand/list_2414.html
涂料/墙饰/壁纸,集成墙面,http://10.maigoo.com/brand/list_4797.html
门/锁/窗/楼梯,防盗门-安全门,http://10.maigoo.com/brand/list_1122.html
门/锁/窗/楼梯,钢木门,http://10.maigoo.com/brand/list_1110.html
门/锁/窗/楼梯,木门-复合套装门,http://10.maigoo.com/brand/list_1112.html
门/锁/窗/楼梯,防火门,http://10.maigoo.com/brand/list_1115.html
门/锁/窗/楼梯,原木门-实木门,http://10.maigoo.com/brand/list_1101.html
门/锁/窗/楼梯,推拉门-移门,http://10.maigoo.com/brand/list_1117.html
门/锁/窗/楼梯,铝合金门窗,http://10.maigoo.com/brand/list_1136.html
门/锁/窗/楼梯,厨卫门/玻璃门,http://10.maigoo.com/brand/list_4751.html
门/锁/窗/楼梯,静音门/卧室门,http://10.maigoo.com/brand/list_1108.html
门/锁/窗/楼梯,定制门-室内门,http://10.maigoo.com/brand/list_1104.html
门/锁/窗/楼梯,时尚门,http://10.maigoo.com/brand/list_1105.html
门/锁/窗/楼梯,装甲门,http://10.maigoo.com/brand/list_1135.html
门/锁/窗/楼梯,铜门/铁艺门,http://10.maigoo.com/brand/list_1133.html
门/锁/窗/楼梯,隔断,http://10.maigoo.com/brand/list_4501.html
门/锁/窗/楼梯,不锈钢门窗,http://10.maigoo.com/brand/list_4752.html
门/锁/窗/楼梯,塑钢门窗,http://10.maigoo.com/brand/list_1126.html
门/锁/窗/楼梯,卷帘门窗,http://10.maigoo.com/brand/list_1132.html
门/锁/窗/楼梯,密码锁-电子锁,http://10.maigoo.com/brand/list_3000.html
门/锁/窗/楼梯,防盗门锁芯,http://10.maigoo.com/brand/list_2219.html
门/锁/窗/楼梯,电梯,http://10.maigoo.com/brand/list_1111.html
门/锁/窗/楼梯,楼梯,http://10.maigoo.com/brand/list_1114.html
门/锁/窗/楼梯,防盗窗-防盗网,http://10.maigoo.com/brand/list_1127.html
门/锁/窗/楼梯,门吸-门配件,http://10.maigoo.com/brand/list_2402.html
门/锁/窗/楼梯,防盗纱窗,http://10.maigoo.com/brand/list_4823.html
门/锁/窗/楼梯,衣柜门,http://10.maigoo.com/brand/list_2999.html
门/锁/窗/楼梯,对讲系统可视门铃,http://10.maigoo.com/brand/list_407.html
门/锁/窗/楼梯,功能空间,http://www.maigoo.com/brand10/zhishi_2453.html
门/锁/窗/楼梯,木塑门,http://10.maigoo.com/brand/list_4942.html
照明/灯饰,照明灯具,http://10.maigoo.com/brand/list_965.html
照明/灯饰,LED灯-节能灯,http://10.maigoo.com/brand/list_962.html
照明/灯饰,吊扇灯,http://10.maigoo.com/brand/list_2316.html
照明/灯饰,光源-灯泡,http://10.maigoo.com/brand/list_961.html
照明/灯饰,落地灯,http://10.maigoo.com/brand/list_2244.html
照明/灯饰,壁灯-镜前灯,http://10.maigoo.com/brand/list_3008.html
照明/灯饰,台灯/护眼灯,http://10.maigoo.com/brand/list_964.html
照明/灯饰,应急灯,http://10.maigoo.com/brand/list_967.html
照明/灯饰,LED显示屏,http://10.maigoo.com/brand/list_1864.html
吊顶/板材,集成吊顶,http://10.maigoo.com/brand/list_1242.html
吊顶/板材,铝塑板,http://10.maigoo.com/brand/list_2394.html
吊顶/板材,轻钢龙骨,http://10.maigoo.com/brand/list_2415.html
吊顶/板材,细木工板-大芯板,http://10.maigoo.com/brand/list_1215.html
吊顶/板材,密度板-纤维板,http://10.maigoo.com/brand/list_2955.html
吊顶/板材,防火板-阻燃板,http://10.maigoo.com/brand/list_1229.html
吊顶/板材,墙板-护墙板,http://10.maigoo.com/brand/list_2911.html
吊顶/板材,吸音板,http://10.maigoo.com/brand/list_3009.html
吊顶/板材,建筑模板,http://10.maigoo.com/brand/list_4783.html
吊顶/板材,排气扇,http://10.maigoo.com/brand/list_197.html
吊顶/板材,工艺艺术玻璃,http://10.maigoo.com/brand/list_2378.html
吊顶/板材,阳光板,http://10.maigoo.com/brand/list_4927.html
管道电线电缆布线,管道-水管,http://10.maigoo.com/brand/list_1034.html
管道电线电缆布线,电线电缆,http://10.maigoo.com/brand/list_1073.html
管道电线电缆布线,光纤光缆,http://10.maigoo.com/brand/list_4495.html
管道电线电缆布线,网线/USB线,http://10.maigoo.com/brand/list_353.html
管道电线电缆布线,三通,http://10.maigoo.com/brand/list_1050.html
管道电线电缆布线,桥架,http://10.maigoo.com/brand/list_4784.html
管道电线电缆布线,电气,http://10.maigoo.com/brand/list_1090.html
管道电线电缆布线,转接线/数据线,http://10.maigoo.com/brand/list_2226.html
管道电线电缆布线,冷暖系统/中央空调,http://10.maigoo.com/brand/list_134.html
管道电线电缆布线,水表,http://10.maigoo.com/brand/list_1091.html
管道电线电缆布线,电表,http://10.maigoo.com/brand/list_1092.html
卫浴洁具浴室,花洒,http://10.maigoo.com/brand/list_1188.html
卫浴洁具浴室,水龙头,http://10.maigoo.com/brand/list_1070.html
卫浴洁具浴室,智能座便器,http://10.maigoo.com/brand/list_1197.html
卫浴洁具浴室,浴缸,http://10.maigoo.com/brand/list_1191.html
卫浴洁具浴室,面盆-台盆,http://10.maigoo.com/brand/list_1196.html
卫浴洁具浴室,浴室柜-台盆柜,http://10.maigoo.com/brand/list_1192.html
卫浴洁具浴室,淋浴房,http://10.maigoo.com/brand/list_1189.html
卫浴洁具浴室,蒸汽房,http://10.maigoo.com/brand/list_1214.html
卫浴洁具浴室,干手器,http://10.maigoo.com/brand/list_163.html
卫浴洁具浴室,蹲便器,http://10.maigoo.com/brand/list_3006.html
卫浴洁具浴室,地漏,http://10.maigoo.com/brand/list_1213.html
卫浴洁具浴室,角阀,http://10.maigoo.com/brand/list_2290.html
卫浴洁具浴室,日用五金制品,http://10.maigoo.com/brand/list_2926.html
卫浴洁具浴室,镜子,http://10.maigoo.com/brand/list_4888.html
卫浴洁具浴室,水槽,http://10.maigoo.com/brand/list_1198.html
卫浴洁具浴室,电热水器,http://10.maigoo.com/brand/list_188.html
卫浴洁具浴室,燃气热水器,http://10.maigoo.com/brand/list_189.html
卫浴洁具浴室,排气扇,http://10.maigoo.com/brand/list_197.html
卫浴洁具浴室,建材连锁,http://10.maigoo.com/brand/list_1085.html
电工/工具/五金,扳手,http://10.maigoo.com/brand/list_1083.html
电工/工具/五金,千斤顶,http://10.maigoo.com/brand/list_2429.html
电工/工具/五金,继电器,http://10.maigoo.com/brand/list_2235.html
电工/工具/五金,电工,http://10.maigoo.com/brand/list_1094.html
电工/工具/五金,数控刀具,http://10.maigoo.com/brand/list_2224.html
电工/工具/五金,配电箱,http://10.maigoo.com/brand/list_4841.html
电工/工具/五金,低压电器,http://10.maigoo.com/brand/list_2233.html
电工/工具/五金,装饰五金,http://10.maigoo.com/brand/list_1040.html
电工/工具/五金,电线电缆,http://10.maigoo.com/brand/list_1073.html
电工/工具/五金,电气,http://10.maigoo.com/brand/list_1090.html
电工/工具/五金,日用五金制品,http://10.maigoo.com/brand/list_2926.html
建筑材料/消防,钢材-钢板,http://10.maigoo.com/brand/list_1033.html
建筑材料/消防,石材石料,http://10.maigoo.com/brand/list_1037.html
建筑材料/消防,建筑不锈钢,http://10.maigoo.com/brand/list_2171.html
建筑材料/消防,瓷砖胶/粘合剂,http://10.maigoo.com/brand/list_2158.html
建筑材料/消防,玻璃,http://10.maigoo.com/brand/list_1036.html
建筑材料/消防,大理石,http://10.maigoo.com/brand/list_2299.html
建筑材料/消防,玻璃胶,http://10.maigoo.com/brand/list_2241.html
建筑材料/消防,美缝剂,http://10.maigoo.com/brand/list_2270.html
建筑材料/消防,腻子粉/原子灰,http://10.maigoo.com/brand/list_2263.html
建筑材料/消防,界面剂,http://10.maigoo.com/brand/list_4785.html
建筑材料/消防,地暖电热供暖,http://10.maigoo.com/brand/list_2217.html
建筑材料/消防,管道-水管,http://10.maigoo.com/brand/list_1034.html
建筑材料/消防,软管,http://10.maigoo.com/brand/list_2283.html
建筑材料/消防,石材养护-石材胶,http://10.maigoo.com/brand/list_4862.html
建筑材料/消防,金刚石,http://10.maigoo.com/brand/list_2338.html
地板/瓷砖,地板,http://10.maigoo.com/brand/list_1187.html
地板/瓷砖,强化复合地板,http://10.maigoo.com/brand/list_1184.html
地板/瓷砖,多层木地板,http://10.maigoo.com/brand/list_1180.html
地板/瓷砖,防静电地板,http://10.maigoo.com/brand/list_1173.html
地板/瓷砖,地热地板,http://10.maigoo.com/brand/list_1185.html
地板/瓷砖,木塑地板,http://10.maigoo.com/brand/list_2425.html
地板/瓷砖,木纹砖,http://10.maigoo.com/brand/list_2970.html
地板/瓷砖,大理石瓷砖,http://10.maigoo.com/brand/list_2971.html
地板/瓷砖,玻化砖,http://10.maigoo.com/brand/list_2995.html
地板/瓷砖,微晶石,http://10.maigoo.com/brand/list_2968.html
地板/瓷砖,陶瓷薄板,http://10.maigoo.com/brand/list_4502.html
地板/瓷砖,亚光砖,http://10.maigoo.com/brand/list_4499.html
地板/瓷砖,劈开砖,http://10.maigoo.com/brand/list_4498.html
地板/瓷砖,美缝剂,http://10.maigoo.com/brand/list_2270.html
厨柜/衣柜定制,厨柜/整体厨房,http://10.maigoo.com/brand/list_910.html
厨柜/衣柜定制,全屋整装,http://10.maigoo.com/brand/list_4976.html
涂料/墙饰/壁纸,乳胶漆-墙漆,http://10.maigoo.com/brand/list_1153.html
涂料/墙饰/壁纸,木器漆-家具漆,http://10.maigoo.com/brand/list_1155.html
涂料/墙饰/壁纸,防水涂料,http://10.maigoo.com/brand/list_1164.html
涂料/墙饰/壁纸,背景墙,http://10.maigoo.com/brand/list_2286.html
涂料/墙饰/壁纸,墙布-壁布,http://10.maigoo.com/brand/list_3014.html
涂料/墙饰/壁纸,建筑涂料,http://10.maigoo.com/brand/list_1168.html
涂料/墙饰/壁纸,地坪漆,http://10.maigoo.com/brand/list_4494.html
涂料/墙饰/壁纸,真石漆,http://10.maigoo.com/brand/list_4663.html
涂料/墙饰/壁纸,钛白粉,http://10.maigoo.com/brand/list_4780.html
涂料/墙饰/壁纸,墙砖瓷片,http://10.maigoo.com/brand/list_1142.html
涂料/墙饰/壁纸,白乳胶,http://10.maigoo.com/brand/list_2386.html
涂料/墙饰/壁纸,保温材料,http://10.maigoo.com/brand/list_4928.html
门/锁/窗/楼梯,生态门-健康门,http://10.maigoo.com/brand/list_1118.html
门/锁/窗/楼梯,免漆门,http://10.maigoo.com/brand/list_1107.html
门/锁/窗/楼梯,锁具/门锁,http://10.maigoo.com/brand/list_1042.html
门/锁/窗/楼梯,指纹锁-智能锁,http://10.maigoo.com/brand/list_1100.html
门/锁/窗/楼梯,家用梯,http://10.maigoo.com/brand/list_1134.html
门/锁/窗/楼梯,百叶帘卷帘,http://10.maigoo.com/brand/list_1124.html
门/锁/窗/楼梯,铰链-合页-滑轨,http://10.maigoo.com/brand/list_2259.html
门/锁/窗/楼梯,闭门器-地弹簧,http://10.maigoo.com/brand/list_2443.html
门/锁/窗/楼梯,隔音隔热,http://10.maigoo.com/brand/list_1125.html
门/锁/窗/楼梯,门禁系统,http://10.maigoo.com/brand/list_406.html
照明/灯饰,吸顶灯,http://10.maigoo.com/brand/list_2271.html
照明/灯饰,筒灯/射灯,http://10.maigoo.com/brand/list_2397.html
照明/灯饰,水晶灯/吊灯,http://10.maigoo.com/brand/list_2961.html
照明/灯饰,灯饰/复古灯,http://10.maigoo.com/brand/list_966.html
照明/灯饰,灯带-灯条,http://10.maigoo.com/brand/list_2295.html
照明/灯饰,灯管-日光灯,http://10.maigoo.com/brand/list_3007.html
照明/灯饰,庭院灯/户外灯,http://10.maigoo.com/brand/list_4667.html
吊顶/板材,铝扣板,http://10.maigoo.com/brand/list_1883.html
吊顶/板材,装饰板-板材,http://10.maigoo.com/brand/list_1228.html
吊顶/板材,生态板-免漆板,http://10.maigoo.com/brand/list_2914.html
吊顶/板材,多层板-胶合板,http://10.maigoo.com/brand/list_1226.html
吊顶/板材,饰面板-人造板,http://10.maigoo.com/brand/list_2956.html
吊顶/板材,刨花板,http://10.maigoo.com/brand/list_2954.html
吊顶/板材,集成材-实木指接板,http://10.maigoo.com/brand/list_4782.html
吊顶/板材,碳化木-防腐木,http://10.maigoo.com/brand/list_2871.html
吊顶/板材,石膏板,http://10.maigoo.com/brand/list_1227.html
吊顶/板材,装饰纸,http://10.maigoo.com/brand/list_2256.html
吊顶/板材,石膏线,http://10.maigoo.com/brand/list_2297.html
吊顶/板材,浴霸-风暖,http://10.maigoo.com/brand/list_190.html
管道电线电缆布线,线材-装修线,http://10.maigoo.com/brand/list_3398.html
管道电线电缆布线,钢管-金属管,http://10.maigoo.com/brand/list_1097.html
管道电线电缆布线,水暖管-地暖管,http://10.maigoo.com/brand/list_2216.html
管道电线电缆布线,新风系统/吸尘系统,http://10.maigoo.com/brand/list_2937.html
管道电线电缆布线,软管,http://10.maigoo.com/brand/list_2283.html
管道电线电缆布线,地暖电热供暖,http://10.maigoo.com/brand/list_2217.html
卫浴洁具浴室,卫浴洁具,http://10.maigoo.com/brand/list_1210.html
卫浴洁具浴室,马桶-坐便器,http://10.maigoo.com/brand/list_1194.html
卫浴洁具浴室,洁身器/马桶盖,http://10.maigoo.com/brand/list_1195.html
卫浴洁具浴室,按摩浴缸,http://10.maigoo.com/brand/list_1202.html
卫浴洁具浴室,五金挂件/太空铝,http://10.maigoo.com/brand/list_1211.html
卫浴洁具浴室,沐浴桶,http://10.maigoo.com/brand/list_1200.html
卫浴洁具浴室,感应洁具,http://10.maigoo.com/brand/list_1829.html
卫浴洁具浴室,小便斗,http://10.maigoo.com/brand/list_4537.html
卫浴洁具浴室,浴霸-风暖,http://10.maigoo.com/brand/list_190.html
电工/工具/五金,开关插座,http://10.maigoo.com/brand/list_1075.html
电工/工具/五金,排插-插座,http://10.maigoo.com/brand/list_2279.html
电工/工具/五金,电动工具,http://10.maigoo.com/brand/list_1872.html
电工/工具/五金,油锯,http://10.maigoo.com/brand/list_2935.html
电工/工具/五金,水平仪,http://10.maigoo.com/brand/list_2924.html
电工/工具/五金,电锤电钻,http://10.maigoo.com/brand/list_1082.html
电工/工具/五金,电动螺丝刀,http://10.maigoo.com/brand/list_1812.html
电工/工具/五金,钻头,http://10.maigoo.com/brand/list_1534.html
电工/工具/五金,麻花钻,http://10.maigoo.com/brand/list_1536.html
电工/工具/五金,手动工具,http://10.maigoo.com/brand/list_2349.html
电工/工具/五金,气动工具,http://10.maigoo.com/brand/list_2440.html
电工/工具/五金,液压工具,http://10.maigoo.com/brand/list_2441.html
电工/工具/五金,空气开关/断路器,http://10.maigoo.com/brand/list_2231.html
电工/工具/五金,工具箱,http://10.maigoo.com/brand/list_2369.html
电工/工具/五金,电烙铁,http://10.maigoo.com/brand/list_2421.html
电工/工具/五金,水准仪,http://10.maigoo.com/brand/list_4793.html
电工/工具/五金,金刚石工具,http://10.maigoo.com/brand/list_2339.html
电工/工具/五金,热熔器,http://10.maigoo.com/brand/list_2948.html
电工/工具/五金,开关电源,http://10.maigoo.com/brand/list_3017.html
电工/工具/五金,焊锡丝,http://10.maigoo.com/brand/list_4845.html
电工/工具/五金,五金挂件/太空铝,http://10.maigoo.com/brand/list_1211.html
电工/工具/五金,锁具/门锁,http://10.maigoo.com/brand/list_1042.html
电工/工具/五金,喷枪,http://10.maigoo.com/brand/list_4954.html
建筑材料/消防,铝材/铝合金,http://10.maigoo.com/brand/list_1032.html
建筑材料/消防,水泥,http://10.maigoo.com/brand/list_1048.html
建筑材料/消防,镀锌板-镀锌管,http://10.maigoo.com/brand/list_3004.html
建筑材料/消防,石英石,http://10.maigoo.com/brand/list_2269.html
建筑材料/消防,白乳胶,http://10.maigoo.com/brand/list_2386.html
建筑材料/消防,工艺艺术玻璃,http://10.maigoo.com/brand/list_2378.html
建筑材料/消防,消防,http://10.maigoo.com/brand/list_1093.html
建筑材料/消防,灭火器,http://10.maigoo.com/brand/list_2285.html
建筑材料/消防,胶水,http://10.maigoo.com/brand/list_2288.html
建筑材料/消防,钢管-金属管,http://10.maigoo.com/brand/list_1097.html
建筑材料/消防,石膏线,http://10.maigoo.com/brand/list_2297.html
建筑材料/消防,活性炭,http://10.maigoo.com/brand/list_2245.html
涂料/墙饰/壁纸,汽车油漆,http://10.maigoo.com/brand/list_1157.html
门/锁/窗/楼梯,自动门,http://10.maigoo.com/brand/list_1099.html
吊顶/板材,集成墙面,http://10.maigoo.com/brand/list_4797.html
建筑材料/消防,应急灯,http://10.maigoo.com/brand/list_967.html
