2015 即兴表演 任何手机 无任何道具 手机死机魔术 死机  中文,http://www.1moshu.com/thread-11976-1-1.html
2015 红色阴影续 52 Shades of Red Version 2 by Shin Lim,http://www.1moshu.com/thread-11961-1-1.html
2016 手机消失 Flashy by SansMinds Creatrive Lab,http://www.1moshu.com/thread-12068-1-1.html
2016 拍照消失 Never There by Morgan Strebler and SansMinds,http://www.1moshu.com/thread-12067-1-1.html
2016 近景钞票魔术 Cornered by SansMinds Creative Lab,http://www.1moshu.com/thread-12066-1-1.html
2016 中文翻译 心灵魔术 椅子流程 NIX4 by Paul Brook,http://www.1moshu.com/thread-12065-1-1.html
2016 中文 龙舌兰欺诈师 Tequila Hustler by Mark Elsdon,http://www.1moshu.com/thread-12064-1-1.html
2016 中文翻译 The Brain Children of Ken Dyne,http://www.1moshu.com/thread-12063-1-1.html
中文 出门必需要演的 手机魔术 超强心灵预言 中文教学,http://www.1moshu.com/thread-12062-1-1.html
2016 突围 Breakout by Brandon David & Chris Turchi,http://www.1moshu.com/thread-12061-1-1.html
2016 淘气盒子 The Devil Box by Martin Goh,http://www.1moshu.com/thread-12060-1-1.html
2016 全面近景 Pablo Segobriga Curso De Iniciacion A La Magia,http://www.1moshu.com/thread-12059-1-1.html
2016 企鹅讲座 Mike Hankins Penguin Live Online Lecture,http://www.1moshu.com/thread-12058-1-1.html
2016 镊子夹硬币 Pinzamiento por Mario Lopez,http://www.1moshu.com/thread-12057-1-1.html
2016 硬币魔术 打破 Break by Uday Jadugar,http://www.1moshu.com/thread-12056-1-1.html
2016 记号转移 Intrusion by Magic Unique,http://www.1moshu.com/thread-12055-1-1.html
2016分裂牌盒 Marvelous Multiplying Card Boxes Matthew Wright,http://www.1moshu.com/thread-12054-1-1.html
2016 反差 Contrast by Victor Sanz and SansMinds,http://www.1moshu.com/thread-12053-1-1.html
2016 动力 Steam 2.0 by Ali Nouira,http://www.1moshu.com/thread-12052-1-1.html
2015 纸牌手法 Control Collection by Akira Fujii,http://www.1moshu.com/thread-12051-1-1.html
2016 史诗牌叠 Epic Deck by Scott Alexander,http://www.1moshu.com/thread-12050-1-1.html
2016 回火 Re-Ignition by Mechanic Industries,http://www.1moshu.com/thread-12049-1-1.html
2016 超级大作 相机手法 Camera Tricks by Casshan Wallace,http://www.1moshu.com/thread-12048-1-1.html
2016 贪婪者的梦想 Baxt a Boy & a Bucket by Robert Baxt,http://www.1moshu.com/thread-12047-1-1.html
2016 四张牌游戏 Big Four Poker by Tom Dobrowolski,http://www.1moshu.com/thread-12046-1-1.html
2016 企鹅讲座 John Shryock Penguin Live Online Lecture,http://www.1moshu.com/thread-12045-1-1.html
2016 迫牌魔术教学 Dave Hooper - Force of Will,http://www.1moshu.com/thread-12044-1-1.html
2016 猜七张牌 Hustle by Juan Marcos,http://www.1moshu.com/thread-12043-1-1.html
2016 魔幻烟包 Magic Cigarette Packs by Hoang Sam,http://www.1moshu.com/thread-12042-1-1.html
2016 空盒出物 Reset Cigarette ver 2.0 by Hoang Sam,http://www.1moshu.com/thread-12041-1-1.html
2016 引燃 Ignition by Mechanic Industrie,http://www.1moshu.com/thread-12040-1-1.html
2016 盒中思想 Thinking Inside the Box by Kyle Purnell,http://www.1moshu.com/thread-12039-1-1.html
2016 缠住 Stuck by James Brown,http://www.1moshu.com/thread-12038-1-1.html
2016 便利贴预言 Going Postal by Rick Lax,http://www.1moshu.com/thread-12036-1-1.html
2016 白牌幻影 Fan Belt by Mechanic Industries,http://www.1moshu.com/thread-12035-1-1.html
2016 简易扒手 Easy Stea by James Brown,http://www.1moshu.com/thread-12034-1-1.html
极致换托盒 Mark Shortland - AmazeBox 思想盒子,http://www.1moshu.com/thread-12033-1-1.html
2016 黑洞 Quantum Space by Calen Morelli,http://www.1moshu.com/thread-12032-1-1.html
中文 Mind Eraser by Joe Brogie 心灵板擦,http://www.1moshu.com/thread-12030-1-1.html
2016 纸牌入盒 Toibox Card To Box System by Jonathan Kamm,http://www.1moshu.com/thread-12029-1-1.html
2016 硬币魔术 Triad Coins by Joshua Jay,http://www.1moshu.com/thread-12028-1-1.html
2016 消失的牌 Gone Deck by Shin Lim,http://www.1moshu.com/thread-12027-1-1.html
2016 企鹅讲座 Michel Huot Penguin Live Online Lecture,http://www.1moshu.com/thread-12026-1-1.html
2016 明确的选择 Clear Choice by Thinking Paradox,http://www.1moshu.com/thread-12025-1-1.html
2016 近景生活魔术 The Weekly: Episode 31 by Kyle Marlett,http://www.1moshu.com/thread-12024-1-1.html
2016 金属弯曲艺术 Art of Metal Bending by Menny Lindenfeld,http://www.1moshu.com/thread-12023-1-1.html
2016 即兴钞票变幻 400 Lux by Kyle Littleton,http://www.1moshu.com/thread-12022-1-1.html
2015 黑洞 Hole by Higpon,http://www.1moshu.com/thread-12021-1-1.html
2016 Hack 猜出手机密码 中文魔术,http://www.1moshu.com/thread-12020-1-1.html
2016 持有之物 Holder by Magic Unique,http://www.1moshu.com/thread-12019-1-1.html
2016 不可能的穿越 Penetration Impossible by Higpon,http://www.1moshu.com/thread-12018-1-1.html
2016 表面3 SURFACE III by Arnel Renegado,http://www.1moshu.com/thread-12017-1-1.html
2016 薄荷糖完全穿越 SURFACE II by Arnel Renegado,http://www.1moshu.com/thread-12016-1-1.html
2016 TBC 出品 纸牌流程 The Crossroad by Alex Pandrea,http://www.1moshu.com/thread-12014-1-1.html
2016 iPhone 手机魔术 出门必演,http://www.1moshu.com/thread-12013-1-1.html
2016 DD 绘制 The Paint Can by Juan Tamariz,http://www.1moshu.com/thread-12012-1-1.html
2015 台湾魔术大会纪念表演片 TMA Magic Convention,http://www.1moshu.com/thread-12011-1-1.html
2015 撕牌还原 Broken and Fixed by Tom Phoenix,http://www.1moshu.com/thread-12009-1-1.html
2015 钱包魔术 SansMinds Wallet,http://www.1moshu.com/thread-12008-1-1.html
2015 牌洞 Holicity by Zachary Tolstoy,http://www.1moshu.com/thread-12007-1-1.html
2015 密封 Airtight by Jay Sankey Presented by Matt Johnson,http://www.1moshu.com/thread-12006-1-1.html
2015 流淌 Influx by Tom Elderfield,http://www.1moshu.com/thread-12005-1-1.html
2015 另一方面 Flipside by Mechanic Industries,http://www.1moshu.com/thread-12004-1-1.html
2015 E公司出品 近景纸牌魔术 Resonance by Lewis Le Val,http://www.1moshu.com/thread-12003-1-1.html
2015 扒手秘密 Secrets of Pickpocketing by James Brown,http://www.1moshu.com/thread-11997-1-1.html
2015 纸牌魔术 混乱大作 Chaos por Dani DaOrtiz,http://www.1moshu.com/thread-11996-1-1.html
2015 易拉罐还原 Rise by Sean Scott,http://www.1moshu.com/thread-11995-1-1.html
2015 小胖讲座 At the Table Live Lecture by Chris Mayhew,http://www.1moshu.com/thread-11994-1-1.html
2015 企鹅讲座 Jason Alexander Penguin Live Online Lecture,http://www.1moshu.com/thread-11993-1-1.html
2015 牌盒换牌 Cold Case by Greg Wilson,http://www.1moshu.com/thread-11992-1-1.html
2015墨菲讲座 At the Table Live Lecture starring Martin Lewis,http://www.1moshu.com/thread-11991-1-1.html
2015 墨菲讲座 At the Table Live Lecture by Anton James,http://www.1moshu.com/thread-11990-1-1.html
2015墨菲讲座 At the Table Live Lecture starring Andi Gladwin,http://www.1moshu.com/thread-11989-1-1.html
2015 近景魔术 石头剪子布 Rock Paper Lies by Jay Di Biase,http://www.1moshu.com/thread-11988-1-1.html
2015 基础 The Foundation by SansMinds,http://www.1moshu.com/thread-11987-1-1.html
2015 花式假切 F.L.O.W by Vivek Singhi,http://www.1moshu.com/thread-11986-1-1.html
2015 花切教学 That Big Thing by David Pedersen,http://www.1moshu.com/thread-11985-1-1.html
2015 E公司 实用硬币流程 Pegasus by Perseus Arkomanis,http://www.1moshu.com/thread-11984-1-1.html
2015 E公司 戒指和钥匙 Ring and Key by Perseus Arkomanis,http://www.1moshu.com/thread-11983-1-1.html
2015 终极扑克读心术 操纵 Hijacked by Ken Dyne,http://www.1moshu.com/thread-11981-1-1.html
2015 压缩笔 Compress by SansMinds Creative Lab,http://www.1moshu.com/thread-11980-1-1.html
2015 秘密 Secret Servante by Sean Goodman,http://www.1moshu.com/thread-11979-1-1.html
2015 更多工作 More Works by Steve Dobson,http://www.1moshu.com/thread-11978-1-1.html
2015 脉搏停止 D.O.A by Morgan Strebler and SansMinds,http://www.1moshu.com/thread-11977-1-1.html
2015 中文魔术教学 Yif魔幻 皮筋跳跃两次 皮筋两跳,http://www.1moshu.com/thread-11975-1-1.html
2015 中文翻译 即兴纸牌心灵魔术 Thinking in motion,http://www.1moshu.com/thread-11974-1-1.html
2015 中文 超强心灵魔术 究极预言系统,http://www.1moshu.com/thread-11973-1-1.html
2015 中文 实用纸牌流程 两路相遇,http://www.1moshu.com/thread-11972-1-1.html
2015 纸牌悬浮 Apollo Ascending by Apollo Riego and SansMinds,http://www.1moshu.com/thread-11971-1-1.html
2015 纸牌快速变钞票 OH SNAP! by Jibrizy Taylor & SansMinds,http://www.1moshu.com/thread-11970-1-1.html
2015 硬币溶解 Coin Flux 2 by Wayne Dobson and JB Magic,http://www.1moshu.com/thread-11969-1-1.html
2015 演变 Evolve by Nicholas Lawrence & World Magic Shop,http://www.1moshu.com/thread-11968-1-1.html
2015 撕牌还原 Mend by Nicholas Lawrence and Sensor Magic,http://www.1moshu.com/thread-11967-1-1.html
2015 企鹅讲座 Scott Alexander Penguin Live Online Lecture 3,http://www.1moshu.com/thread-11966-1-1.html
2015 牌入高脚杯 礼物 The Souvenir by Henri White,http://www.1moshu.com/thread-11964-1-1.html
2015 你的选择 Your Choice by Axel Hecklau,http://www.1moshu.com/thread-11963-1-1.html
2015 近景钞票 Missing Dollar by Nicholas Einhorn,http://www.1moshu.com/thread-11962-1-1.html
2015 国王与猎手 Reyes Cazadores by Jesus Duque,http://www.1moshu.com/thread-11960-1-1.html
2015 钢笔或铅笔 Pen Or Pencil by Mickael Chatelain,http://www.1moshu.com/thread-11959-1-1.html
2015 法式序列 纸牌手法 French Sequence by Miquel Roman,http://www.1moshu.com/thread-11958-1-1.html
2015 巴格拉斯效果 Implausibilities by Hudson Taylor,http://www.1moshu.com/thread-11957-1-1.html
2015 Theory11 冬眠 扑克自升 Sleeper by Eoin O'Hare,http://www.1moshu.com/thread-11956-1-1.html
The Anniversary Waltz Project by Garrett Thomas & Doc Eason,http://www.1moshu.com/thread-11955-1-1.html
2015 E公司出品 单牌连接 O.C.L. by Ben Williams,http://www.1moshu.com/thread-11954-1-1.html
2015 Ellusionist 钞票纸牌穿越 Iris by Lloyd Barnes,http://www.1moshu.com/thread-11953-1-1.html
2015 D&D The Cloak by Daniel Prado,http://www.1moshu.com/thread-11952-1-1.html
2015 企鹅讲座 Cyril Penguin Live Online Lecture,http://www.1moshu.com/thread-11951-1-1.html
2015 4A出牌流程 Decked Out by John Bannon,http://www.1moshu.com/thread-11950-1-1.html
2015 中文 火柴头 Match Heads by Matt Mello,http://www.1moshu.com/thread-11944-1-1.html
2015 纸牌限制 Limited Tango Card (L.T.C.) by Tango,http://www.1moshu.com/thread-11943-1-1.html
2015 心灵笔记本 HPad by Henri Beaumont and Marchand de trucs,http://www.1moshu.com/thread-11942-1-1.html
2015 皮筋魔术 The Gift by Joe Rindfleisch,http://www.1moshu.com/thread-11941-1-1.html
2015 三重翻转 Triple Flip by Rick lax,http://www.1moshu.com/thread-11940-1-1.html
2015 入迷 Addict by Wayne Dobson and JB Magic,http://www.1moshu.com/thread-11939-1-1.html
2015 球与卡 Yoo Hyun Min - 4th Dimension,http://www.1moshu.com/thread-11938-1-1.html
2015 钱币指环 24-Karat Fold by Gregory Wilson,http://www.1moshu.com/thread-11937-1-1.html
2015 企鹅讲座 Kieron Johnson Penguin Live Online Lecture,http://www.1moshu.com/thread-11936-1-1.html
2015 牌进钱包 La Cartera Multiefectos by Dani DaOrtiz,http://www.1moshu.com/thread-11935-1-1.html
2015 墨迹 Ink by Hui Zheng,http://www.1moshu.com/thread-11934-1-1.html
2015 密码 Codino by Andreas Dante,http://www.1moshu.com/thread-11933-1-1.html
2015 徽章 Badge by Alexis De La Fuente and Sebastien Calbry,http://www.1moshu.com/thread-11932-1-1.html
2015 笔记本自动打开 Haunted Pad by Arnel Renegado,http://www.1moshu.com/thread-11931-1-1.html
2015 杯中牌2.0 The One 2.0 by Anthony Stan,http://www.1moshu.com/thread-11930-1-1.html
2015 自制平板 The DIY I-Pad by Scott Creasey,http://www.1moshu.com/thread-11924-1-1.html
2015 终极 Foolerby Ramon Rioboo 中文,http://www.1moshu.com/thread-11923-1-1.html
2015 中文 玛诺达 MANOEDA - A Mental Which Hand by E.E.,http://www.1moshu.com/thread-11922-1-1.html
中文 愚弄魔术师的流程 Two More Tricks for Allen Kennedy,http://www.1moshu.com/thread-11921-1-1.html
2015 中文 油画布 Canvas by Sean Waters,http://www.1moshu.com/thread-11920-1-1.html
2015 中文 信封出手机 Cellular Production,http://www.1moshu.com/thread-11919-1-1.html
2015 中文 秘术CullClose Culls by Harapan Ong,http://www.1moshu.com/thread-11918-1-1.html
2015 虚空变牌 Avoid Change by Kelvin Trinh,http://www.1moshu.com/thread-11917-1-1.html
2015 心灵纸牌 触摸思维 Kelvin Trinh - Touch Think,http://www.1moshu.com/thread-11916-1-1.html
2015 吸管穿越 Pierce by Jibzy Tailor and SansMinds,http://www.1moshu.com/thread-11915-1-1.html
2015 视觉幻影 Visions by Marc Salem,http://www.1moshu.com/thread-11914-1-1.html
2015 企鹅讲座 Tom Dobrowolski Penguin Live Online Lecture,http://www.1moshu.com/thread-11913-1-1.html
2015 企鹅讲座 Steve Valentine Penguin Live Online Lecture,http://www.1moshu.com/thread-11912-1-1.html
2015 近景讲座 At the Table Live Lecture by Bobby Maverick,http://www.1moshu.com/thread-11911-1-1.html
2015 另类找牌魔术教学 Pit Hartling - The Core 中文,http://www.1moshu.com/thread-11910-1-1.html
2015 力推教学 即兴皮筋连环 Class 3 by ZiHu Team,http://www.1moshu.com/thread-11909-1-1.html
2015 花切教学 That Big Thing by David Pedersen,http://www.1moshu.com/thread-11908-1-1.html
2015 反转变幻 GONE by Daniel Bryan,http://www.1moshu.com/thread-11907-1-1.html
2015 耳语 扑克魔术教学 Whisper By Nubzmagic,http://www.1moshu.com/thread-11906-1-1.html
2015 单壳游戏魔术教学 Rob Bromley - Simplex Monte,http://www.1moshu.com/thread-11905-1-1.html
2015 白牌幻变 Blink Duplication by Katsuya Masuda,http://www.1moshu.com/thread-11904-1-1.html
2015 手机即兴奇迹 NiPhone by Nie Te and Penny Chow,http://www.1moshu.com/thread-11903-1-1.html
2015 丘比特弓箭 Cupid by SansMinds Creative Lab,http://www.1moshu.com/thread-11902-1-1.html
2015 活力 Piperactive by James Piper and RSVP Magic 2集全,http://www.1moshu.com/thread-11901-1-1.html
2015 终极绿野仙踪 Gimmickless Invisible Deck by Darryl Davis,http://www.1moshu.com/thread-11900-1-1.html
2015 真正变牌 Real Card Color Change By Miquel Roman,http://www.1moshu.com/thread-11899-1-1.html
2015 意念触动回形针 Cliptism II by Arnel Renegado,http://www.1moshu.com/thread-11898-1-1.html
2015 手机壳瞬间换钞 Phone Phreak by Jeff Prace,http://www.1moshu.com/thread-11897-1-1.html
2015 三重转换 Triple Transformación by Juan Luis Rubiales,http://www.1moshu.com/thread-11896-1-1.html
2015 企鹅讲座 Paul Green Penguin Live Online Lecture,http://www.1moshu.com/thread-11895-1-1.html
015 皮筋穿手 Rubber Band Through Hand by Joe Rindfleisch,http://www.1moshu.com/thread-11894-1-1.html
2015 螺栓手法 Hacking Sack & Bolt by Curtis Kam,http://www.1moshu.com/thread-11893-1-1.html
2015 口香糖变化 Red Mint by Victor Sanz,http://www.1moshu.com/thread-11892-1-1.html
2015 回归经典 Return to Oz by Justin Miller,http://www.1moshu.com/thread-11891-1-1.html
2015 大牌问题 Jumbo Card Problem by Magic Wladimir,http://www.1moshu.com/thread-11890-1-1.html
2015 EMC 扑克牌本 The Bound Deck by Juan Luis Rubiales,http://www.1moshu.com/thread-11889-1-1.html
2015 自动流程大碟 BBM Awesome Self Working Card Tricks,http://www.1moshu.com/thread-4793-1-1.html
2015完全心灵 Completely Mental by Tom Wright and Arron Jones,http://www.1moshu.com/thread-4792-1-1.html
2015 盲目收藏 The Blind Faith Collection by Abhinav & AJ,http://www.1moshu.com/thread-4791-1-1.html
中文 罗马时光 Peter Turner - When In Rome,http://www.1moshu.com/thread-4790-1-1.html
2015 钞票取物 Extract by Jason Yu and SansMinds,http://www.1moshu.com/thread-4789-1-1.html
2015 解码 Code Breaker by Michael Murray and Gregory Wilson,http://www.1moshu.com/thread-4788-1-1.html
2015 最终目的 Final Destination by Matthew Wright,http://www.1moshu.com/thread-4787-1-1.html
2015 舞台专业手彩 Professional by Kim Hyun Soo,http://www.1moshu.com/thread-4786-1-1.html
2015 纸牌手法 Tarbell 39: Fundamental Card Sleights,http://www.1moshu.com/thread-4785-1-1.html
2015 心灵预言 Killer Prediction by Cody Fisher,http://www.1moshu.com/thread-4784-1-1.html
2015 喜剧心灵Comedy Magic and Mind Reading Lecture,http://www.1moshu.com/thread-4783-1-1.html
2015 碎片 Pieces by Christian Engblom,http://www.1moshu.com/thread-4782-1-1.html
2015 撕牌变换 Rip and Fold by Rick Lax,http://www.1moshu.com/thread-4781-1-1.html
2015 考官 新版撕报纸还原 Examiner by John Graham,http://www.1moshu.com/thread-4780-1-1.html
2015 思想灯泡 Thought Plucker by Rick Lax,http://www.1moshu.com/thread-4779-1-1.html
2015 瞬间函数 Unlink by Jordan Victoria,http://www.1moshu.com/thread-4778-1-1.html
2015 神秘现身 What Tha by Rodger Lovins,http://www.1moshu.com/thread-4777-1-1.html
2015 戒指串联 Merge by Paul Romhany,http://www.1moshu.com/thread-4776-1-1.html
2015 反不反弹 Bounce No Bounce Pro (Presented by Dan Harlan),http://www.1moshu.com/thread-4775-1-1.html
2015 第三只盲眼 TBTE The Blind Third Eye by Peter Turner,http://www.1moshu.com/thread-4774-1-1.html
2015 第六感 The 6th Sense by Jean Pierre Vallarino,http://www.1moshu.com/thread-4773-1-1.html
2015 笔尖魔术 Class 1 by ZiHu Team,http://www.1moshu.com/thread-4772-1-1.html
2015 暴露心灵 Mentally Exposed by Romanos and Magic Tao,http://www.1moshu.com/thread-4771-1-1.html
2015 纸牌心灵魔术 随意记一张 Mind to Matter by Rick Lax,http://www.1moshu.com/thread-4764-1-1.html
2015 胜利者 Open Triumph by Garret Thomas,http://www.1moshu.com/thread-4763-1-1.html
2015 大师魔术研讨会 The Vernon Seminar by Roberto Giobbi 2集,http://www.1moshu.com/thread-4762-1-1.html
2015 创意心灵魔术 Torce Force by Jamie Daws,http://www.1moshu.com/thread-4761-1-1.html
中文【苹果酱】Applesauce by Patrick Redford,http://www.1moshu.com/thread-4760-1-1.html
2015 中文 chapter one 第一章,http://www.1moshu.com/thread-4759-1-1.html
中文 魔术教学 Find the Lady by Daniel Madison,http://www.1moshu.com/thread-4758-1-1.html
2015 纸牌与假象 Decks and Deceptions by Brent Braun,http://www.1moshu.com/thread-4757-1-1.html
2015 纸牌平衡力 Off-Center by Dario Capuozzo,http://www.1moshu.com/thread-4756-1-1.html
2015 纸牌魔术 Silky Smooth Card Magic by Lance Pierce,http://www.1moshu.com/thread-4755-1-1.html
2015 纸牌互动奇迹 Red Pill by Chris Ramsay,http://www.1moshu.com/thread-4754-1-1.html
2015 扑克分离 纸牌分开 Separagon By Woody Aragon,http://www.1moshu.com/thread-4753-1-1.html
2015 猛击 BASH! by Xeon Steel,http://www.1moshu.com/thread-4752-1-1.html
2015 漫游 Travel by Jordan Victoria and SansMinds,http://www.1moshu.com/thread-4751-1-1.html
2015 DD 力量变牌 Valid by Nick Vlow,http://www.1moshu.com/thread-4750-1-1.html
2015 近距离心灵魔术 CCDP by Spencer Tricks,http://www.1moshu.com/thread-4749-1-1.html
2015 距离 Distance by SansMinds Creative Lab-Trick,http://www.1moshu.com/thread-4748-1-1.html
2015 E公司出品 口香糖幻变 VERVE by Jacopo Maggetto,http://www.1moshu.com/thread-4747-1-1.html
2015 奇迹牌盒 Wonderbox by SansMinds,http://www.1moshu.com/thread-4744-1-1.html
2015 硬币与杯 Victorian Coins and Glass by Kainoa Harbot,http://www.1moshu.com/thread-4743-1-1.html
2015 硬币幻影 Mirage Et Trois 2.0 by Eric Jones,http://www.1moshu.com/thread-4742-1-1.html
2015 选牌转移 Extreme Mercury Fold by Gogo Requiem,http://www.1moshu.com/thread-4741-1-1.html
2015 橡皮筋变换 Paradigm Shift by Joe Rindfleisch,http://www.1moshu.com/thread-4740-1-1.html
2015 时间是金钱 Time is Money by Seol-Ha Park,http://www.1moshu.com/thread-4739-1-1.html
2015 胜利者 Ace Triumph by Denis Vasiliev,http://www.1moshu.com/thread-4738-1-1.html
2015 凭空想象 随便想一张 The Invisible Card by Blake Vogt,http://www.1moshu.com/thread-4737-1-1.html
2015 裂痕转移 Riprage by Arnel Renegado,http://www.1moshu.com/thread-4736-1-1.html
2015 怪物硬币 多段连续变化 Monster Spellbound by Mott-sun,http://www.1moshu.com/thread-4735-1-1.html
2015 改进 Remastered by Lyndon Jugalbot and Skymember,http://www.1moshu.com/thread-4734-1-1.html
2015 富有 RICH by SMagic Productions,http://www.1moshu.com/thread-4733-1-1.html
2015 单张花式 1张牌的花式 超酷 魔术教学,http://www.1moshu.com/thread-4732-1-1.html
2015 不可能硬币魔术 It's Impossible by Miguel Angel Gea,http://www.1moshu.com/thread-4731-1-1.html
2015 Theory11发行 旅程 纸牌魔术 TRIP by Jordan GOMEZ,http://www.1moshu.com/thread-4730-1-1.html
2015 SansMinds 刺穿 Impale by Jason Yu & Nicholas Lawrence,http://www.1moshu.com/thread-4729-1-1.html
2015 Ellusionist 读心 The Seer by Mark Calabrese,http://www.1moshu.com/thread-4728-1-1.html
2015 Ellusionist 飞变 52 Gone by Nate Kranzo,http://www.1moshu.com/thread-4727-1-1.html
中文【声波魔法】Verbal Magic by Juan Tamariz,http://www.1moshu.com/thread-4726-1-1.html
2014 新版天才牌术 Born to Perform Card Magic 中文字幕,http://www.1moshu.com/thread-4725-1-1.html
2015 超级控牌 Selenium shift by Chris Severson & Shin Lim,http://www.1moshu.com/thread-4724-1-1.html
2015 墨菲讲座 At the Table Live Lecture starring Titanas,http://www.1moshu.com/thread-4723-1-1.html
2015 力推教学 最强魔方还原 Cube 3 By Steven Brundage,http://www.1moshu.com/thread-4722-1-1.html
2015 棱镜 Prism by Wayne Goodman,http://www.1moshu.com/thread-4721-1-1.html
2015 发牌项目 The False Deals Project with George McBride,http://www.1moshu.com/thread-4720-1-1.html
2015 便利纸黑点矩阵 The Matrix Pad by Richard Griffin,http://www.1moshu.com/thread-4719-1-1.html
中文 牌序系统 C10 by Dani DaOrtiz,http://www.1moshu.com/thread-4718-1-1.html
2015 纸牌飞越 Fly by Geraint Clarke,http://www.1moshu.com/thread-4717-1-1.html
2015 炫酷近景合集 Nanomagics by Roman Garcia Pastur,http://www.1moshu.com/thread-4716-1-1.html
2015 五个简单方法 Mark Elsdon Five The Easy Way,http://www.1moshu.com/thread-4715-1-1.html
2015 完美绳子 WANDERFUL by Jay Sankey,http://www.1moshu.com/thread-4714-1-1.html
2015 套锁 Lasso by Sebastien Calbry,http://www.1moshu.com/thread-4713-1-1.html
2015 视觉开场 Alliance by Danny Weiser & Junior Films,http://www.1moshu.com/thread-4712-1-1.html
2015 钱币盒子 The Opongo Box by Juan Luis Rubiales,http://www.1moshu.com/thread-4711-1-1.html
2015 企鹅讲座 Morgan and West Penguin Live Online Lecture,http://www.1moshu.com/thread-4710-1-1.html
2015 欧洲之行 Minimal Tour by Alex Pandrea 完整版,http://www.1moshu.com/thread-4709-1-1.html
2015 静止悬浮魔术教学 Manoj Kaushal - Static Levitation,http://www.1moshu.com/thread-4708-1-1.html
2015 获奖纸牌流程 Euphoria by Adrian Guerra and Vernet,http://www.1moshu.com/thread-4707-1-1.html
2015 回声猜牌 ECHO by JP Vallarino,http://www.1moshu.com/thread-4706-1-1.html
2015 口香糖变幻 Dollar to Bubble Gum by George Iglesias,http://www.1moshu.com/thread-4705-1-1.html
2015 杯与蛋 Cups and Eggs by Leo Smetsers,http://www.1moshu.com/thread-4704-1-1.html
2015 Zero Shuffle大作 Z. by Steve Reynolds,http://www.1moshu.com/thread-4703-1-1.html
2015 DD出品 纸牌魔术 Maguro Mega Pack by Michael Stern,http://www.1moshu.com/thread-4702-1-1.html
大师重磅作品 L&D by Lennart Green & Dani DaOrtiz 两集,http://www.1moshu.com/thread-4698-1-1.html
2015 万众期待花式盛宴Cardistry-Con 2015 by Zach Mueller,http://www.1moshu.com/thread-4697-1-1.html
EMC近景大制作 Ridiculous by David Williamson,http://www.1moshu.com/thread-4696-1-1.html
2015 展牌 Spread by Kyoung Doc Kim,http://www.1moshu.com/thread-4695-1-1.html
2015慢动作钞票转移 Slow Motion Bill Transpo by Eugene Burger,http://www.1moshu.com/thread-4694-1-1.html
2015 最终目的地 Final Destination by Dalton Wayne,http://www.1moshu.com/thread-4693-1-1.html
2015 重画 Drawn Again by Danny Archer,http://www.1moshu.com/thread-4692-1-1.html
2015 执行 EVP by Alan Rorrison,http://www.1moshu.com/thread-4691-1-1.html
2015 预测世界 Wi - Predict The World,http://www.1moshu.com/thread-4690-1-1.html
2015 幽灵扑克 Haunted Card 3.0 by Kaan Akdogan,http://www.1moshu.com/thread-4689-1-1.html
2015 眼 Oculus by Brandon Queen,http://www.1moshu.com/thread-4688-1-1.html
2015 心灵光球 Imaginary Ball by Matt Mello,http://www.1moshu.com/thread-4687-1-1.html
2015 撕牌还原 Riperation by Andrew Salas,http://www.1moshu.com/thread-4686-1-1.html
2015 手机魔术 刷新 Swipe by Bill Perkins,http://www.1moshu.com/thread-4685-1-1.html
2015 视觉墨迹 Down-Load by Nicholas Lawrence,http://www.1moshu.com/thread-4684-1-1.html
2015 声名狼藉 Infamous by Johnny T,http://www.1moshu.com/thread-4683-1-1.html
2015 企鹅讲座 Joe Barry Penguin Live Online Lecture,http://www.1moshu.com/thread-4682-1-1.html
2015 旋转牌盒 Revolution by Gregory Wilson,http://www.1moshu.com/thread-4681-1-1.html
2015 木马牌 The Trojan Horse by Steven Himmel,http://www.1moshu.com/thread-4680-1-1.html
2015 迷雾之岛 MYST BY HENRI WHITE 烟雾自制,http://www.1moshu.com/thread-4679-1-1.html
2015 卡通牌 Toonz by Arnel Renegado,http://www.1moshu.com/thread-4678-1-1.html
2015 近景魔术 香烟 Cloud 9 By Shin Lim & CIGMA Magic,http://www.1moshu.com/thread-4677-1-1.html
2015 Ultimate Networking Tool by Jeff Kaylor and Anton James,http://www.1moshu.com/thread-4676-1-1.html
2015 E公司 激浪 Surge by Mickael Chatelain,http://www.1moshu.com/thread-4675-1-1.html
2015 Ellusionist 地面控牌 Ground Control by Cody Nottingham,http://www.1moshu.com/thread-4674-1-1.html
2015 D&D三重迷惑胜利者 Triple Cask Triumph by Elliott Terral,http://www.1moshu.com/thread-4673-1-1.html
2015 飞在黑夜 Fly By Night by Chris Randall,http://www.1moshu.com/thread-4663-1-1.html
FISM 韩国 柳贤敏近景 Close Up Idea by Yoo Hyun Min 2集全,http://www.1moshu.com/thread-4662-1-1.html
2015 胜利者流程 Open Triumph (Plus Ultra) by Dani DaOrtiz,http://www.1moshu.com/thread-4661-1-1.html
2015 Aquarium by Lynx Magic 终极水族馆,http://www.1moshu.com/thread-4660-1-1.html
中文翻译 伊莎贝拉之星2 Isabella Star 2 by Peter Turner,http://www.1moshu.com/thread-4659-1-1.html
2015 双人开关 Switchcraft by Greg Wilson and Karl Hei,http://www.1moshu.com/thread-4658-1-1.html
2015 重视 Take Note by Seamus Maguire,http://www.1moshu.com/thread-4654-1-1.html
中文翻译 心灵双子座 Twins by Nefesch,http://www.1moshu.com/thread-4653-1-1.html
中文翻译 现代心灵 Modern Mentalism by Luke Jermay 摩登心灵,http://www.1moshu.com/thread-4652-1-1.html
中文翻译 死亡心灵 Ben Rayot - Deadly Mentalism,http://www.1moshu.com/thread-4651-1-1.html
中文翻译 The Portugal Notes - Peter Turner 葡萄牙笔记,http://www.1moshu.com/thread-4650-1-1.html
中文翻译 Derren Brown 舞台猜球流程 达伦布朗 中文心灵魔术教学,http://www.1moshu.com/thread-4649-1-1.html
中文翻译 不可能方法 Method Impossible by Steve Palmer,http://www.1moshu.com/thread-4648-1-1.html
纸牌秘密 Tarbell 10 Effective Card Mysteries by Dan Harlan,http://www.1moshu.com/thread-4647-1-1.html
2015 旋转信用卡 Rotating Credit by Ryan Schlutz,http://www.1moshu.com/thread-4646-1-1.html
2015 新式变牌 Neo Change by Daryl Sato,http://www.1moshu.com/thread-4645-1-1.html
2015 企鹅讲座 Rafael Benatar Penguin Live Online Lecture,http://www.1moshu.com/thread-4644-1-1.html
2015 企鹅讲座 Jonathan Levit Penguin Live Online Lecture,http://www.1moshu.com/thread-4643-1-1.html
2015 牌入天花板十八流程 Zenith by David Stone,http://www.1moshu.com/thread-4642-1-1.html
2015 牌盒消失 Unboxing by Nicholas Lawrence & SansMinds,http://www.1moshu.com/thread-4641-1-1.html
2015 墓穴 超级盒子 The Vault created by David Penn,http://www.1moshu.com/thread-4640-1-1.html
2015墨菲讲座At the Table Live Lecture starring Eric Leclerce,http://www.1moshu.com/thread-4639-1-1.html
2015 墨菲讲座 At the Table Live Lecture starring Joe Monti,http://www.1moshu.com/thread-4638-1-1.html
2015 墨菲讲座 At the Table Live Lecture starring Chris Korn,http://www.1moshu.com/thread-4637-1-1.html
墨菲讲座 At the Table Live Lecture starring Caleb Wiles,http://www.1moshu.com/thread-4636-1-1.html
2015 墨菲讲座 At the Table Live Lecture starring Bizzaro,http://www.1moshu.com/thread-4635-1-1.html
2015 Theory11 光子出牌 Photon by Dennis Kim,http://www.1moshu.com/thread-4634-1-1.html
2015 MentalJD - MentalJDDD 梁松岩 图形复制 心灵魔术教学,http://www.1moshu.com/thread-4633-1-1.html
2015 E公司 纸牌手法 Swiss Manoeuvre by Cody Nottingham,http://www.1moshu.com/thread-4632-1-1.html
2015 26个新效果集合 桑基的2015 Sankey 2015 by Jay Sankey,http://www.1moshu.com/thread-4631-1-1.html
2015 最好的丝巾魔术 Best Ever Knots Off Silk by Jeff McBride,http://www.1moshu.com/thread-4630-1-1.html
2015 舞台顶针 Las Vegas Thimble Manipulation by Jeff McBride,http://www.1moshu.com/thread-4629-1-1.html
2015 自动流程 Topsy Turvy Automatic Gambler by Michael Close,http://www.1moshu.com/thread-4628-1-1.html
2015 硬币入瓶 Passage by Arnel Renegado,http://www.1moshu.com/thread-4627-1-1.html
2015 渗透T恤 ThrouTshirt by Deepak Mishra,http://www.1moshu.com/thread-4626-1-1.html
2015 签名纸币变换 Promotion by Kyle Purnell,http://www.1moshu.com/thread-4625-1-1.html
2015 企鹅讲座 Lincoln Penguin Live Online Lecture,http://www.1moshu.com/thread-4624-1-1.html
2015 企鹅讲座 Jack Kent Tillar Penguin Live Online Lecture,http://www.1moshu.com/thread-4623-1-1.html
2015 苹果还原 Chunk by Dalton Wayne,http://www.1moshu.com/thread-4622-1-1.html
2015 钱包作品 Cerberus Wallet by Daniel Meadows,http://www.1moshu.com/thread-4621-1-1.html
2015 近景魔术 Spinner by Nicolas Lepage,http://www.1moshu.com/thread-4620-1-1.html
2015 戒指进鞋带 Ring Through Laces by Smagic Productions,http://www.1moshu.com/thread-4619-1-1.html
2015 粉饰 Whitewash by Rick Lax,http://www.1moshu.com/thread-4618-1-1.html
2015 返航 Return Flight by Rick Lax,http://www.1moshu.com/thread-4617-1-1.html
2015 彻底消失 Gonzo by Jose Lac'Quest,http://www.1moshu.com/thread-4616-1-1.html
2015 笔穿钞票 Fraudulence by Daniel Bryan,http://www.1moshu.com/thread-4615-1-1.html
中文翻译 纸牌原动力 Paper Engine by Aaron Fisher,http://www.1moshu.com/thread-4614-1-1.html
2015 西班牙秘密 The Scrects of Spain 中文翻译,http://www.1moshu.com/thread-4613-1-1.html
Juan Tamariz The Five Points In Magic 五点 全中文翻译书籍,http://www.1moshu.com/thread-4612-1-1.html
中文翻译 心灵魔术 语言痕迹 Language marks by zhao kay,http://www.1moshu.com/thread-4611-1-1.html
2015 中文翻译 暴力强选哲学 Magician's Choice by Dani DaOrtiz,http://www.1moshu.com/thread-4610-1-1.html
2015 中文翻译 Understanding Misdirection 错引实战技巧,http://www.1moshu.com/thread-4609-1-1.html
2015 中文翻译 直接命中 Direct by Bill Dekel,http://www.1moshu.com/thread-4608-1-1.html
道具魔术教学 YIF 道具教学 YIF四叶草魔术教学 泡妞魔术教学,http://www.1moshu.com/thread-4607-1-1.html
2015 变态记忆力 中文翻译魔术教学,http://www.1moshu.com/thread-4606-1-1.html
2015 火焰之光 Blaze by Thinking Paradox,http://www.1moshu.com/thread-4605-1-1.html
2015 E公司 血海 Bleed by Perseus Arkomanis,http://www.1moshu.com/thread-4604-1-1.html
2015 DD 纸牌侠 Card Men by Dan and Dave,http://www.1moshu.com/thread-4603-1-1.html
2014心灵骇客松明 椅子秀 中文魔术教学 简单易学最强读心术,http://www.1moshu.com/thread-4602-1-1.html
2015 E公司 动摇 Shake by Cody Nottingham,http://www.1moshu.com/thread-4597-1-1.html
2015 Grupokaps 半面变牌 Press Play by Tyler Wilson,http://www.1moshu.com/thread-4596-1-1.html
2015 Grupokaps 刀子找牌 Apunalada by Dani DaOrtiz,http://www.1moshu.com/thread-4595-1-1.html
2015 Grupokaps 一分为二 El Destino by Luis Arza,http://www.1moshu.com/thread-4594-1-1.html
2015 Grupokaps 纸牌变幻流程 Ser o No Ser by Damaso Fernandez,http://www.1moshu.com/thread-4593-1-1.html
2015 Theory11 秘传手法 Sub Rosa by Jason England,http://www.1moshu.com/thread-4592-1-1.html
2015 不可能的启示 Revelaciones Imposibles by Max Maven,http://www.1moshu.com/thread-4591-1-1.html
2015 超强扑克集锦 The Clover Project by Brian Kennedy,http://www.1moshu.com/thread-4590-1-1.html
2015 穿透 Pass Through by Cody Nottingham,http://www.1moshu.com/thread-4589-1-1.html
2015 过手假洗牌 Fauxverhand Shuffle by James Dickenson,http://www.1moshu.com/thread-4588-1-1.html
2015 盲者换位 Unsighted by Finix Chan and Skymember,http://www.1moshu.com/thread-4587-1-1.html
2015 扑克入手机 Icon by Lloyd Barnes,http://www.1moshu.com/thread-4586-1-1.html
2015 企鹅讲座 Andy Nyman Penguin Live Online Lecture,http://www.1moshu.com/thread-4585-1-1.html
2015 三硬币矩阵 Gimmick-less Matrix by Zachary Tolstoy,http://www.1moshu.com/thread-4584-1-1.html
2015 时光回溯的秘密 Feel N' Seal by Peter Eggink,http://www.1moshu.com/thread-4583-1-1.html
2015 丝巾纸牌流程 Idea para Baraja Invisible by Areson,http://www.1moshu.com/thread-4582-1-1.html
2015 我的首部教学 My First Magic DVD by Gary Darwin,http://www.1moshu.com/thread-4581-1-1.html
2015 舞台球神 Ball Magic by Jordan Gomez,http://www.1moshu.com/thread-4580-1-1.html
2015 吸管幻觉 Flexstraw by ZiHu,http://www.1moshu.com/thread-4579-1-1.html
2015 希腊换牌 The Greek Switch by Perseus Arkomanis,http://www.1moshu.com/thread-4578-1-1.html
纸牌近景大作 CPAP by Patrick Dessi 3集全,http://www.1moshu.com/thread-4577-1-1.html
2014 牌叠记忆系统 InDecks Memory System by Chris Annable,http://www.1moshu.com/thread-4576-1-1.html
2015 心灵教学 Derren Brown - Plerophoria 终极心灵大杀器,http://www.1moshu.com/thread-4575-1-1.html
2015 五种纸牌玩法 Pasteboard: SansMinds Workers' Series,http://www.1moshu.com/thread-4574-1-1.html
中文翻译 山羊魔法 Goats Grimoire by Jose Prager,http://www.1moshu.com/thread-4573-1-1.html
2015 洗牌课程 Shuffle Lesson by Chad Long,http://www.1moshu.com/thread-4572-1-1.html
2015 企鹅讲座 Ken Dyne Penguin Live Online Lecture,http://www.1moshu.com/thread-4571-1-1.html
2015 企鹅讲座 Phill Smith Penguin Live Online Lecture,http://www.1moshu.com/thread-4570-1-1.html
2015 旅行者 Traveller by Bill Cheung,http://www.1moshu.com/thread-4569-1-1.html
2015 看穿一切 Out of Sight Out Of Your Mind by Gary Jones,http://www.1moshu.com/thread-4568-1-1.html
2015 分裂伤 Triage by Danny Weiser and Shin Lim,http://www.1moshu.com/thread-4567-1-1.html
2015 不用磁戒的磁戒创意 PK Blista by Mike Busby,http://www.1moshu.com/thread-4566-1-1.html
2015 Traveling With an Honest Deceiver by Christian Engblom,http://www.1moshu.com/thread-4565-1-1.html
2015 Ellusionist DM手法集 Moves by Daniel Madison,http://www.1moshu.com/thread-4564-1-1.html
2015 硬币变化 Prison Break by Ilyas Seisov,http://www.1moshu.com/thread-4563-1-1.html
2015 意念弯曲 Quantum Bender 3.0 by John T. Sheets,http://www.1moshu.com/thread-4562-1-1.html
2015 艺术家 Arthur by Christopher Whiel,http://www.1moshu.com/thread-4561-1-1.html
2015 信件 Las Cartas Vivientes by Luis Arza,http://www.1moshu.com/thread-4560-1-1.html
2015 信封魔术大作 ConSealment by Wayne Rogers,http://www.1moshu.com/thread-4558-1-1.html
2015 削减 Reduction by Nicholas Lawrence and SansMinds,http://www.1moshu.com/thread-4557-1-1.html
2015 无极限签名转移 Hacked by Brian Kennedy,http://www.1moshu.com/thread-4556-1-1.html
2015 绳子流程 Daryl's Rope Routine by Daryl,http://www.1moshu.com/thread-4555-1-1.html
2015 企鹅讲座 Juan Tamariz Penguin Live Online Lecture,http://www.1moshu.com/thread-4554-1-1.html
2015 谜垫 Enigma Pad by Paul Romhany,http://www.1moshu.com/thread-4553-1-1.html
2015 掠夺 Heist by Jack Wise and Vanishing Inc,http://www.1moshu.com/thread-4552-1-1.html
2015 开放王牌 Apertura en Ases by Juan Villarejo,http://www.1moshu.com/thread-4551-1-1.html
2015 幻觉戒指 Ringers by Chad Long,http://www.1moshu.com/thread-4550-1-1.html
2015 多效果道具牌教学 Multitude by Vincent Hedan & System 6,http://www.1moshu.com/thread-4549-1-1.html
2015 唇膏瞬变 Chapswitch by Nicholas Lawrence and SansMinds,http://www.1moshu.com/thread-4548-1-1.html
2015 穿透效应 Thru by Daniel Bryan and Mystique Factory,http://www.1moshu.com/thread-4547-1-1.html
2015 Grupokaps 油和水 Agua Y Aceite by Juan Manuel Marcos,http://www.1moshu.com/thread-4546-1-1.html
中文翻译The trick that cannot be explained 无法解释的魔术,http://www.1moshu.com/thread-4545-1-1.html
中文翻译 纸牌手法魔术书籍 Put Your Hands Up by Yoann F,http://www.1moshu.com/thread-4544-1-1.html
中文翻译 脑描仪 The Scanner by Jose Prager,http://www.1moshu.com/thread-4543-1-1.html
中文翻译 错引极致 暗影神偷 Apollo Robbins-HIS Watch,http://www.1moshu.com/thread-4542-1-1.html
中文翻译 Taste Conditions by Morgan Strebler 味觉状况,http://www.1moshu.com/thread-4541-1-1.html
中文翻译 4 Minute spellbinder 蒙眼辨物,http://www.1moshu.com/thread-4540-1-1.html
中文翻译173 It's a Natural 心灵鼻祖级理念自动实现魔术,http://www.1moshu.com/thread-4539-1-1.html
Alan Rorrison - ADACAN 又见巴格拉斯 pdf 中文心灵魔术教学,http://www.1moshu.com/thread-4525-1-1.html
2015黑X瞬间移动 穿越 Cross Bonus Pack by Tjiu,http://www.1moshu.com/thread-4524-1-1.html
2015 永恒 Timeless by Dan Alex,http://www.1moshu.com/thread-4523-1-1.html
2015 意念控制快门 Selfie by Simon R. Stefan & Alex Pandrea,http://www.1moshu.com/thread-4522-1-1.html
心灵魔术 神秘 Murder Mystery by Chris Thronebury,http://www.1moshu.com/thread-4521-1-1.html
2015 西班牙纸牌魔术 瞬间 Instantaneo by Isaac Jurado,http://www.1moshu.com/thread-4520-1-1.html
2015 西班牙纸牌魔术 闭眼 Matemagia by Juan Luis Rubiales,http://www.1moshu.com/thread-4519-1-1.html
2015 纸牌魔术 Mc Sandwich by Mickael Chatelain,http://www.1moshu.com/thread-4518-1-1.html
2015 西班牙 切牌找牌 Vinculo by Alberto de Figueiredo,http://www.1moshu.com/thread-4517-1-1.html
2015 魅影传说 颤动 Tremble by Magician Anonymous,http://www.1moshu.com/thread-4516-1-1.html
2015 流行变幻 Pop Change by Julio Montoro and SansMinds,http://www.1moshu.com/thread-4515-1-1.html
2015 力推无解 终极阴魂不散 Ultima Ambiciosa by Jesus Lopez,http://www.1moshu.com/thread-4514-1-1.html
2015 回到口袋 Back Pocket by Leo Smetsers,http://www.1moshu.com/thread-4513-1-1.html
2015 根源巴格拉斯效果 The Source by Titanas,http://www.1moshu.com/thread-4512-1-1.html
2015 分解2.0 Decon 2.0 by Ryan Schlutz,http://www.1moshu.com/thread-4511-1-1.html
2015 对半 50 Fifty by Brian Kennedy,http://www.1moshu.com/thread-4510-1-1.html
2015 大师课程1 MasterClass 1 - The Illusion by Juan Tamariz,http://www.1moshu.com/thread-4509-1-1.html
2015 巴格拉斯效果 信号 Carta al número by Dani Daortiz,http://www.1moshu.com/thread-4508-1-1.html
2015 纸牌魔术 思想空白 Blank Minded By Aaron Delong,http://www.1moshu.com/thread-4507-1-1.html
2015 纸牌魔术 Mc Sandwich by Mickael Chatelain,http://www.1moshu.com/thread-4506-1-1.html
2015 硬币穿咖啡杯 Coffee Shot by Chris Webb,http://www.1moshu.com/thread-4505-1-1.html
2015 太热了 Too Hot to Handle by Kieron Johnson and RSVP,http://www.1moshu.com/thread-4504-1-1.html
2015 瞬移 Changeling by Marc Lavelle and Titanas Magic,http://www.1moshu.com/thread-4503-1-1.html
2015 帅哥来了 Upgrade by Danny Weiser,http://www.1moshu.com/thread-4502-1-1.html
2015 扑克魔术 溶解 Dissolve by Francis Menotti,http://www.1moshu.com/thread-4501-1-1.html
2014 藏牌手法合集 Palming Puddles by Bizau Cristian,http://www.1moshu.com/thread-4499-1-1.html
2014 大神硬币魔术 3 Coin Magic Routine by Luis Piedrahita,http://www.1moshu.com/thread-4498-1-1.html
2014 即兴撕纸还原 REUSABLE by Kyle Purnell,http://www.1moshu.com/thread-4497-1-1.html
2015 坚硬电话 Unbreakable Phone by Lynx Magic,http://www.1moshu.com/thread-4496-1-1.html
2015 Ellusionist 光速换牌 Light Switch by Lloyd Barnes,http://www.1moshu.com/thread-4495-1-1.html
2015 Fontaine 超强变牌 The Womb Change by Noel Heath,http://www.1moshu.com/thread-4494-1-1.html
2015 安然无恙 Unharmed by Jay Sankey,http://www.1moshu.com/thread-4493-1-1.html
2015 感应 Vibe by Bob Solari,http://www.1moshu.com/thread-4492-1-1.html
2015 痕迹 Imprint by Jason Yu and SansMinds,http://www.1moshu.com/thread-4491-1-1.html
2015 回到未来 Back to the Future Bookings by Dave Allen 2集,http://www.1moshu.com/thread-4490-1-1.html
2015 集合 Dasamblea (Dassembly) by Dani DaOrtiz,http://www.1moshu.com/thread-4489-1-1.html
2015 近景魔术 力量 Power Pull by Uday Jadgar,http://www.1moshu.com/thread-4488-1-1.html
2015 九个魔术手法 9 Magic Tricks by Gaetan Bloom,http://www.1moshu.com/thread-4487-1-1.html
2015 拉绳袋奇迹 Starstruck by Sean Goodman,http://www.1moshu.com/thread-4486-1-1.html
2015 蒙娜丽莎拼图 Deranged by Jay Sankey,http://www.1moshu.com/thread-4485-1-1.html
2015 秘传 Esoteric by Gerard Bakner,http://www.1moshu.com/thread-4484-1-1.html
2015 奇迹水瓶 Liquid & Haunted Bottle by Arnel Renegado,http://www.1moshu.com/thread-4483-1-1.html
2015 企鹅讲座 Luke Jermay Penguin Live Online Lecture,http://www.1moshu.com/thread-4482-1-1.html
2015 墙壁 墙壁取牌 纯手法 The Wall by Chad Long,http://www.1moshu.com/thread-4481-1-1.html
2015 三重巴格拉斯 AX3 by Daniel Madison,http://www.1moshu.com/thread-4480-1-1.html
2015 上镜硬币 Photogenic Coin by Douglas Tilston,http://www.1moshu.com/thread-4479-1-1.html
2015 绳子流程 Tabary Routine de Corde 2015 Tabary's Routines,http://www.1moshu.com/thread-4478-1-1.html
2015 十字路口 The Crossroads by Tony Chris,http://www.1moshu.com/thread-4477-1-1.html
2015 帅气小子玩花式 Unzipped by Teo Chun Chieh,http://www.1moshu.com/thread-4476-1-1.html
2015 双胞胎遗作 The Twins Legacy by Andy Smith,http://www.1moshu.com/thread-4474-1-1.html
2015 撕牌还原 TTR by Kyle Marlett,http://www.1moshu.com/thread-4473-1-1.html
2015 王者风范 Paragon by Jon Allen,http://www.1moshu.com/thread-4472-1-1.html
2015 心灵巨作 Tea with Alice & Jack by Jim Callahan,http://www.1moshu.com/thread-4471-1-1.html
2015 心灵力作 侦探者 Sherlockian by Ben Cardall 2集全,http://www.1moshu.com/thread-4470-1-1.html
2015 悬浮一切 M.O.V by Bboymagic,http://www.1moshu.com/thread-4469-1-1.html
2015 意念弯曲勺子 Mind Over Metal by Menny Lindenfeld,http://www.1moshu.com/thread-4468-1-1.html
2015 纸牌魔术 Sueno o Pesadilla por Manolo Talman,http://www.1moshu.com/thread-4467-1-1.html
2015 移形换位 Tiki Twirl by Michael "Kekoa" Erickson,http://www.1moshu.com/thread-4466-1-1.html
2015易拉罐还原Canic by Nicholas Lawrence and Sansminds Magic,http://www.1moshu.com/thread-4465-1-1.html
2015 硬币穿杯 The Fair Coin by Mike Shashkov,http://www.1moshu.com/thread-4464-1-1.html
2015 运气 纸牌魔术 Elyousikkkk (L.U.C.K.) by Mark Calabrese,http://www.1moshu.com/thread-4463-1-1.html
中文翻译 心灵魔术教学 日期感官 by annemann 即兴生活心灵魔术,http://www.1moshu.com/thread-4462-1-1.html
2015 最干净的预言 终点 Destination by Rus Andrews,http://www.1moshu.com/thread-4461-1-1.html
中文翻译 第八个策略 Luke Jermay's The 8th Maneuver,http://www.1moshu.com/thread-4460-1-1.html
心灵骇客松明 心灵操控术 空间想象 最强舞台读心术,http://www.1moshu.com/thread-4454-1-1.html
Max Maven 马克斯梅文 无敌心灵扑克魔术教学 思想绝杀 中文翻译,http://www.1moshu.com/thread-4453-1-1.html
2015 信封变牌 Manila by Julio Montoro and Undermagic,http://www.1moshu.com/thread-4452-1-1.html
2015 牌桌记忆 Memory At The Card Table by Joseph Barry,http://www.1moshu.com/thread-4450-1-1.html
2015 咀嚼 Champ by Rick Merrill,http://www.1moshu.com/thread-4449-1-1.html
2015 近景魔术 Vortex Off the Page by Tom Stone,http://www.1moshu.com/thread-4448-1-1.html
2015 观众撕牌角还原 科纳魔术 Korner by Drusko,http://www.1moshu.com/thread-4446-1-1.html
2015 粉色心灵 P'Ink by Ran Pink,http://www.1moshu.com/thread-4445-1-1.html
2015 SM Something Out of the Ordinary by Nicholas Lawrence,http://www.1moshu.com/thread-4444-1-1.html
2015 Fontaine 超强变牌 The Womb Change by Noel Heath,http://www.1moshu.com/thread-4443-1-1.html
2015 E公司 硬币鬼才 Misbehavin' by Kainoa Harbottle,http://www.1moshu.com/thread-4442-1-1.html
2014 纸牌魔术 The Skeptic Silencer by Orbit Brown,http://www.1moshu.com/thread-4440-1-1.html
2014 强效扑克魔术 Follow the Leader by Roberto Giobbi,http://www.1moshu.com/thread-4439-1-1.html
2014 扑克魔术 Kuffy Break by Patrik Kuffs,http://www.1moshu.com/thread-4438-1-1.html
2014 单手洗牌 Vernon One-Hand Table Shuffle by Dan and Dave,http://www.1moshu.com/thread-4437-1-1.html
2014 E公司发行 Daley Aces进化 Eye Candy By Luke Dancy,http://www.1moshu.com/thread-4436-1-1.html
2014 E公司 视觉换位 Lightwave by Justin Miller,http://www.1moshu.com/thread-4435-1-1.html
2015 重磅心灵魔术作品 Luke Jermay's Mind by Luke Jermay 4集,http://www.1moshu.com/thread-4434-1-1.html
2015 纸秘密 Tarbell 22 Double Paper Mysteries by Dan Harlan,http://www.1moshu.com/thread-4433-1-1.html
2015 心灵魔术的触碰 Touched by Morgan Strebler and SansMinds,http://www.1moshu.com/thread-4432-1-1.html
2015 Kozmomagic 牌在杯下 Card Under Glass by Doc Eason,http://www.1moshu.com/thread-4431-1-1.html
2015 BBM 控牌项目 The Controls Project by Liam Montier 2集全,http://www.1moshu.com/thread-4430-1-1.html
2015 跳跃 Jumper by Vernet Magi,http://www.1moshu.com/thread-4429-1-1.html
2015 Ellusionist 紧锁 Latch by Geraint Clarke,http://www.1moshu.com/thread-4428-1-1.html
2015 奇迹二重唱 Impromptu Duo by Caleb Wiles,http://www.1moshu.com/thread-4427-1-1.html
2015 Ellusionist 酷下去 Stay Cool by Tobias Dostal,http://www.1moshu.com/thread-4426-1-1.html
015 回形针橡皮筋连环 ClipLink by Telmo Trenado,http://www.1moshu.com/thread-4425-1-1.html
2015 野心 Bound Ambition by Cameron Francis,http://www.1moshu.com/thread-4424-1-1.html
中文翻译 重逢 Juan Tamariz胡安大神 奇迹组合 即兴纸牌魔术,http://www.1moshu.com/thread-4423-1-1.html
2015 企鹅讲座 Chris Rawlins Penguin Live Online Lecture,http://www.1moshu.com/thread-4422-1-1.html
松明 读心 Colin Mcleod 精准的预言 fool us中的魔术 中文翻译,http://www.1moshu.com/thread-4421-1-1.html
2015 企鹅心灵讲座 Luca Volpe Penguin Live Online Lecture,http://www.1moshu.com/thread-4420-1-1.html
2015 新式强迫 Pink Riffle Force by Chris Cheong,http://www.1moshu.com/thread-4419-1-1.html
2015 撕牌还原巴格拉斯 Dani DaOrtiz - Concerto,http://www.1moshu.com/thread-4418-1-1.html
2015 诡计 GAME by Luke Jermay and Vanishing Inc,http://www.1moshu.com/thread-4417-1-1.html
2015 DM怒摔牌 Bounce by Daniel Madison,http://www.1moshu.com/thread-4416-1-1.html
2014 找牌魔术教学 Geraint Clarke - Revolt,http://www.1moshu.com/thread-4415-1-1.html
2014 牌背取物 X Change by Julio Montoro and SansMinds,http://www.1moshu.com/thread-4414-1-1.html
2014 马特斯 西班牙新教学 Montes By Manu Montes,http://www.1moshu.com/thread-4413-1-1.html
2014 火花 Sparks by JC James,http://www.1moshu.com/thread-4412-1-1.html
2014 玻璃杯纸牌预测魔术 Sympathetic 10 by Jorg Alexander,http://www.1moshu.com/thread-4411-1-1.html
2015 心灵大作 Intimate Impossibilities by Richard Osterlind,http://www.1moshu.com/thread-4410-1-1.html
2015 DD 大师的三种手法 Steve Reynolds EP by Steve Reynolds,http://www.1moshu.com/thread-4409-1-1.html
2014 地下魔术的秘密 The VS Project by Paul Pickford,http://www.1moshu.com/thread-4408-1-1.html
2014 纸牌魔术 Killers by R. Paul Wilson,http://www.1moshu.com/thread-4407-1-1.html
2014 重磅纸牌魔术合集5部 Aaron Fisher,http://www.1moshu.com/thread-4406-1-1.html
2014 白鸽推荐 奥德赛 Odyssey by Lloyd Barnes,http://www.1moshu.com/thread-4405-1-1.html
中文翻译 Psychomancy by David Britland,http://www.1moshu.com/thread-4401-1-1.html
2015 预言魔术 Oscar Prediction 2015 by Chris Philpott,http://www.1moshu.com/thread-4400-1-1.html
2015 花哨扑克 纯手法团队 Biz x Zach Take Europe!,http://www.1moshu.com/thread-4399-1-1.html
2015 实用控制纸牌手法 AMBP by Bizau Cristian,http://www.1moshu.com/thread-4398-1-1.html
2015 即兴互动 钞票瞬间变成观众选的牌 纯手法无道具 魔术教学,http://www.1moshu.com/thread-4397-1-1.html
2015 企鹅讲座 Chris Philpott Penguin Live Online Lecture,http://www.1moshu.com/thread-4395-1-1.html
2015 取出红心 把妹必备 Engaged by Arnel Renegado,http://www.1moshu.com/thread-4394-1-1.html
2015 E公司 复位 Unorthodox Reset by Daniel Chard,http://www.1moshu.com/thread-4391-1-1.html
2015 第八元素 EI8HT by Mark Wong,http://www.1moshu.com/thread-4390-1-1.html
2015 变牌手法教学 Shift Change,http://www.1moshu.com/thread-4389-1-1.html
2015 变牌手法 Fingertip Miracle by Alex Linian,http://www.1moshu.com/thread-4388-1-1.html
2015 信封预言 Envelope Prediction by Mr. Daba,http://www.1moshu.com/thread-4386-1-1.html
2015 心灵魔术 猴子 Chris Philpott's Babel by Chris Philpott,http://www.1moshu.com/thread-4385-1-1.html
2015 At the Table Live Lecture starring Jeff McBride 2,http://www.1moshu.com/thread-4384-1-1.html
2015 At the Table Live Lecture starring Jeff McBride 1,http://www.1moshu.com/thread-4383-1-1.html
2015 At the Table Live Lecture starring Dani DaOrtiz,http://www.1moshu.com/thread-4382-1-1.html
2014 隐线装置教学 Deck TR by Sean Bogunia,http://www.1moshu.com/thread-4376-1-1.html
2014 新型笔穿钞 8 Queen Penetration by Dave Loosley,http://www.1moshu.com/thread-4375-1-1.html
2014 心灵魔术 OHM System by Christopher Taylor,http://www.1moshu.com/thread-4374-1-1.html
2014 线人 The Informant by Bobby Motta,http://www.1moshu.com/thread-4373-1-1.html
2014 全新断线还原 String Theory by Vince Mendoza,http://www.1moshu.com/thread-4372-1-1.html
2014 惊天启示录 Big Revelation by Wayne Dobson,http://www.1moshu.com/thread-4371-1-1.html
2014 工作牌变幻 Hello My Name Is by Cameron Francis,http://www.1moshu.com/thread-4370-1-1.html
2014 冲击波 Shockwave by Arnel Renegado,http://www.1moshu.com/thread-4369-1-1.html
2014 E公司 纸牌魔术 Counting Crows by Daniel Madison,http://www.1moshu.com/thread-4368-1-1.html
2014 Ellusionist 置换手法 Shocking Transpo by Daniel Chard,http://www.1moshu.com/thread-4367-1-1.html
2014 两张签名牌互换 N-Box by Ninh,http://www.1moshu.com/thread-4366-1-1.html
2014 瞬间抓牌 魔术教学 TICS by Brady Oberley,http://www.1moshu.com/thread-4365-1-1.html
2014 强效纸牌魔术 Wyper by Chris Annable,http://www.1moshu.com/thread-4364-1-1.html
2014 强迫思考 A Forced Thought by Steven Himmel,http://www.1moshu.com/thread-4363-1-1.html
2014 企鹅魔术讲座 Rick Merrill Penguin Live Online Lecture,http://www.1moshu.com/thread-4362-1-1.html
2014 企鹅讲座 Bill Malone Penguin Live Online Lecture,http://www.1moshu.com/thread-4361-1-1.html
2014 即兴 超屌 On/Off by Nicholas Lawrence and SansMinds,http://www.1moshu.com/thread-4360-1-1.html
2014 凤凰的灰烬 Phoenix Ashes by Asier Kidam,http://www.1moshu.com/thread-4359-1-1.html
2014 颜色转换 White Out by Chris Annable,http://www.1moshu.com/thread-4358-1-1.html
2014 和谐皮筋 Fucking Rubber Band by Philippe Bougard&Clems,http://www.1moshu.com/thread-4357-1-1.html
2014 P3发行 扑克穿钞票 Melt 2.0 by Matthew Johnson,http://www.1moshu.com/thread-4356-1-1.html
2014 近景漂浮魔术 Monarch by Chris Ballinger,http://www.1moshu.com/thread-4355-1-1.html
2014 扑克穿越 Jailbreak by Lyndon Jugalbot & Finix Chan,http://www.1moshu.com/thread-4354-1-1.html
2014 漂浮球魔术教学 Luis De Matos - The Floating Ball,http://www.1moshu.com/thread-4353-1-1.html
2014 重磅纸牌手法教学 Three Way by Wei Ding & system 6,http://www.1moshu.com/thread-4352-1-1.html
2014扑克连环 The Linking Card Project by Christoph Rossius,http://www.1moshu.com/thread-4351-1-1.html
2014 沉醉的手法 大叔的沉醉 Coma by Yoann.F,http://www.1moshu.com/thread-4350-1-1.html
2014 极速 Quick by Jason Silberman,http://www.1moshu.com/thread-4349-1-1.html
2014 革命性隐线 Surya's Device by Sorcery Manufacturing,http://www.1moshu.com/thread-4348-1-1.html
2014 At the Table Live Lecture starring Alan Rorrison,http://www.1moshu.com/thread-4347-1-1.html
2014 扑克魔术教学 C3 (Center/Color/Change) by Nojima,http://www.1moshu.com/thread-4346-1-1.html
2014 最后的换位 Houdini's Last Transposition by Dan Hauss,http://www.1moshu.com/thread-4345-1-1.html
2015 布朗 企鹅 讲座 Derren Brown Penguin Live Online Lecture,http://www.1moshu.com/thread-4344-1-1.html
2014 花切作品 Outbreak by Ladislas Toubart,http://www.1moshu.com/thread-4343-1-1.html
2014 企鹅讲座 Marcelo Insua Penguin Live Online Lecture 2,http://www.1moshu.com/thread-4342-1-1.html
2014 近景魔术 Drop It by Jibrizy,http://www.1moshu.com/thread-4341-1-1.html
2014 企鹅讲座 Scott Alexander Penguin Live Online Lecture 2,http://www.1moshu.com/thread-4340-1-1.html
2014 心灵魔术 ESPeriment #42 by Pablo Amira,http://www.1moshu.com/thread-4339-1-1.html
2014 专业丝巾流程 Silkeny by Vernet Magic Iñaki Zabaletta,http://www.1moshu.com/thread-4338-1-1.html
诱惑的which hand 中文翻译,http://www.1moshu.com/thread-4337-1-1.html
2014 瞬间出现 C-MORPH: Cash to Card by Marko Mareli,http://www.1moshu.com/thread-4306-1-1.html
2014 变牌教学 Transformation by Hui Zheng,http://www.1moshu.com/thread-4305-1-1.html
2014 近景戒指魔术 Ring Thru Pocket by Jibrizy,http://www.1moshu.com/thread-4304-1-1.html
2014 舞台心灵魔术 M.P.H. by Joshua Jordan,http://www.1moshu.com/thread-4303-1-1.html
2014 硬币悬浮 Mars by Arie Bhojez,http://www.1moshu.com/thread-4302-1-1.html
2014 BBM出品大碟 迫牌选牌 The Forces Project by Liam Montier,http://www.1moshu.com/thread-4301-1-1.html
2014 纸牌魔术 撕裂 Riven by Sebastien Calbry,http://www.1moshu.com/thread-4300-1-1.html
2014 鵜川琢真 超牛硬币 Retention of Vision by Takuma Ukawa,http://www.1moshu.com/thread-4299-1-1.html
2014 阿玛企鹅讲座 Michael Ammar Penguin Live Online Lecture,http://www.1moshu.com/thread-4298-1-1.html
2014 进化论2.0 石田小白 EVOLUTION 2.0 中文近景魔术大碟,http://www.1moshu.com/thread-4297-1-1.html
2014 假发牌 魔术教学 Pseudo1 by Luke Jermay,http://www.1moshu.com/thread-4296-1-1.html
2014 手机解锁魔术教学 Bypass by Skymember,http://www.1moshu.com/thread-4295-1-1.html
2014 四个全新纸牌魔术教学 The Collector by Yoann and Astone,http://www.1moshu.com/thread-4294-1-1.html
2014 Billet Killers by Bob Cassidy 企鹅网发行 纸片读心术,http://www.1moshu.com/thread-4293-1-1.html
2014 天才少年的硬币魔术 Mo-Fly by Moritz Mueller,http://www.1moshu.com/thread-4292-1-1.html
2014 企鹅讲座 Jeff Prace Penguin Live Online Lecture,http://www.1moshu.com/thread-4291-1-1.html
2014 正面反面 CAPICUA by Thinking Paradox,http://www.1moshu.com/thread-4290-1-1.html
2014 纸牌心灵魔术 White Bikes by Paul Richards,http://www.1moshu.com/thread-4289-1-1.html
2014 意念 Ghost Clip by Hadi Safa'at presented by Rick Lax,http://www.1moshu.com/thread-4283-1-1.html
2014 三个精彩效果 3DM by Mike Hankins,http://www.1moshu.com/thread-4282-1-1.html
2014 近景魔术教学 搞怪骰子 Crooked by Ronnie Ramin,http://www.1moshu.com/thread-4281-1-1.html
2014 钞票震撼魔术 Extortion by Patrick Kun and SansMinds,http://www.1moshu.com/thread-4280-1-1.html
2014 SM发行Prospect by SansMinds 公开的预言之随便想一张牌,http://www.1moshu.com/thread-4279-1-1.html
2014 胡安大师纸牌魔术 Royalistic by Juan Tamariz,http://www.1moshu.com/thread-4278-1-1.html
2014 口香糖还原 Extra Extra by Geraint Clarke,http://www.1moshu.com/thread-4277-1-1.html
七种变牌手法扑克魔术教学The Blue Crown Alex Geiser Intensity,http://www.1moshu.com/thread-4276-1-1.html
014 垂直变牌 Flopper Change by Manu Llari,http://www.1moshu.com/thread-4275-1-1.html
2014 模糊变牌 Blur by Brian Kennedy,http://www.1moshu.com/thread-4274-1-1.html
2014 哑口无言 Speechless by Brandon Queen,http://www.1moshu.com/thread-4273-1-1.html
014 At the Table Live Lecture by Shin Lim 大师申林讲座,http://www.1moshu.com/thread-4272-1-1.html
2014 素人盗牌 the Raw Steal by Chris Brown,http://www.1moshu.com/thread-4271-1-1.html
2014 超强近景魔术 极端弯曲金属 Pinch by Thinking Paradox,http://www.1moshu.com/thread-4270-1-1.html
2014 超强硬币消失术 Evanesce by Eric Jones,http://www.1moshu.com/thread-4269-1-1.html
2014 纸牌魔术 向阿尔多致敬 Ode To Aldo by Ryan Bliss,http://www.1moshu.com/thread-4268-1-1.html
2014 P3出品 街头扑克魔术 Chaptrick by Mark Jenest,http://www.1moshu.com/thread-4267-1-1.html
2014 4A纸牌魔术集合 The Four Aces Project by Nathan Kranzo,http://www.1moshu.com/thread-4266-1-1.html
2014 P3出品 预言魔术 Deliverance by Jay Sankey,http://www.1moshu.com/thread-4265-1-1.html
2014 安科纳变牌 The Ancona Change by Andrei Kremlin,http://www.1moshu.com/thread-4264-1-1.html
2014 变牌教学 Ablest Change by Abhinav Bothra,http://www.1moshu.com/thread-4263-1-1.html
2014 近景魔术 零重力 ZeroG by Mareli,http://www.1moshu.com/thread-4262-1-1.html
2014 签名牌进密封牌盒 Fully Loaded by Mark Mason,http://www.1moshu.com/thread-4261-1-1.html
2014 三明治效果 纸牌魔术教学 Carboné by Patrick Kun,http://www.1moshu.com/thread-4260-1-1.html
2014 小黑哥的纸牌魔术 Harlequin By Eric Jones 三明治变同花顺,http://www.1moshu.com/thread-4259-1-1.html
2014 撕牌还原 Torn Twisted Restored by Stephen Leathwaite,http://www.1moshu.com/thread-4258-1-1.html
2014 近景魔术 空手出物 Imagine by Mareli,http://www.1moshu.com/thread-4257-1-1.html
2014 惊魂硬币 SCARECOIN by Arnel Creations,http://www.1moshu.com/thread-4256-1-1.html
2014 V公司出品 扑克魔术大碟 Bizness by Bizau,http://www.1moshu.com/thread-4255-1-1.html
2014 口香糖自动弹出 Animated Stick of Gum by Nathan Kranzo,http://www.1moshu.com/thread-4254-1-1.html
2014 快速转换 Flip Switch by Adam Kaufman,http://www.1moshu.com/thread-4253-1-1.html
2014 强效硬币流程 Eaton's Spellbound by Michael Eaton,http://www.1moshu.com/thread-4252-1-1.html
2014 神奇墨迹移动 Slider by Arnel Renegado,http://www.1moshu.com/thread-4251-1-1.html
2014 纸牌折痕消失转移 Crease Effect by Arnel Renegado,http://www.1moshu.com/thread-4250-1-1.html
2014 纸牌魔术 彩虹连接 Rainbow Connection by Mathieu Bich,http://www.1moshu.com/thread-4249-1-1.html
中文翻译心灵魔术教学 完美选择 by steven youell,http://www.1moshu.com/thread-4248-1-1.html
2014 企鹅双打 Richard Osterlind and Bob Cassidy Penguin Live,http://www.1moshu.com/thread-4247-1-1.html
2014 Full 52作品 流淌 Flux by Roddy McGhie,http://www.1moshu.com/thread-4238-1-1.html
2014 V公司作品 影子小偷 Shadow Thief by Bizzaro,http://www.1moshu.com/thread-4237-1-1.html
2014 近景魔术教学 幽灵 Voodoo Match by Ravi Mayar,http://www.1moshu.com/thread-4236-1-1.html
2014 扑克魔术作品 三人一伙 3's A Crowd by Mark Mason,http://www.1moshu.com/thread-4235-1-1.html
2014 P3出品 视网膜读心术 Retina by Looch,http://www.1moshu.com/thread-4234-1-1.html
2014 纸牌变幻魔术教学 T-Change by Oliver Smith,http://www.1moshu.com/thread-4233-1-1.html
2014近景魔术 灵异戒指The Haunted Ring by Arnel Renegado,http://www.1moshu.com/thread-4232-1-1.html
2014 企鹅讲座 Shimshi Penguin live Online Lecture 隐线讲座,http://www.1moshu.com/thread-4231-1-1.html
2014 DD出品 扑克魔术 Extended Play by Valdemar Gestur,http://www.1moshu.com/thread-4230-1-1.html
2014 P3发行 最好酒吧魔术教学 火柴盒奇迹 Matchbox Mystery,http://www.1moshu.com/thread-4229-1-1.html
2014 P3出品 天生一对Parent Trap by Sebastian Midtvaage,http://www.1moshu.com/thread-4228-1-1.html
2014 推荐 超炫扑克手法 Techint by Yoshito Kitahara,http://www.1moshu.com/thread-4227-1-1.html
2014 纸牌钞票互换 Bill Flash Reverse by Mickael Chatalain,http://www.1moshu.com/thread-4226-1-1.html
2014 企鹅讲座 Chastain Criswell Penguin Live Online Lecture,http://www.1moshu.com/thread-4225-1-1.html
2014 高深莫测2 Inscrutable Chapter 2 by Joe Barry,http://www.1moshu.com/thread-4224-1-1.html
2014 企鹅三张牌2.0 Penguin Monte 2.0 presented by Rick Lax,http://www.1moshu.com/thread-4223-1-1.html
2014 硬币变换 Gemini by Yiice 1in3 Coin Change,http://www.1moshu.com/thread-4222-1-1.html
2014 快速出4A Forward Production&Scatter Production,http://www.1moshu.com/thread-4221-1-1.html
2014 企鹅讲座 Mac King Penguin Live Online Lecture,http://www.1moshu.com/thread-4220-1-1.html
2014掷牌 Velocity : High-Caliber Card Throwing System by Ric,http://www.1moshu.com/thread-4219-1-1.html
中文书籍 重磅心灵作品 心灵意识更深处 Into The Deeper Mind,http://www.1moshu.com/thread-4218-1-1.html
中文书籍 心灵魔术教学 手机魔术 Hack,http://www.1moshu.com/thread-4217-1-1.html
中文翻译魔术书籍 纸点子/NameKin魔术讲义&创意小集,http://www.1moshu.com/thread-4216-1-1.html
中文翻译 阿9哥 超屌扑克牌魔术 面部恐惧 面具 The Mask,http://www.1moshu.com/thread-4215-1-1.html
中文翻译 MarkStriving日期读心 心灵魔术教学,http://www.1moshu.com/thread-4214-1-1.html
强推 中文翻译 音符 G Notes by John Guastaferro,http://www.1moshu.com/thread-4213-1-1.html
TFMentalist 心灵魔术教学 中文翻译书籍 梦境行者 by 黄泉,http://www.1moshu.com/thread-4212-1-1.html
石田小白 中文魔术教学 进化论 magic evolution,http://www.1moshu.com/thread-4211-1-1.html
2014 即兴换牌手法 Switchli by Kevin Li 魔术教学,http://www.1moshu.com/thread-4210-1-1.html
2014 震撼翻转 Shock Twist by Gary Jones,http://www.1moshu.com/thread-4209-1-1.html
2014 口袋变牌 Pocket by Julio Montoro and SansMinds,http://www.1moshu.com/thread-4208-1-1.html
2014 V公司出品 扑克魔术 Frame by Alexis De La Fuente,http://www.1moshu.com/thread-4207-1-1.html
2014 At the Table Live Lecture by Patrick Kun 大师近景讲座,http://www.1moshu.com/thread-4206-1-1.html
2014 企鹅扑克讲座 Dani DaOrtiz Penguin Live Online Lecture 2,http://www.1moshu.com/thread-4205-1-1.html
2014 书本测试 The Comedy Book Test by Shawn Farquhar,http://www.1moshu.com/thread-4204-1-1.html
2014 E公司出品 纸牌魔术 Three Things by Daniel Madison,http://www.1moshu.com/thread-4203-1-1.html
2014 控牌手法教学 No-Touch Control Mike Shashkov,http://www.1moshu.com/thread-4202-1-1.html
2014 变牌教学 Time Change by Alexander Erohin,http://www.1moshu.com/thread-4201-1-1.html
中文翻译 The Yogi's Prediction 卡片预言,http://www.1moshu.com/thread-4200-1-1.html
2014 纸牌魔术 胜利之手 The Winning Hand by Rick Lax,http://www.1moshu.com/thread-4199-1-1.html
2014 信封预言 Ocular by Alexis De La Fuente,http://www.1moshu.com/thread-4198-1-1.html
2014 刘谦最新教学 预言 戒指消失 Slow+Ring by Lu Chen魔术教学,http://www.1moshu.com/thread-4197-1-1.html
2014 盒盖显牌 Topper by Tom Elderfield,http://www.1moshu.com/thread-4196-1-1.html
2014 反重力 Gravity by Lyndon Jugalbot,http://www.1moshu.com/thread-4195-1-1.html
2014 企鹅讲座 Dan Sperry Penguin Live Online Lecture魔术教学,http://www.1moshu.com/thread-4194-1-1.html
2014 BBM 豪不费劲的效果 Effortless Effects by Ryan Schlutz,http://www.1moshu.com/thread-4193-1-1.html
2014 超干净硬币消失术 The Perfect Vanish by Tony Polli,http://www.1moshu.com/thread-4192-1-1.html
2014正宗中国传统戏法 三仙归洞 独家中文纯手法魔术教学教程,http://www.1moshu.com/thread-4191-1-1.html
2014 E公司出品 顶牌展示 Top Shot by Justin Miller魔术教学,http://www.1moshu.com/thread-4182-1-1.html
2014 灵异冰雪 Water & Ice by Rick Lax,http://www.1moshu.com/thread-4181-1-1.html
2014 签名硬币入易拉罐 Breakthrough by Johannes Mengel,http://www.1moshu.com/thread-4180-1-1.html
2014 非常不错的魔术流程教学 Chango By Javier Benitez,http://www.1moshu.com/thread-4179-1-1.html
2014 预言魔术 Gambit by Dee Christopher,http://www.1moshu.com/thread-4178-1-1.html
中文翻译教学 勇气预言箱魔术教学 Balls by Stefan Olschewski,http://www.1moshu.com/thread-4177-1-1.html
2014 企鹅讲座 Rocco Silano Penguin Live Online Lecture,http://www.1moshu.com/thread-4176-1-1.html
中文翻译魔术教学书籍 强烈推荐达伦布朗 纯心理纯心灵迫牌法,http://www.1moshu.com/thread-4175-1-1.html
2014魔术教学 Ellusionist - The Working Man by Adam Wilber,http://www.1moshu.com/thread-4174-1-1.html
2014梁松岩最新中文心灵魔术 魔术教学视频教程 无道具 简单易学,http://www.1moshu.com/thread-4173-1-1.html
心灵信封Dark Arts by Matt Mello presented by Matthew Johnson,http://www.1moshu.com/thread-4172-1-1.html
2014 P3出品 纸牌流程 Photographic by Matt Mello,http://www.1moshu.com/thread-4171-1-1.html
中文魔术书籍 唇间De艺术 魔术表演台词的精华,http://www.1moshu.com/thread-4170-1-1.html
中文教学 对方块3的强迫研究——by 达伦布朗 心灵魔术,http://www.1moshu.com/thread-4169-1-1.html
难咽之隐 by Brandon Queen 即兴心灵魔术 中文教学,http://www.1moshu.com/thread-4168-1-1.html
2014 目瞪口呆的扑克魔术效果 Patrified by Patrick Kun,http://www.1moshu.com/thread-4167-1-1.html
2014心灵魔术教学 B'Voque by Mark Elsdon,http://www.1moshu.com/thread-4166-1-1.html
2014强推 道具牌制作教学 Gaff Cards with Gary Plants,http://www.1moshu.com/thread-4165-1-1.html
2014 旅行牌叠2.0 Travelling Deck 2.0 by Takel,http://www.1moshu.com/thread-4164-1-1.html
2014 近景魔术 iLink by Jay Sankey,http://www.1moshu.com/thread-4163-1-1.html
2014 笔盖魔术Frea-capped by Kieron Johnson,http://www.1moshu.com/thread-4162-1-1.html
2014 纸牌魔术 Omega=Alpha by Woody Aragon,http://www.1moshu.com/thread-4161-1-1.html
2014 MS发行 魔术之夜 Magic Night 2014 by Magical Sleight,http://www.1moshu.com/thread-4160-1-1.html
2014 大师精品教学 Opening Doors 亨利伊万,http://www.1moshu.com/thread-4159-1-1.html
2014 签名牌入信封 Go Change by N2G and Leo Xing魔术教学,http://www.1moshu.com/thread-4158-1-1.html
同济魔协心灵魔术教材 Mental Magic & Mentalism,http://www.1moshu.com/thread-4157-1-1.html
2014 Senses by Christopher Wiehl 神奇的蛋挞杯子魔术,http://www.1moshu.com/thread-4156-1-1.html
中文翻译 心灵基石 心灵神作 building blocks by Luke Jermay,http://www.1moshu.com/thread-4155-1-1.html
The Magic Way by Juan Tamariz 大师魔术理论书籍 中文翻译,http://www.1moshu.com/thread-4154-1-1.html
2014 别针穿钞 Punkture by Jay Sankey,http://www.1moshu.com/thread-4145-1-1.html
2014 即兴记忆扑克 Instant Recall Deck Memorization,http://www.1moshu.com/thread-4144-1-1.html
2014 E公司 The Bold Project Volume 1 by Justin Miller,http://www.1moshu.com/thread-4143-1-1.html
2014 近景纸牌魔术 Brunolidades by Bruno Tarnecci,http://www.1moshu.com/thread-4142-1-1.html
2014 撕牌角瞬间还原 Decim by Simon Holm,http://www.1moshu.com/thread-4141-1-1.html
2014 企鹅近景讲座 Tomas Medina Penguin Live Online Lecture,http://www.1moshu.com/thread-4140-1-1.html
2014 桌面置换 Father Alex on Hand Mucking,http://www.1moshu.com/thread-4139-1-1.html
中文翻译 推荐 Tailored Suits by Sean Waters西装 心灵魔术教学,http://www.1moshu.com/thread-4138-1-1.html
2014 自动纸牌流程Ultimate Self Working Card Tricks Volume 3,http://www.1moshu.com/thread-4137-1-1.html
中文翻译魔术书籍 杀手级扑克流程 纸牌幻想 by Pit Hartling,http://www.1moshu.com/thread-4136-1-1.html
2014 企鹅讲座 Dan Garrett LIVE: Forward Into the Past,http://www.1moshu.com/thread-4135-1-1.html
2014 美国震撼E-Rase by Julien Arlandis墨水穿透,http://www.1moshu.com/thread-4134-1-1.html
2014 物体入水瓶 Bottle Magic by Ninh,http://www.1moshu.com/thread-4133-1-1.html
2014 DD出品 移牌教学 Peregrine Pass by Daniel Prado,http://www.1moshu.com/thread-4132-1-1.html
2014 E公司发行 Coin Ring Thing by Dan Hauss 硬币戒指互变,http://www.1moshu.com/thread-4131-1-1.html
2014 T11 纸牌魔术 国王的梦想 King's Dream by Zakrul Nizam,http://www.1moshu.com/thread-4130-1-1.html
2014 BBM发行 现代纸牌花式教学 Scott Thomson's Aurora,http://www.1moshu.com/thread-4129-1-1.html
2014 舞台出牌 魔术教学 Master Works by Lee Young Woo,http://www.1moshu.com/thread-4128-1-1.html
2014 V公司出品 三个纸牌流程 Gamble by Andi Gladwin,http://www.1moshu.com/thread-4127-1-1.html
2014 纸牌魔术教学 Dave Loosley - S.M Principle,http://www.1moshu.com/thread-4126-1-1.html
2014大师纸牌魔术教学 Cardmagic By perception-Miguel Angel Ge,http://www.1moshu.com/thread-4125-1-1.html
中文翻译 自动流 联名账户by 西野拓远,http://www.1moshu.com/thread-4124-1-1.html
中文翻译 《 质数原理》 by George Sands,http://www.1moshu.com/thread-4123-1-1.html
中文翻译《冲击》Rush by Dee Christopher,http://www.1moshu.com/thread-4122-1-1.html
Extreme Coin Magic by Joe Rindfleisch 极端硬币魔术,http://www.1moshu.com/thread-4121-1-1.html
2014 企鹅讲座 Diamond Jim Tyler Penguin Live Online Lecture,http://www.1moshu.com/thread-4120-1-1.html
2014 PT最新力作 重磅心灵教学 Jinxed by Peter Turner 2集全,http://www.1moshu.com/thread-4116-1-1.html
2014 五个纸牌流程 John Carey Streamlined,http://www.1moshu.com/thread-4115-1-1.html
大师海绵球魔术课程 Master Course Sponge Balls by Daryl 4集,http://www.1moshu.com/thread-4114-1-1.html
2014 企鹅讲座 Christopher Taylor Penguin Live Online Lecture,http://www.1moshu.com/thread-4113-1-1.html
2014 瞬间互换 FaceShifter by Skulkor 魔术教学,http://www.1moshu.com/thread-4112-1-1.html
中文翻译扑克流程 神探福尔摩斯 SHERLOCK HOLMES VS. MORIARTY,http://www.1moshu.com/thread-4111-1-1.html
中文翻译 刘谦在台湾fool魔术师的流程 《拍出奇迹》魔术教学,http://www.1moshu.com/thread-4110-1-1.html
2014不幸事故 A Series of Unfortunate Effects by Five Academy,http://www.1moshu.com/thread-4109-1-1.html
中文翻译 幻影神针 by Marc Spelmann 魔术教学,http://www.1moshu.com/thread-4108-1-1.html
中文翻译 全面回忆 Total Recall by Iain Girdwood 魔术教学,http://www.1moshu.com/thread-4107-1-1.html
中文翻译 高智商找牌 by Roberto Giobbi 魔术教学,http://www.1moshu.com/thread-4106-1-1.html
实用心灵集合—2M by 涅磐 中文魔术教学,http://www.1moshu.com/thread-4105-1-1.html
2014 扑克花切教学change T11 Flappy & Popcorn by Dan Hammond,http://www.1moshu.com/thread-4101-1-1.html
2014 即兴漂浮纸牌 魔术教学 Shiver by Nathan Kranzo,http://www.1moshu.com/thread-4100-1-1.html
2014 超强漂浮作品 Defiance by Mariano Goni 魔术教学,http://www.1moshu.com/thread-4099-1-1.html
2014 P3出品 戒指魔术大碟 Ring Theory by Antoine Thomas,http://www.1moshu.com/thread-4098-1-1.html
2014 超强扑克流程 Further Than Ever by Giobbi Roberto,http://www.1moshu.com/thread-4097-1-1.html
2013 第三波— 30 seconds（30秒） 中文翻译教学,http://www.1moshu.com/thread-4096-1-1.html
2014 疯狂的硬币 Mad Coin by Ninh,http://www.1moshu.com/thread-4095-1-1.html
2014 蒙眼盲读 Blindfoil by Patrik Kuffs and Matt Johnson,http://www.1moshu.com/thread-4094-1-1.html
单纯的ACAAN效果 Simplex ACAAN by Michael Boden,http://www.1moshu.com/thread-4093-1-1.html
2014 回形针串连扑克 LinX by Arnel Renegado,http://www.1moshu.com/thread-4092-1-1.html
2014 Ellusionist发行 落下抓牌 Grab by Mark Calabrese,http://www.1moshu.com/thread-4091-1-1.html
2014 L.O.V.E by SansMinds Magic 示爱牌组,http://www.1moshu.com/thread-4090-1-1.html
中文翻译 Michael Ammar The Magical Arts Journal 杂志合辑,http://www.1moshu.com/thread-4089-1-1.html
2014 纸牌魔术 扑克穿洞 Instant Hole by Chiara Dalpasso,http://www.1moshu.com/thread-4088-1-1.html
2014 易拉罐拉环还原 REtab by Arnel Renegado,http://www.1moshu.com/thread-4087-1-1.html
2014 企鹅讲座 Lennart Green Penguin Live Online Lecture,http://www.1moshu.com/thread-4086-1-1.html
2014 YIF最新魔术《鲁豫有约》 命运&选择 即兴心灵魔术 中文教学,http://www.1moshu.com/thread-4069-1-1.html
2014 松明嘴巴找牌 即兴魔术教学 泡妞把妹必备 中文魔术教学,http://www.1moshu.com/thread-4068-1-1.html
2014 企鹅魔术讲座 Max Maven Penguin Live Online Lecture,http://www.1moshu.com/thread-4062-1-1.html
中文翻译 超级书本心灵测试 Liebrary by J.Prager,http://www.1moshu.com/thread-4061-1-1.html
中文视频教学 心灵纸牌魔术 OOTW 终极版世界之外魔术教学,http://www.1moshu.com/thread-4060-1-1.html
2014 伤口自愈 Cut by Ran Pink 魔术教学,http://www.1moshu.com/thread-4059-1-1.html
2014 移牌手法 The Contrariwise Shift by Chris Severson,http://www.1moshu.com/thread-4058-1-1.html
中文翻译 灵魂之手 The hand by Palidor Rafhaell,http://www.1moshu.com/thread-4057-1-1.html
常胜 Rock Paper Scissors 石头剪刀布 达伦布朗 中文翻译,http://www.1moshu.com/thread-4056-1-1.html
2014 P3出品 公开的预言 Open by Marcus Eddie,http://www.1moshu.com/thread-4055-1-1.html
2014 裂缝 Shattered by Chester Scott Hinagdanan 魔术教学,http://www.1moshu.com/thread-4054-1-1.html
英国超强MindReader-Paul Brook合集 中文翻译,http://www.1moshu.com/thread-4053-1-1.html
2014 企鹅魔术讲座 Rudy Coby Penguin Live Online Lecture,http://www.1moshu.com/thread-3952-1-1.html
2014 硬币手法 NP Technique by Deepak Mishra,http://www.1moshu.com/thread-3951-1-1.html
2014 At the Table Live Lecture starring Jason England,http://www.1moshu.com/thread-3950-1-1.html
2014 妙手折花 Desert Rose by Chris Randall,http://www.1moshu.com/thread-3949-1-1.html
2014 扑克测试2.0 The Poker Test 2.0 by Erik Casey,http://www.1moshu.com/thread-3948-1-1.html
2014 苹果手机变透明 iClear Silver by Shin Lim,http://www.1moshu.com/thread-3947-1-1.html
2014 T11出品 吸管入瓶 Mask of Sanity by Kevin Schaller,http://www.1moshu.com/thread-3946-1-1.html
2013 饮料消失Evaporation by Louie Foxx - Trick,http://www.1moshu.com/thread-3945-1-1.html
2014 花切教学 T11 Flappy & Popcorn by Dan Hammond,http://www.1moshu.com/thread-3944-1-1.html
2014 企鹅讲座 Jay Scott Berry Penguin Live Online Lecture,http://www.1moshu.com/thread-3943-1-1.html
2014 我在想什么 What am I thinking? by Marc Spelmann,http://www.1moshu.com/thread-3942-1-1.html
2014 E公司发行 意念弯曲钉子 Nailed by Dee Christopher,http://www.1moshu.com/thread-3941-1-1.html
2014 标记 Mark It by Peter Nardi,http://www.1moshu.com/thread-3940-1-1.html
2014 企鹅魔术讲座 Kevin James Penguin Live Online Lecture,http://www.1moshu.com/thread-3930-1-1.html
2014 BBM 扑克魔术作品 Fractalicious by John Bannon,http://www.1moshu.com/thread-3929-1-1.html
2014 气功弯牌 Chi Card by Rick Lax,http://www.1moshu.com/thread-3928-1-1.html
2014 假想硬币 Imagination Coins by Garrett Thomas,http://www.1moshu.com/thread-3927-1-1.html
2014 幽灵回形针 Bently by Chris Hanowell,http://www.1moshu.com/thread-3926-1-1.html
2014 纸牌手法 DD出品 SlipShift by Chris Ramsay,http://www.1moshu.com/thread-3925-1-1.html
2014 强效果牌盒 M-Case by Mickael Chatelain,http://www.1moshu.com/thread-3924-1-1.html
即兴心灵魔术 读心术 猜扑克牌Tony Chang’s mind reading,http://www.1moshu.com/thread-3923-1-1.html
2014 近景魔术讲座At the Table Live Lecture by Daniel Garcia,http://www.1moshu.com/thread-3922-1-1.html
2014 经典四A魔术 D&D出品 Lost and Found by Jared Kopf,http://www.1moshu.com/thread-3921-1-1.html
2014 碉堡 扑克读心 Javelin by Wayne Dobson,http://www.1moshu.com/thread-3920-1-1.html
2014 RSVP大师扑克魔术 Keep Calm and Carey On with John Carey,http://www.1moshu.com/thread-3919-1-1.html
2014 纸牌魔术 Card Cube by Perseus Arkomanis,http://www.1moshu.com/thread-3918-1-1.html
2014 心灵魔术第一百只猴子 Hundredth Monkey by Chris Philpott,http://www.1moshu.com/thread-3917-1-1.html
2014 纸牌魔术 油和水 Oil and Water by Ryuka,http://www.1moshu.com/thread-3916-1-1.html
2014 袭击角度 大师近景教学 Angle of Attack by Jeff Sheridan,http://www.1moshu.com/thread-3911-1-1.html
2014 极品强悍出击 中文翻译心灵魔术流程 致命的牌师,http://www.1moshu.com/thread-3910-1-1.html
公开预言 达伦布朗门子 心灵魔术 Derren Brown,http://www.1moshu.com/thread-3909-1-1.html
全中文翻译 达伦布朗 纯心灵效果 Pure Effect BY Derren Brown,http://www.1moshu.com/thread-3908-1-1.html
2014 超强 中文翻译 四重预言 by Steve Beam,http://www.1moshu.com/thread-3906-1-1.html
OnceRemoved 随便想一张牌 最好的Think Of A Card 中文翻译,http://www.1moshu.com/thread-3904-1-1.html
最屌拼写流程 神拼写 Routined Spelling by Woody Aragon 中文翻译,http://www.1moshu.com/thread-3903-1-1.html
巅峰之作 最高智慧 最重要的物品 中文翻译 心灵魔术教学,http://www.1moshu.com/thread-3902-1-1.html
胡安瞬间记牌序系统Memorized Deck by BW 中文翻译,http://www.1moshu.com/thread-3901-1-1.html
心灵魔术 不碰牌 懒人 巴格拉斯效果 ACAAN 中文翻译教学,http://www.1moshu.com/thread-3900-1-1.html
中文翻译互动纸牌魔术 同时停止Stop At The Same Time,http://www.1moshu.com/thread-3899-1-1.html
2014 企鹅网发行 纸片读心术 Billet Killers by Bob Cassidy,http://www.1moshu.com/thread-3898-1-1.html
2014 变牌教学 The Scarlet Utility by Lloyd Barnes,http://www.1moshu.com/thread-3897-1-1.html
2014中文 红门宴 高清DVD DRUNK by Hondo 魔术教学,http://www.1moshu.com/thread-3896-1-1.html
2014 Stop Smoking by Mark Elsdon 即兴.烟魔术,http://www.1moshu.com/thread-3895-1-1.html
2014 在观众手上发生的变牌 Change by SansMinds,http://www.1moshu.com/thread-3894-1-1.html
2014 YIF春晚变钞 梦幻变钞 Currency by Ninh & Eric Ross,http://www.1moshu.com/thread-3893-1-1.html
忍者抛牌系统 Ninja Tossed-Out Deck System by Patrick Redford,http://www.1moshu.com/thread-3892-1-1.html
2014 企鹅讲座 Murray Sawchuck Penguin Live Online Lecture,http://www.1moshu.com/thread-3891-1-1.html
2014 企鹅在线讲座 Peter Samelson Penguin Live Online Lecture,http://www.1moshu.com/thread-3890-1-1.html
2014 胡安Mnemonica Miracles by Juan Tamariz 牌序奇迹 5集全,http://www.1moshu.com/thread-3889-1-1.html
2014 魔术魂发行 胡凯伦最新近景魔术教学 凯旋归来 高清版,http://www.1moshu.com/thread-3888-1-1.html
2013 鱼哥课堂 Pathways to Mastery Lesson by Aaron Fisher（10-12）,http://www.1moshu.com/thread-3847-1-1.html
2014 完美纸牌魔术 The Switch by Shin Lim,http://www.1moshu.com/thread-3846-1-1.html
2014 跳动的皮筋 Rubber Pop by Lyndon Jugalbot,http://www.1moshu.com/thread-3845-1-1.html
2014 YIF春晚魔术 钞票变换+钞票一张分成2张+瞬间变信用卡,http://www.1moshu.com/thread-3844-1-1.html
2013 指尖旋转筹码 Frye's Chips by Charlie Frye,http://www.1moshu.com/thread-3843-1-1.html
2013 企鹅在线讲座 Peter Eggink Penguin Live Online Lecture,http://www.1moshu.com/thread-3842-1-1.html
2014 企鹅超能力讲座 意念弯硬币 弯曲勺子 戒指漂浮 念力魔术,http://www.1moshu.com/thread-3841-1-1.html
2014 企鹅在线魔术讲座 Daryl Penguin Live Online Lecture,http://www.1moshu.com/thread-3840-1-1.html
2014 最新戒指皮筋作品 戒指皮筋穿透、跳动、连结 稀有教学,http://www.1moshu.com/thread-3839-1-1.html
2013 E公司发行 吸引 Attraction by Laurent Mikelfield,http://www.1moshu.com/thread-3838-1-1.html
2013 e公司 控牌手法教学Doppelganger Control by Justin Miller,http://www.1moshu.com/thread-3837-1-1.html
2013 T11 The Wire 十点二十四分扑克转移 10:24 by Omar Renfro,http://www.1moshu.com/thread-3836-1-1.html
2013 BBM超棒合集The Big Blind Media DVD of Awesome,http://www.1moshu.com/thread-3835-1-1.html
2013 纸牌魔术 跳跃 T11 PuddleJumper by Zach Mueller,http://www.1moshu.com/thread-3834-1-1.html
2013 金属弯曲 Element 80 by Jason Reed and Precept Magic,http://www.1moshu.com/thread-3833-1-1.html
2013 企鹅讲座 Simon Lovell Penguin Live Online Lecture,http://www.1moshu.com/thread-3832-1-1.html
2014 T11 瓶盖奇迹 Caption by Arnel Renegado,http://www.1moshu.com/thread-3738-1-1.html
2014 P3发行 Uncrush by Eric Ross 超能膨胀 皱瓶子还原,http://www.1moshu.com/thread-3737-1-1.html
2014 Vanishing 出品 快速变化 REL Change by Michael Brewer,http://www.1moshu.com/thread-3736-1-1.html
2014 T11皮筋分裂 纯手法橡皮筋魔术教学 Split by Kristina Ogaz,http://www.1moshu.com/thread-3735-1-1.html
2013 Ellusionist发行 扑克魔术 粉碎 Crush by Daniel Madison,http://www.1moshu.com/thread-3734-1-1.html
2014 SM发行 现代ESP Modern ESP by SansMinds,http://www.1moshu.com/thread-3733-1-1.html
2014 企鹅魔术讲座 Roberto Giobbi Penguin Live Online Lecture,http://www.1moshu.com/thread-3732-1-1.html
2013 欺骗魔术师的魔术 秘密原理 by Jerry Sadowitz教学 中文翻译,http://www.1moshu.com/thread-3731-1-1.html
2014 近景魔术 神奇打火机 T11 Heat by Brad Addams,http://www.1moshu.com/thread-3730-1-1.html
2014 T11 纸牌魔术 Android by Arnel Renegado,http://www.1moshu.com/thread-3729-1-1.html
2013 P3出品 近景魔术 烧洞复原 Hellophane by Dan Huffman,http://www.1moshu.com/thread-3697-1-1.html
2013 T11发行 压缩扑克 Decoy by Eoin O'Hare,http://www.1moshu.com/thread-3696-1-1.html
2013 TBC发行纸牌魔术 隐形之手 Invisible Hands by Patrick Kun,http://www.1moshu.com/thread-3695-1-1.html
2013 A Taste of Chaos by Loki Kross 撕牌还原效果,http://www.1moshu.com/thread-3694-1-1.html
2013 新版魔幻四连环 街头魔术 Melt by Genteishiryo Shin Lim,http://www.1moshu.com/thread-3693-1-1.html
2013 台湾TMA Magic Convention 魔术大会纪念表演片,http://www.1moshu.com/thread-3692-1-1.html
2013 E公司出品 Messado Rings by Mr.Messado 精致版四连环教,http://www.1moshu.com/thread-3691-1-1.html
2013 Silencer+Scribble+Split by Jeff Prace & TBC 三部曲,http://www.1moshu.com/thread-3690-1-1.html
2013 企鹅最新变牌作品 GUN by Lyndon Jugalbot,http://www.1moshu.com/thread-3689-1-1.html
2013 SM发行 SansMinds Sharpie by SansMinds Mgaic 墨迹转移,http://www.1moshu.com/thread-3688-1-1.html
2013 E公司发行 吞针引线 A Single Needle by Wayne Houchin,http://www.1moshu.com/thread-3687-1-1.html
2014 E公司发行 现实控牌 Praxis Control by Chris Ramsay,http://www.1moshu.com/thread-3686-1-1.html
2014 T11最新教学 The widdison steal by Josh Burch,http://www.1moshu.com/thread-3685-1-1.html
2014 花切教學 涡轮 Turbo by Blake Smith,http://www.1moshu.com/thread-3684-1-1.html
2013 钱币转移 Snatch by Will Tsai & SansMinds,http://www.1moshu.com/thread-3683-1-1.html
2013 即兴耳机魔术 Pervasion by Will Tsai & SansMinds,http://www.1moshu.com/thread-3682-1-1.html
2013 数字信用卡 Digital Credit by Will Tsai & SansMinds,http://www.1moshu.com/thread-3681-1-1.html
2014 单手PASS The mechanic's pass by Richard Hucko,http://www.1moshu.com/thread-3680-1-1.html
2013 变心 Heart Attack by Will Tsai & SansMinds,http://www.1moshu.com/thread-3679-1-1.html
2013 Pop Tard by Mark Zellinger 魔术教学,http://www.1moshu.com/thread-3678-1-1.html
2013 最新戒指与皮筋魔术 Ring on Band by Michael Scanzello,http://www.1moshu.com/thread-3677-1-1.html
2013 达里尔企鹅讲座 Daryl Penguin Live Online Lecture,http://www.1moshu.com/thread-3676-1-1.html
2013 最新舞台魔术作品 Oscar Munoz Live by KozmoMagic 两集,http://www.1moshu.com/thread-3675-1-1.html
2013 最好的撕牌还原作品 Heinstein's Dream by Karl Hein,http://www.1moshu.com/thread-3674-1-1.html
2013 纸牌魔术 DD出品 Double Exposure by Asi Wind,http://www.1moshu.com/thread-3673-1-1.html
2013 弯曲变牌 Dan&Dave 发行 WeFlex Change by Lance Pierce,http://www.1moshu.com/thread-3672-1-1.html
2013 松明硬币纸币心灵魔术讲座 Where Is The Money(中文翻译),http://www.1moshu.com/thread-3671-1-1.html
2013 Invisible Card Punch by David Powell & Daniel Madison,http://www.1moshu.com/thread-3670-1-1.html
2013 E公司近景魔术作品 Lock Stock & Riot by Peter McKinnon,http://www.1moshu.com/thread-3669-1-1.html
2013 纸牌魔术作品 影响 Impactos by Mariano Goni,http://www.1moshu.com/thread-3668-1-1.html
2013 TBC 最新三文治流程 俘虏 Prisoners by Alex Pandre,http://www.1moshu.com/thread-3667-1-1.html
2013 T11最新花式 Spock by Alvin Herp 魔术教学,http://www.1moshu.com/thread-3666-1-1.html
2013 T11 花式切牌 Peekaboo by Ruslan Mustafin,http://www.1moshu.com/thread-3665-1-1.html
2013 Anttack 2.0 by Christopher Ballinger 别惹蚂蚁2.0版,http://www.1moshu.com/thread-3664-1-1.html
2013 Miracles of the Mind by TA Waters 大师心灵魔术奇迹 2集,http://www.1moshu.com/thread-3663-1-1.html
2013 变化 System 6 Magic The Changes By Michael Six Muldoon,http://www.1moshu.com/thread-3662-1-1.html
2013 如何赢在FISM How to Win at FISM by Soma 纪录片,http://www.1moshu.com/thread-3661-1-1.html
2013 扑克魔术作品 锁 无中生有 Lock by Victor Zatko,http://www.1moshu.com/thread-3660-1-1.html
2013 糖包读心 Sweet by Matthew Johnson,http://www.1moshu.com/thread-3659-1-1.html
2013 最新 YIF魔幻 超炫 复原口香糖 中文视频 魔术教学,http://www.1moshu.com/thread-3658-1-1.html
2013 忍者的戒指梦想中文魔术教学 即兴9种变法,http://www.1moshu.com/thread-3657-1-1.html
2013 鱼哥课堂 Pathways to Mastery Lesson 10 by Aaron Fisher,http://www.1moshu.com/thread-3656-1-1.html
2013 企鹅讲座 Menny Lindenfeld Penguin Live Online Lecture,http://www.1moshu.com/thread-3655-1-1.html
2013 Grupokaps发行 隐形桥 El Puente Invisible de Kiko Pastur,http://www.1moshu.com/thread-3654-1-1.html
2013 E公司发行扑克魔术流程 Delta by Justin Miller,http://www.1moshu.com/thread-3653-1-1.html
2013 Grupokaps发行 扑克 Dani Daortiz - Las Cartas Lanzadas,http://www.1moshu.com/thread-3652-1-1.html
2013 紙牌穿越衣服Card Through Shirt by Dan Hammond,http://www.1moshu.com/thread-3651-1-1.html
2013 T11最新花式 Desiree By AJ A,http://www.1moshu.com/thread-3650-1-1.html
2013 纸牌魔术 Card Tricks by Laurent Mikelfield,http://www.1moshu.com/thread-3649-1-1.html
2013 纸牌魔术 跳跃 T11 PuddleJumper by Zach Mueller,http://www.1moshu.com/thread-3648-1-1.html
2013 地狱之火 燃烧观众选牌 Inferno by Joshua Jay,http://www.1moshu.com/thread-3647-1-1.html
2013 EMC出品 全新蛋袋魔术教学 The Egg Bag by Luis de Matos,http://www.1moshu.com/thread-3646-1-1.html
2014 单手PASS The mechanic's pass by Richard Hucko,http://www.1moshu.com/thread-3645-1-1.html
2013 T11 花切 NEDIM by Hugo Luccioni,http://www.1moshu.com/thread-3644-1-1.html
2013 Dani Daortiz & Yann Frisch - Talk About Lapping 落膝,http://www.1moshu.com/thread-3643-1-1.html
2013 Alakazam发行 复仇 Rhine's Revenge by Clint Barron,http://www.1moshu.com/thread-3634-1-1.html
2013 碉堡手机心灵魔术 Eden Project by Geraint Clarke,http://www.1moshu.com/thread-3633-1-1.html
2013 T11发行 花式作品 NB3 by Chase Duncan,http://www.1moshu.com/thread-3632-1-1.html
2013 大师来了！海市蜃楼 幻影 The Mirage by Dani DaOritz,http://www.1moshu.com/thread-3631-1-1.html
2013 指尖旋转筹码 Frye's Chips by Charlie Frye,http://www.1moshu.com/thread-3630-1-1.html
2013 创意撕牌还原 RE by Chris Webb,http://www.1moshu.com/thread-3629-1-1.html
2013 E公司发行 错误路径 The Wrong Path by Justin Miller,http://www.1moshu.com/thread-3628-1-1.html
2013 T11近景扑克魔术 猛鬼起身 Hellraiser by Arnel Renegado,http://www.1moshu.com/thread-3627-1-1.html
2013 RSVP 创新阴魂不散效果 折痕 Creased by Arnel Renegado,http://www.1moshu.com/thread-3626-1-1.html
2013 企鹅在线讲座 Peter Eggink Penguin Live Online Lecture,http://www.1moshu.com/thread-3625-1-1.html
2013 企鹅在线讲座 Danny Orleans Penguin Live Online Lecture,http://www.1moshu.com/thread-3624-1-1.html
2013 E公司 巨变 转移三文治效果 Quantum by Justin Miller,http://www.1moshu.com/thread-3623-1-1.html
2013 E公司 完美洗牌 The Perfect Riffle Shuffle by Joe Barry,http://www.1moshu.com/thread-3622-1-1.html
2013 企鹅纸牌讲座 Allan Ackerman Penguin Live Online Lecture,http://www.1moshu.com/thread-3621-1-1.html
2013 冰冻预言 Re-Maxed Iceolation by Kieron Johnson,http://www.1moshu.com/thread-3620-1-1.html
2013 即兴油和水 Agua y aceite impromptu de Gabi Pareras,http://www.1moshu.com/thread-3619-1-1.html
2013 人马和女妖 Centauros y Sirenas por Gabi Pareras,http://www.1moshu.com/thread-3618-1-1.html
2013 T11 夸张的控牌手法 BOMBASTIC by Zach Mueller,http://www.1moshu.com/thread-3617-1-1.html
2013 Ellusionist 发行 火柴转移 Sulfur BY Justin Miller,http://www.1moshu.com/thread-3616-1-1.html
2013 E公司发行 手指吸牌找牌 Attraction by Laurent Mikelfield,http://www.1moshu.com/thread-3615-1-1.html
2013 Redux (Download) by David Forrest & Cameron Francis,http://www.1moshu.com/thread-3614-1-1.html
台湾橡皮筋连环教学 Hondo - Infinitum(国语中文),http://www.1moshu.com/thread-3613-1-1.html
中文翻译 轻弹手指 Finger Flicker by Pit Hartling,http://www.1moshu.com/thread-3612-1-1.html
中文翻译教学 触摸思维 by Marc Oberon 心灵大师的杰作,http://www.1moshu.com/thread-3611-1-1.html
2013 撕纸读心术 T-REX by Ran Pink 心灵魔术教学,http://www.1moshu.com/thread-3610-1-1.html
2013 T11发行 重磅花式作品 Monument by Dimitri Arleri,http://www.1moshu.com/thread-3609-1-1.html
2013 Magictao 全新猜猜硬币在哪只手理念 Gerti by Romanos,http://www.1moshu.com/thread-3608-1-1.html
2013 最新变牌教学 The 1977 change by Chris Brown,http://www.1moshu.com/thread-3607-1-1.html
2013 牌入口袋 E公司 Card to Pocket by Daniel Madison,http://www.1moshu.com/thread-3606-1-1.html
2013 想一张牌效果 讲出来 Spoken by Rus Andrews,http://www.1moshu.com/thread-3605-1-1.html
2013 大卫讲座 David Williamson Penguin Live Online Lecture,http://www.1moshu.com/thread-3604-1-1.html
2013 西蒙企鹅讲座 Simon Lovell Penguin Live Online Lecture,http://www.1moshu.com/thread-3603-1-1.html
2013 T11发行 想牌消失 Phantom by Bedros Spidey Akkelian魔术,http://www.1moshu.com/thread-3602-1-1.html
2013企鹅心灵魔术讲座Devin Knight Penguin Live Online Lecture,http://www.1moshu.com/thread-3601-1-1.html
2013 企鹅心灵讲座 Joshua Quinn Penguin Live Online Lecture,http://www.1moshu.com/thread-3600-1-1.html
Fujii Akira - Magic Heaven天国般的魔术(共2集全) 魔术教学,http://www.1moshu.com/thread-3599-1-1.html
2013 D&D发行 十字出牌 PCP by Kevin Ho,http://www.1moshu.com/thread-3598-1-1.html
2013 Pen Through Finger by Matthew Johnson 笔穿手魔术,http://www.1moshu.com/thread-3597-1-1.html
2013 E公司发行 RPM控牌手法 The RPM Control by Bulla Lepen,http://www.1moshu.com/thread-3596-1-1.html
2013 撕报纸还原 No Tear 2 by Andy Dallas and Mark Mason,http://www.1moshu.com/thread-3595-1-1.html
2013 咖啡馆戏法 Coffee House Conjuring by Gregory Wilson,http://www.1moshu.com/thread-3594-1-1.html
2013 最新找牌魔术教学 PHOTOID by Luc Politi,http://www.1moshu.com/thread-3593-1-1.html
2013 T11 WIRE 视觉化吐牌还原 Spit It Out by Omar Renfro,http://www.1moshu.com/thread-3592-1-1.html
2013 Scribble by Jeff Prace & The Blue Crown 涂鸦 iPhone魔术,http://www.1moshu.com/thread-3591-1-1.html
2013 Ellusionist 发行 Wreck by Daniel Madison 撕裂 撕整副牌,http://www.1moshu.com/thread-3590-1-1.html
2013 Matthew Johnson Penguin Live Online Lecture 企鹅讲座,http://www.1moshu.com/thread-3589-1-1.html
2013 t11花式作品 The XCH Project by Dominic Witt 花切教学,http://www.1moshu.com/thread-3588-1-1.html
2013扑克瞬间变信封 Envylope-Brandon David and Chris Turchi,http://www.1moshu.com/thread-3587-1-1.html
2013 扑克魔术 El Reverso by Michael Boden,http://www.1moshu.com/thread-3586-1-1.html
2013 Criss Angel 发行 Equilibrium by Jesse Feinberg 平衡,http://www.1moshu.com/thread-3585-1-1.html
2013 赌徒预言 Heritage by Martin Adams 心灵预言魔术教学,http://www.1moshu.com/thread-3584-1-1.html
2013 另类4A流程 ACE by Richard Sanders 扑克魔术教学,http://www.1moshu.com/thread-3583-1-1.html
2013 即兴简单近景魔术 Magic Made Simple Act 1 by Daryl,http://www.1moshu.com/thread-3581-1-1.html
超纸牌预言流程 Hofzinser's Problem by Dani DaOrtiz 中文字幕,http://www.1moshu.com/thread-3580-1-1.html
2013 超视觉3重惊现 The Hofzinser Anthology by Sebastian,http://www.1moshu.com/thread-3579-1-1.html
2013 快速变化 瞬间换衣 转身 Turn by Christophe Hery,http://www.1moshu.com/thread-3578-1-1.html
2013 儿童艺术家讲座 David Kaye Penguin Live Online Lecture,http://www.1moshu.com/thread-3577-1-1.html
2013 顶点 专业暗袋教学 Vertex Topit by Joke Magie 硬币魔术,http://www.1moshu.com/thread-3576-1-1.html
2013 企鹅在线讲座 Gaetan Bloom Penguin Live Online Lecture,http://www.1moshu.com/thread-3575-1-1.html
2013 Criss Angel 发行 DST by Luke Dancy and David Regal,http://www.1moshu.com/thread-3574-1-1.html
2013 FISM冠军 干净的钞票变幻 Clean Cash by Marc Oberon,http://www.1moshu.com/thread-3573-1-1.html
2013 BBM 无手法的奇迹 Miracles Without Moves by Ryan Schultz,http://www.1moshu.com/thread-3572-1-1.html
2013 微妙理念 Subtle Concepts 2 by Richard Hucko Patrick Kun,http://www.1moshu.com/thread-3571-1-1.html
2013 自动纸牌流程第二部 Ultimate Self Working Card Tricks 2,http://www.1moshu.com/thread-3570-1-1.html
2013 欢迎来到我的世界 Welcome To My World by John Stessel,http://www.1moshu.com/thread-3569-1-1.html
2013 The Orbit发行 哈特移牌 Hart's Pass by Chris Brown,http://www.1moshu.com/thread-3568-1-1.html
2013 T11发行 硬币穿扑克 Saturation by Eric Stevens,http://www.1moshu.com/thread-3567-1-1.html
2013 E公司 打破传统签名牌进瓶 Card in Bottle by Laura London,http://www.1moshu.com/thread-3566-1-1.html
2013 T11发行 The Queens重新演绎 逐步 Gradual by Zach Mueller,http://www.1moshu.com/thread-3565-1-1.html
2013 小马桶搋子 Tiny Plunger by John Armstrong 魔术教学,http://www.1moshu.com/thread-3564-1-1.html
2012 Theory11 发行 扑克花式大碟 SOLO by Michael James Herp,http://www.1moshu.com/thread-3563-1-1.html
数字 另类ACAAN 中文翻译 Numbers by Rus Andrews,http://www.1moshu.com/thread-3562-1-1.html
2013 精选指套魔术 Hand-Picked Astonishments Thumb Tips,http://www.1moshu.com/thread-3561-1-1.html
2013 T11 最新戒指瞬间变换位置 环游 Circuit by Zach Heath,http://www.1moshu.com/thread-3560-1-1.html
硬币穿杯 Clink by David Regal 魔术教学 近景魔术教程,http://www.1moshu.com/thread-3559-1-1.html
2013超强硬币魔术作品 Con denominación by Juan Luis Rubiales,http://www.1moshu.com/thread-3558-1-1.html
2013 FISM 韩国 柳贤敏近景2集 Close Up Idea by Yoo Hyun Min,http://www.1moshu.com/thread-3557-1-1.html
纸牌瞬移 扑克魔术教学 Xpresso by Andrew Normansell,http://www.1moshu.com/thread-3556-1-1.html
2013 全新酒瓶变换 Special Delivery Bottle Production魔术教学,http://www.1moshu.com/thread-3555-1-1.html
2013 神秘三明治預言 Mystic Card by Ali Nouira,http://www.1moshu.com/thread-3554-1-1.html
2013 孔洞转移魔术教学 Beyond Holely by Will Tsai,http://www.1moshu.com/thread-3553-1-1.html
2013 E公司发行 DM全新纸牌大作 Mechanic by Daniel Madison,http://www.1moshu.com/thread-3552-1-1.html
2013 近景魔术 五花八门 Multifarious by Cameron Francis,http://www.1moshu.com/thread-3551-1-1.html
2013 E公司发行 退避 经典扑克效果 Recoil by Ollie Mealing,http://www.1moshu.com/thread-3550-1-1.html
2013 6个效果 Six by Mickael Chatelain,http://www.1moshu.com/thread-3549-1-1.html
2013 硬币进牌盒塑料膜 Cello by Mickael Chatelain,http://www.1moshu.com/thread-3548-1-1.html
2013 心灵大师 企鹅 读心讲座 Ian Rowland Penguin Live Online,http://www.1moshu.com/thread-3547-1-1.html
2013 企鹅讲座 Penguin Live Online Lecture by Geoff Williams,http://www.1moshu.com/thread-3546-1-1.html
2013 企鹅发行 窥视卡片 PaC Stack by Paul Carnazzo,http://www.1moshu.com/thread-3545-1-1.html
2013 E公司 撕牌角还原+变牌 震动 Vibration by Justin Miller,http://www.1moshu.com/thread-3538-1-1.html
2013 企鹅最新 戒指穿越皮筋 Hostile by Ben Diesel近景魔术教学,http://www.1moshu.com/thread-3537-1-1.html
2013 E公司发行类巴格拉斯 Card at Any Number by Justin Miller,http://www.1moshu.com/thread-3536-1-1.html
2013 Etincelles by Joke 火花闪现消失,http://www.1moshu.com/thread-3535-1-1.html
2013 企鹅在线讲座 Marc Spelmann Penguin Live Online Lecture,http://www.1moshu.com/thread-3534-1-1.html
2013 纸牌专家讲座 Steve Reynolds Penguin Live Online Lecture,http://www.1moshu.com/thread-3533-1-1.html
2013 T11发行 自由行 Self Guided Tour by Rick Lax,http://www.1moshu.com/thread-3532-1-1.html
2013 无间隙切牌置顶 3 Ninjas by Chris Brown,http://www.1moshu.com/thread-3531-1-1.html
2013 T11 马铃薯变牌 Potato Change by Gerald Robinson,http://www.1moshu.com/thread-3530-1-1.html
2013 真实的钱币 R.C.M (Real Counterfeit Money) by Ravi Mayar,http://www.1moshu.com/thread-3529-1-1.html
巫毒娃娃预言魔术教学 独家中文 详细自制 使用教学,http://www.1moshu.com/thread-3528-1-1.html
2013 TBC Classic Force Tips by Alex Pandrea 经典迫牌,http://www.1moshu.com/thread-3527-1-1.html
2013 口香糖换位 水平 Levels by Oliver Smith 魔术教学,http://www.1moshu.com/thread-3526-1-1.html
2013 再访 Pump Room Phantasy Revisited by Jack Carpenter,http://www.1moshu.com/thread-3525-1-1.html
2013 Vanishing 发行 JG未发表流程 John Guastaferro's Box Set,http://www.1moshu.com/thread-3524-1-1.html
2013 T11发行 读心巫术 To Do Voodoo by Rick Lax,http://www.1moshu.com/thread-3523-1-1.html
2013 TBC 经典手法DPS Diagonal Palm Shift by Alex Pandrea,http://www.1moshu.com/thread-3521-1-1.html
2013 专业纸牌课堂 Aaron Fisher - Pathways to Mastery Lesson,http://www.1moshu.com/thread-3520-1-1.html
2013 企鹅魔术讲座 Don Englang Penguin Live Online Lecture,http://www.1moshu.com/thread-3519-1-1.html
2013 新版超级预言笔教学 Super Sharpie by Magic Smith,http://www.1moshu.com/thread-3518-1-1.html
2013 超强钥匙皮筋串联 Linkey by Alan Rorrison and Titanas,http://www.1moshu.com/thread-3517-1-1.html
2013 Ellusionist公司发行扑克流程 无限三明治 Grace by Bebel,http://www.1moshu.com/thread-3516-1-1.html
2013 T11 即兴暴强戒指魔术三部曲 影像 Reflex by Patrick Kun,http://www.1moshu.com/thread-3515-1-1.html
2013 企鹅讲座 John Guastaferro Penguin Live Online Lecture,http://www.1moshu.com/thread-3514-1-1.html
2013 花式 Zach Mueller - Seattleite & One card twirl,http://www.1moshu.com/thread-3513-1-1.html
2013 企鹅 钥匙瞬移 Attachment by Brad Addams,http://www.1moshu.com/thread-3512-1-1.html
2013 企鹅在线讲座 Penguin Live Online Lecture by John Born,http://www.1moshu.com/thread-3511-1-1.html
2013 心灵魔术力作 即兴超强预言 A Potent Presage 中文教学+翻译,http://www.1moshu.com/thread-3510-1-1.html
2013 Tricky发行三个闪亮扑克效果 Treble by Steve Reynolds,http://www.1moshu.com/thread-3508-1-1.html
2013 E公司 优雅纸牌三部曲 The Silky Trilogy by Justin Miller,http://www.1moshu.com/thread-3507-1-1.html
2013 七个简单花式切牌教学 Seven by Dalton Wayne,http://www.1moshu.com/thread-3506-1-1.html
2013 空中变牌 In The Air by Jordan Victoria,http://www.1moshu.com/thread-3505-1-1.html
2013 T11发行 Shredder by Bedros "Spidey" Akkelian 碎纸偷看术,http://www.1moshu.com/thread-3504-1-1.html
2013 Lee Asher 布埃诺假洗 The Muy Bueno Shuffle by BJ Bueno,http://www.1moshu.com/thread-3503-1-1.html
2013 DD官网发行 T变牌 T Change by Jeff Prace,http://www.1moshu.com/thread-3502-1-1.html
2013 笔预言 Remarkable by Richard Sanders,http://www.1moshu.com/thread-3501-1-1.html
2012 找七张牌 The Seventh Floor by Aldo Colombini,http://www.1moshu.com/thread-3500-1-1.html
2013 T11 最新花切教学 星球 Terraform by Patrick Varnavas,http://www.1moshu.com/thread-3499-1-1.html
2013 牌盒成了百宝盒 Wedge by Jesse Feinberg,http://www.1moshu.com/thread-3498-1-1.html
2013 即兴 多样化升牌 Uprising by Richard Sanders,http://www.1moshu.com/thread-3497-1-1.html
2013 签名笔穿纸牌 STC (Sharpie Through Card) by Peter Nardi,http://www.1moshu.com/thread-3496-1-1.html
2013 全新挥动控牌 New Wave Control by Eric Leblon,http://www.1moshu.com/thread-3495-1-1.html
2013 MS发行 波长 超棒扑克魔术作品 Wavelength by Manu Jo,http://www.1moshu.com/thread-3494-1-1.html
2013 Criss Angel 发行 Penciltration by Jesse Feinberg 笔穿钞,http://www.1moshu.com/thread-3493-1-1.html
2013魔法偶像 王辰星 超强心灵魔术 心心相印 原版教学,http://www.1moshu.com/thread-3492-1-1.html
2012冯德伦 心灵预言魔术 无道具 独家中文教学,http://www.1moshu.com/thread-3491-1-1.html
意念挤压 魔术教学 恐怖的超能力 中文教学 完整版,http://www.1moshu.com/thread-3490-1-1.html
2013 yif魔幻 快乐大本营孙坚 手机进气球魔术 中文教学 纯手法,http://www.1moshu.com/thread-3489-1-1.html
2013 企鹅在线讲座 Aaron Fisher Penguin Live Online Lecture,http://www.1moshu.com/thread-3488-1-1.html
2013 T11发行 最新变牌作品 The Captcha Change by Jay Grill,http://www.1moshu.com/thread-3487-1-1.html
2013 Enfilo 发行 西班牙扑克魔术作品 Aenigmate by Manu Montes,http://www.1moshu.com/thread-3486-1-1.html
2012 航空概念 Airline Concept by JP Vallarino & Yuri Kaine,http://www.1moshu.com/thread-3485-1-1.html
2013 T11发行 开心旅途 Happy Travels by Rick Lax,http://www.1moshu.com/thread-3484-1-1.html
2013 奇迹精选 强选 Hand-Picked Astonishments Card Forces,http://www.1moshu.com/thread-3483-1-1.html
2013 E公司发行 DM花式合集 Cardistry by Daniel Madison,http://www.1moshu.com/thread-3482-1-1.html
2013 中文舞台魔术讲义 李昂轩 舞台观念空手出牌研习会,http://www.1moshu.com/thread-3481-1-1.html
2013 T11 花式教学 The Whoopsie Twirl by Zach Mueller,http://www.1moshu.com/thread-3480-1-1.html
2013 T11 最新戒指瞬间变换位置 环游 Circuit by Zach Heath,http://www.1moshu.com/thread-3479-1-1.html
2013 发牌换牌 Flux Deal by Alex Moffat,http://www.1moshu.com/thread-3478-1-1.html
2013 T11最新发行 发绳互换 Hair Tie Coloration by Rick Lax,http://www.1moshu.com/thread-3476-1-1.html
2013 终极幽灵控制 意念移动 Anima by Michel & Vernet Magic,http://www.1moshu.com/thread-3475-1-1.html
2013 E公司发行 光速皮筋与戒指 Lightspeed by Justin Miller,http://www.1moshu.com/thread-3474-1-1.html
2012 橡皮筋空间跳跃 中文魔术教学,http://www.1moshu.com/thread-3473-1-1.html
2012 街头人体消失Street Vanish 中文教学,http://www.1moshu.com/thread-3462-1-1.html
2012 YIF魔幻 亦丰魔术 手机穿越水瓶 中文教学,http://www.1moshu.com/thread-3460-1-1.html
2013 企鹅在线讲座 Aaron Fisher Penguin Live Online Lecture,http://www.1moshu.com/thread-3458-1-1.html
2013 T11发行 开心旅途 Happy Travels by Rick Lax,http://www.1moshu.com/thread-3457-1-1.html
2013 T11发行 最新变牌作品 The Captcha Change by Jay Grill,http://www.1moshu.com/thread-3456-1-1.html
yif快乐大本营 余少群 数学魔术 独家中文教学 魔术教程 简单易学,http://www.1moshu.com/thread-3455-1-1.html
中文 即兴版任何牌在任何数 Impromptu Card at Any Number,http://www.1moshu.com/thread-3453-1-1.html
2013 DD发行 扑克魔术作品 游牧 Nomad by Helder Guimaraes,http://www.1moshu.com/thread-3452-1-1.html
2012 签名变钞入信封教学 Nick Lewin's 20-2-10s Routine,http://www.1moshu.com/thread-3451-1-1.html
2013 小魔术大气场 Packs Small - Plays Massive by Jamie Allan,http://www.1moshu.com/thread-3450-1-1.html
2013另类巴格拉斯Loose Change by Justin Miller Alex Aleja,http://www.1moshu.com/thread-3449-1-1.html
2012 BBM自动纸牌流程大碟 Ultimate Self Working Card Tricks,http://www.1moshu.com/thread-3446-1-1.html
2013 恐怖的微笑 Smiley by Laurent Mikelfield,http://www.1moshu.com/thread-3445-1-1.html
2012 天才杂志 九月刊 Genii Magazine Sept 2012,http://www.1moshu.com/thread-3444-1-1.html
2012 扑克大作 21 by Shin Lim Donald Carlson & Jose Morales,http://www.1moshu.com/thread-3443-1-1.html
2013 MS发行 MSD瞬间出牌教学 Techno-Pop by Jack Carpenter,http://www.1moshu.com/thread-3442-1-1.html
2012 MS发行 翻转花式 Manoeuvre by James Miller,http://www.1moshu.com/thread-3441-1-1.html
2013 T11 最新花式切 雪花花切 Conor O'Kane - Snowglobe,http://www.1moshu.com/thread-3440-1-1.html
2013 杯与球基础 魔术教学,http://www.1moshu.com/thread-3439-1-1.html
2013 戒指滑动魔术教学 Justin Miller - Ring Slide,http://www.1moshu.com/thread-3438-1-1.html
2013 生活近景魔术TheWeekly-Episode8 starring Kyle Marlet,http://www.1moshu.com/thread-3437-1-1.html
2013 极限进化的猛鬼移牌 Rasmus Haunted Deck by Rasmus,http://www.1moshu.com/thread-3436-1-1.html
2012 蓝冠发行 金色触及 Golden Touches by Eric Goldfarb,http://www.1moshu.com/thread-3435-1-1.html
2013 企鹅 德克讲座 Penguin Live Online Lecture 漂浮死灵球,http://www.1moshu.com/thread-3434-1-1.html
2012 扑克匹配预言 Knock out Prediction Outdone by Wayne Fox,http://www.1moshu.com/thread-3433-1-1.html
2012 Deluxe nest of wallets by Nick Einhorn 小物品入钱包,http://www.1moshu.com/thread-3432-1-1.html
2013 企鹅在线讲座 Ryan Schlutz Penguin Live Online Lecture,http://www.1moshu.com/thread-3431-1-1.html
2012 完美控牌 火星的逆袭 Mars Control by Chris Brown,http://www.1moshu.com/thread-3430-1-1.html
2013 心灵双色震撼 Juxtaposition by Devonte Rosero,http://www.1moshu.com/thread-3429-1-1.html
2013另类红黑分离 La claridad by Juan Manuel Marcus,http://www.1moshu.com/thread-3428-1-1.html
2013 Ellusionist最新发行 笔迹转移 Move by Gianni Vox,http://www.1moshu.com/thread-3422-1-1.html
2013视觉化变牌The Dark Principle by Cristian 、Justin Miller,http://www.1moshu.com/thread-3421-1-1.html
2013大神扑克Dani DaOrtiz Penguin Live Online Lecture企鹅讲座,http://www.1moshu.com/thread-3420-1-1.html
无死角升牌Duplex by Kevin Schaller,http://www.1moshu.com/thread-3419-1-1.html
粘立人 舞台魔术教学一球变四 魔术棒教学(中文),http://www.1moshu.com/thread-3417-1-1.html
2013 魔方复制和还原流程教学 魔方的噩梦 纯手法,http://www.1moshu.com/thread-3416-1-1.html
2013 盐与银 Salt and Silver by Giovanni Livera,http://www.1moshu.com/thread-3415-1-1.html
2013春晚魔术丁德龙 花生入瓶 手法无道具 随时随地表演 独家中文,http://www.1moshu.com/thread-3414-1-1.html
2010年 独家发行 刘谦本人魔术教学 心灵手机预言术,http://www.1moshu.com/thread-3413-1-1.html
2013 E公司发行 大师地下传奇 An Underground Legend by Bebel,http://www.1moshu.com/thread-3411-1-1.html
2013 E公司发行 扑克手法教学 Gamblers Cop by Daniel Madison,http://www.1moshu.com/thread-3410-1-1.html
2013 MS发行 疯狂小花式 Crazy Little Flourish by Marc Decoux,http://www.1moshu.com/thread-3409-1-1.html
2013 心灵近景魔术 Emerge by G and SM Production,http://www.1moshu.com/thread-3408-1-1.html
2013推荐牌术师中的牌术师 一切All In by Jack Carpenter 2集全,http://www.1moshu.com/thread-3407-1-1.html
2012 签名牌角入手机 Iphone魔术力作 iProject by Alan Rorrison,http://www.1moshu.com/thread-3406-1-1.html
2013 回形针弯曲 Self Bending Paperclip by Menny Lindenfeld,http://www.1moshu.com/thread-3405-1-1.html
2013 TBC 两牌互换 Two Card Transpo by Alex Pandrea,http://www.1moshu.com/thread-3404-1-1.html
心灵魔术教学 Omnilope by Jay Sankey,http://www.1moshu.com/thread-3403-1-1.html
2013 企鹅网方超级推荐作品 Connection by Jon Allen Vol 1-3,http://www.1moshu.com/thread-3402-1-1.html
2013 硬币跳动 The Dance by Brian Platt,http://www.1moshu.com/thread-3401-1-1.html
2013 E公司发行 地狱变牌 Abyss Change by Justin Miller,http://www.1moshu.com/thread-3400-1-1.html
2013 V公司发行 奇怪的某张牌 Odd Men Out by Pit Hartling,http://www.1moshu.com/thread-3399-1-1.html
2013 Vanishing发行 大师纸牌合集 John Carey Collection 1-2,http://www.1moshu.com/thread-3398-1-1.html
2013 气球漂浮 念力自爆 Halo by Brad Addams 意念魔术教学,http://www.1moshu.com/thread-3397-1-1.html
2013 在你面前弯硬币In Your Face Coin Bend by Oscar Melendez,http://www.1moshu.com/thread-3396-1-1.html
2013DD 阴影下的旅行 The Unreal Sessions by Paul Wilson1-10全,http://www.1moshu.com/thread-3395-1-1.html
2012 神秘的7 魔术教学 Sevens by Dee Christopher,http://www.1moshu.com/thread-3394-1-1.html
2012 超实用强效心灵魔术Teleki Nefesch by Nefesch,http://www.1moshu.com/thread-3393-1-1.html
2012 SM propductionz 发行 气旋 Cyclone by G,http://www.1moshu.com/thread-3392-1-1.html
2012企鹅现场讲座Penguin Live Online Lecture by Jay Sankey,http://www.1moshu.com/thread-3391-1-1.html
2012企鹅现场讲座Penguin Live Online Lecture by Oz Pearlman,http://www.1moshu.com/thread-3390-1-1.html
2011 全新近景教学 Minotaur The Final Issue by Dan Harlan 2集,http://www.1moshu.com/thread-3389-1-1.html
2013 Ellusionist 发行 Aftershock by Justin Miller 撕牌还原,http://www.1moshu.com/thread-3388-1-1.html
2013 触电道具魔术教学 Yigal Mesika - Electric Touch,http://www.1moshu.com/thread-3387-1-1.html
2013 T11瓶颈圈进瓶 SHRINGK by Arnel Renegado,http://www.1moshu.com/thread-3386-1-1.html
2012 即兴皮筋穿手指Rubber Thruhand by Dan Hauss Blake Vogt,http://www.1moshu.com/thread-3385-1-1.html
2013 新式迫牌技巧T11 C-Force by Will Palmer 扑克手法魔术教学,http://www.1moshu.com/thread-3384-1-1.html
2012 瞬间变化 Fickle by Chris Webb,http://www.1moshu.com/thread-3383-1-1.html
2013 T11 The Wire出品 幽灵纸 Soul Paper by Rick Lax,http://www.1moshu.com/thread-3382-1-1.html
2013 E公司 超棒戒指魔术 脱离 Divorce by Justin Miller,http://www.1moshu.com/thread-3381-1-1.html
2013 小胖企鹅讲座Chris Mayhew Penguin Live Online Lectur,http://www.1moshu.com/thread-3380-1-1.html
台湾纸牌强作 纸牌暴走 心灵 互动 魔术教学 国语中文 2集全,http://www.1moshu.com/thread-3379-1-1.html
2013 System 6 必学扑克魔术 6 by Six by Michael "Six" Muldoon,http://www.1moshu.com/thread-3378-1-1.html
2013毕扎罗翻转 魔术教学 Bizarro Flip by Bizarro 扑克魔术教程,http://www.1moshu.com/thread-3376-1-1.html
2013 蓝冠发行 疯狂旋转条纹 Stir Crazy by Dan Hauss,http://www.1moshu.com/thread-3375-1-1.html
2013 Monster 1980 by An Ha Lim 韩国安河林 超强出牌教学2集,http://www.1moshu.com/thread-3374-1-1.html
2013 溶点 皮筋穿越 Melting Point by Casshan Wallace魔术教学,http://www.1moshu.com/thread-3373-1-1.html
2012银铜换位 Silver Copper Transposition by Ricardo Vizcarra,http://www.1moshu.com/thread-3372-1-1.html
2013 T11 皮筋渗透水瓶 Water Logged by Mark Zellinger,http://www.1moshu.com/thread-3371-1-1.html
2013 硬币消失手法 Ellusionist 发行 Loyal Coin Vanish,http://www.1moshu.com/thread-3370-1-1.html
2013 超能力超越 T11 Headache by Jay Grill,http://www.1moshu.com/thread-3369-1-1.html
2013 Ellusionist发行 Chaos theory by Daniel Madison 混乱理论,http://www.1moshu.com/thread-3365-1-1.html
2013 托德花切 震撼归来 Tudor 2013 by Brian Tudor,http://www.1moshu.com/thread-3364-1-1.html
2013 企鹅在线讲座 Kyle Marlett Penguin Live Online Lecture,http://www.1moshu.com/thread-3363-1-1.html
2013 快捷变钞 Bill Breaker by Bizzaro,http://www.1moshu.com/thread-3362-1-1.html
2013 即兴红黑分离 T11 Out of My Mind by Spidey,http://www.1moshu.com/thread-3361-1-1.html
2013 TBC 经典移牌手法DPP Diagonal Palm Pass by Alex Pandrea,http://www.1moshu.com/thread-3360-1-1.html
2013企鹅心灵讲座 Penguin Live Online Lecture by Colin Mcleod,http://www.1moshu.com/thread-3359-1-1.html
2013 T11 法式美甲 French Manicure by Ekaterina Dobrokhotova,http://www.1moshu.com/thread-3358-1-1.html
2012 预言魔术作品 Achromatic Prediction by Nefesch,http://www.1moshu.com/thread-3357-1-1.html
2013 RSVP 超棒街头近景 隐匿与寻找 Hide & Seek by James Brown,http://www.1moshu.com/thread-3356-1-1.html
2013 李琦石舞台手彩视觉艺术 Artist 出牌 Visual by Lukas,http://www.1moshu.com/thread-3355-1-1.html
2013 EMC重磅扑克作品 Allegro by Mago Migue and Luis De Matos,http://www.1moshu.com/thread-3354-1-1.html
2013 不可思议纸牌魔术 Inscrutable by Joe Barry and Alakazam,http://www.1moshu.com/thread-3353-1-1.html
2012 T11发行 超炫！连续变牌 Thricycle by Zach Mueller,http://www.1moshu.com/thread-3352-1-1.html
2012 Ellusionist 发行 笑脸转移Smiley by Laurent Mikelfield,http://www.1moshu.com/thread-3351-1-1.html
2012 Paul Harris Presents Skycap by Luke Dancy 吸管穿越瓶盖,http://www.1moshu.com/thread-3329-1-1.html
2012 Rubber Thruhand by Dan Hauss Blake Vogt 皮筋穿越手指,http://www.1moshu.com/thread-3328-1-1.html
2012 Theory 11 Regeneration by Blake Vogt 撕牌角还原,http://www.1moshu.com/thread-3327-1-1.html
2012 Theory 11发行 牌的边缘 Edge by Mathieu Bich,http://www.1moshu.com/thread-3326-1-1.html
2012 Paul Harris发行 戒指消失进项链 Closure by Robert Smith,http://www.1moshu.com/thread-3324-1-1.html
2012 黑池FISM 韩国 李琦石 艺术家系统 Artist System by Lukas,http://www.1moshu.com/thread-3323-1-1.html
2012 苹果变手机 Apple 2 Phone by Jordan Gomez,http://www.1moshu.com/thread-3322-1-1.html
