14866	5541	深圳市福田区赛格电子市场环球易达数码经营部	http://shop1387904251472.1688.com/page/creditdetail.htm
13663	5908	临海市志鸿工艺品厂	http://jack750320750320.1688.com/page/creditdetail.htm
4850	5927	宁海县协宁橡塑厂	http://shop1346951135297.1688.com/page/creditdetail.htm
6530	4693	义乌市英桐电子商务有限公司	http://forttis.1688.com/page/creditdetail.htm
13603	5912	深圳市美新斯电子科技有限公司	https://szmxsq.1688.com/page/creditdetail.htm
6451	4686	义乌市秋歌电子商务商行	http://qigodianzi.1688.com/page/creditdetail.htm
23996	17767	小天使玩具商行	https://shop1376190520402.1688.com/page/creditdetail.htm
14857	6258	永嘉县正兴宠物休闲用品有限公司	https://wenzhouhateli.1688.com/page/creditdetail.htm
6615	4702	深圳市吉讯	https://qytdianzi.1688.com/page/creditdetail.htm
14196	5091	高培培	https://shentai1688.1688.com/page/creditdetail.htm
16071	7927	平阳县恰克图体育用品商行	https://shop1395334791210.1688.com/page/creditdetail.htm
14858	5260	义乌市赛科包装有限公司	https://seikopacking.1688.com/page/creditdetail.htm
14916	11109	刘永杰 先生	https://ywyj2009.1688.com/page/creditdetail.htm
16076	7931	义乌市袁火兴服饰商行	https://yhx26358.1688.com/page/creditdetail.htm
10293	829	深圳市福田区赛格电子市场鑫鸿亚电子经营部	https://szhy6261.1688.com/page/creditdetail.htm
13737	2118	东莞市程德电子有限公司	https://13922964299.1688.com/page/creditdetail.htm
24045	17819	丽水市丽英办公用品有限公司	https://shop1463763406541.1688.com/page/creditdetail.htm
24044	17818	上海唯依办公用品有限公司	https://guomiankai.1688.com/page/creditdetail.htm
6664	4705	义乌市尼新电子商务商行	https://15nixin.1688.com/page/creditdetail.htm
13731	4211	义乌市虎踞电子商务商行	https://shop1406652927465.1688.com/page/creditdetail.htm
13730	4952	杭州询途贸易有限公司	https://windtour2010.1688.com/page/creditdetail.htm
23442	17116	深圳市南山区西丽雅科汽车用品厂	https://shop1440608243337.1688.com/page/creditdetail.htm
10511	1221	深圳市简索信息技术有限公司	https://lanteem.1688.com/page/creditdetail.htm
26373	20777	深圳市菲鸿达电子有限公司	https://feihongda.1688.com/page/creditdetail.htm
15391	7062	佛山市南海锋大五金工具有限公司	https://fdwj128.1688.com/page/creditdetail.htm
10514	1218	深圳市福田区好利友电子商行	https://szcthly.1688.com/page/creditdetail.htm
14856	6251	东莞东莞市巨鼎硅胶制品有限公司	https://ywmengdoudou.1688.com/page/creditdetail.htm
16064	7920	义乌市全途电子商务商行	https://shop1398704173670.1688.com/page/creditdetail.htm
15390	3439	深圳市强达兴业科技有限公司	https://qiangdaxingye.1688.com/page/creditdetail.htm
14984	5594	深圳市秀田电子有限公司	https://hongdak2011.1688.com/page/creditdetail.htm
12523	3450	深圳市普振电子科技有限公司	https://hyztwo.1688.com/page/creditdetail.htm
14290	2004	义乌市吉茂电子科技有限公司	https://jinyc2010.1688.com/page/creditdetail.htm
25726	19737	三少服饰	https://shop1354553961765.1688.com/page/creditdetail.htm
17522	9533	袁燕如	https://jyhxzm.1688.com/page/creditdetail.htm
10891	1473	深圳市三鼎飞龙电子有限公司	https://shop1398704448142.1688.com/page/creditdetail.htm
16056	7911	上海淼禹贸易有限公司	https://shop1396284976525.1688.com/page/creditdetail.htm
13240	4056	苏州市吴中区甪直海鹏缝纫机配件商行	https://szhaipengzhenchehang.1688.com/page/creditdetail.htm
25558	19420	保定百佳威皮具制造有限公司	https://shop1427215265680.1688.com/page/creditdetail.htm
16072	7928	深圳市龙岗区雪途莱运动用品厂	https://shop1429110439568.1688.com/page/creditdetail.htm
26338	20724	深圳市和泰科技有限公司	https://fxhw88.1688.com/page/creditdetail.htm
16001	7836	周开璇	https://zkx138.1688.com/page/creditdetail.htm
25328	19252	义乌市跨优电子商务有限公司	https://kuayou.1688.com/page/creditdetail.htm
11853	1402	江门市蓬江区朝胜五金制品厂	https://shop1372439176283.1688.com/page/creditdetail.htm
8901	4790	佛山市南海区哈皮儿宠物用品商行	https://shop1366650644307.1688.com/page/creditdetail.htm
3990	8760	广宗县帝元自行车配件厂	https://shop1393520513915.1688.com/page/creditdetail.htm
15612	7332	台州市椒江博海展示架厂	https://shop1410799208049.1688.com/page/creditdetail.htm
15613	7333	黄红霞	https://qingqingwang168.1688.com/page/creditdetail.htm
15610	4083	义乌市嘉豪电子商行	https://yiwujiahao2010.1688.com/page/creditdetail.htm
14821	17176	深圳市佳胜新能源	https://shop1422982026660.1688.com/page/creditdetail.htm
15615	7335	义乌市五昭昭日用品厂	https://huangyukuan4200.1688.com/page/creditdetail.htm
16077	1765	义乌市暖成电子商务商行	https://ywnc02.1688.com/page/creditdetail.htm
16051	7903	长沙善者工艺品贸易有限公司	https://iamyoufans001.1688.com/page/creditdetail.htm
1790	6457	宁海县磊源电子厂	https://shop1356110308274.1688.com/page/creditdetail.htm
712	4491	义乌市瑞彩玩具商行	https://ywcc5188.1688.com/page/creditdetail.htm
15309	6943	深圳市龙岗区布吉视野电子经营部	https://shop1394125474008.1688.com/page/creditdetail.htm
14914	6265	深圳市宏泰隆精密模具五金有限公司	https://szhongtailong.1688.com/page/creditdetail.htm
14216	5113	东乡县俊健饰品厂	https://dongtaispc.1688.com/page/creditdetail.htm
23845	17604	中山市祥隆户外餐具制品有限公司	https://zspmf2.1688.com/page/creditdetail.htm
13605	700	永康市卡乐五金制品厂	https://kalecamp.1688.com/page/creditdetail.htm
13604	484	东莞市刚亮照明有限公司	https://glledcarlight.1688.com/page/creditdetail.htm
6655	11023	义乌牧心野营用具有限公司	https://muxincamp.1688.com/page/creditdetail.htm
6654	15861	义乌市松升电子商务商行	https://365anybuy.1688.com/page/creditdetail.htm
15856	7656	广州爵品皮具有限公司	https://juepin.1688.com/page/creditdetail.htm
15857	7657	宁波市镇海区蛟川博思朗硅胶制品商行	https://shop1421772418745.1688.com/page/creditdetail.htm
913	4503	勤得實業有限公司	https://flatdepot.1688.com/page/creditdetail.htm
15853	7653	义乌市何坊电子商务商行	https://shop1410972122024.1688.com/page/creditdetail.htm
13733	4953	义乌市寿吙工艺品厂	https://shopshouhuo.1688.com/page/creditdetail.htm
15858	7658	扬州原点玩具商贸有限公司	https://yzotts.1688.com/page/creditdetail.htm
5910	1749	苏州代盟德电器有限公司	https://horsentek.1688.com/page/creditdetail.htm
10802	1366	深圳德奥科电子有限公司	https://shop1392014843835.1688.com/page/creditdetail.htm
591	4473	潘江云	https://laopanmianju.1688.com/page/creditdetail.htm
19515	11602	东莞市奥雪玩具有限公司	https://aoxuetoys.1688.com/page/creditdetail.htm
15535	7255	武进区湖塘乐凫运动用品厂	https://lefusport.1688.com/page/creditdetail.htm
15925	7734	义乌唐厨塑胶有限公司	https://slbaking.1688.com/page/creditdetail.htm
8239	3426	深圳市钜泰泵业有限公司	https://jutaibengye.1688.com/page/creditdetail.htm
15927	7736	义乌市正全模具厂	https://shop1421167656464.1688.com/page/creditdetail.htm
8604	3708	喻如亮 先生	https://tonghuaweisheng.1688.com/page/creditdetail.htm
26440	20857	深圳市龙岗区亿阳电子厂	https://shop1394418242511.1688.com/page/creditdetail.htm
3140	8222	义乌市丹顺饰品厂	https://kdsby.1688.com/page/creditdetail.htm
3143	10494	高碑店市新城灵派箱包销售部	https://shop1382374532019.1688.com/page/creditdetail.htm
13541	371	广州安兴光电科技有限公司	https://zsxiongtian.1688.com/page/creditdetail.htm
2824	8255	李汉斌 先生	https://swppp266.1688.com/page/creditdetail.htm
13425	4943	天津嘉祥机电贸易有限公司	https://shop1379437463106.1688.com/page/creditdetail.htm
13423	7370	东莞市科时达表业有限公司	https://ksdwatch4.1688.com/page/creditdetail.htm
14593	5357	阳东县恒成塑料厂	https://hengchengfactory.1688.com/page/creditdetail.htm
583	2847	义乌市晓茵电子商务商行	https://shop1373993624078.1688.com/page/creditdetail.htm
23002	16725	义乌市艾畔电子商务商行	https://shop1447866679634.1688.com/page/creditdetail.htm
14696	1391	深圳市福田区赛格电子市场鸿雁电子经营部	https://hongyan7320.1688.com/page/creditdetail.htm
14758	3545	深圳圳和科技有限公司	https://0755he.1688.com/page/creditdetail.htm
3029	4576	深圳市新起点贸易有限公司	https://dxsbiao.1688.com/page/creditdetail.htm
24873	18824	KASAKODOCAI官方旗舰店	https://shop1449384505933.1688.com/page/creditdetail.htm
14756	3081	三一微	https://shop1373907251062.1688.com/page/creditdetail.htm
14750	5459	深圳市福田区远望数码商城金林通讯行	https://jinlintxh.1688.com/page/creditdetail.htm
15496	7210	义乌市刘都饰品有限公司	https://liudushipin.1688.com/page/creditdetail.htm
11682	2305	广州漫创贸易有限公司	https://manchuang2013.1688.com/page/creditdetail.htm
15951	7762	深圳市品冠达数码科技有限公司	https://szpinguanda.1688.com/page/creditdetail.htm
25543	19408	深圳市蒂彩化妆品有限公司	https://shop1460134067617.1688.com/page/creditdetail.htm
15581	7291	义乌市端耀电子商务商行	https://shop1395248386394.1688.com/page/creditdetail.htm
23201	16944	义乌市鹿美电子商务有限公司	https://ywlm661.1688.com/page/creditdetail.htm
24907	18871	东莞市乐淘电子科技有限公司	https://shop1450975891173.1688.com/page/creditdetail.htm
26393	20794	深圳市盛诺德科技有限公司	https://szpaite2.1688.com/page/creditdetail.htm
25595	19464	广州航飞皮具有限公司	https://sunny15975621605.1688.com/page/creditdetail.htm
8735	4764	东莞市坤泰精密塑胶制品有限公司	https://wolfs001.1688.com/page/creditdetail.htm
15867	7666	义乌市平腾电子商务商行	https://3600jc.1688.com/page/creditdetail.htm
8514	3653	宁波欧玛工贸有限公司	https://nbomgm.1688.com/page/creditdetail.htm
10708	1293	深圳市朔威视讯电子有限公司	https://swayvisionx.1688.com/page/creditdetail.htm
13901	1568	台州市路桥嘉乐达日用品有限公司	https://taizhoujiacheng2011.1688.com/page/creditdetail.htm
14124	507	深圳市亿华星科技有限公司	https://yihuaxingkeji.1688.com/page/creditdetail.htm
13868	15592	合肥安博罗医疗器械有限公司	https://anboloo.1688.com/page/creditdetail.htm
15402	7070	绍兴久裕伞业有限公司	https://jysy2010.1688.com/page/creditdetail.htm
15407	7079	厦门神冠软件科技有限公司	https://shop1356257599039.1688.com/page/creditdetail.htm
15406	7078	义乌市凹凸野营用具有限公司	https://zjaotu.1688.com/page/creditdetail.htm
15404	112	汕头市乐立方玩具实业有限公司	https://nicekiki.1688.com/page/creditdetail.htm
7900	10165	义乌市发浪电子商务商行	https://ywshenyu1688.1688.com/page/creditdetail.htm
6939	2087	深圳市正军光电科技有限公司	https://shop1397148966685.1688.com/page/creditdetail.htm
7905	1041	义乌市爱都工艺品商行	https://yanggen88.1688.com/page/creditdetail.htm
15087	6611	深圳市龙岗区迪百雅手机配件商行	https://shop1389632008322.1688.com/page/creditdetail.htm
9484	15872	义乌市胡额电子商务商行	https://shop1385484810554.1688.com/page/creditdetail.htm
24230	18041	佛山市顺德区嘉信灯饰有限公司	https://jiaxinlamp.1688.com/page/creditdetail.htm
9435	4841	深圳市金榜来科技有限公司	https://shop1412095683336.1688.com/page/creditdetail.htm
26618	21090	晋江市东石凯博伞业商行	https://shop1465058178267.1688.com/page/creditdetail.htm
14987	4341	深圳市福田区赛格电子市场鑫鸿亚电子经营部	https://szhy6261.1688.com/page/creditdetail.htm
25518	19379	义乌市晋同电子商务有限公司	https://15jintong.1688.com/page/creditdetail.htm
12248	3182	义乌市思迪进出口有限公司	https://xzlq1984.1688.com/page/creditdetail.htm
15033	6388	义乌市芬菲文化用品加工厂	https://yiwufenfei.1688.com/page/creditdetail.htm
15035	6395	义乌市优湃文化用品有限公司	https://upai8.1688.com/page/creditdetail.htm
24289	18119	东莞市寮步凯华电脑绣花制衣厂	https://shop1385052754799.1688.com/page/creditdetail.htm
3091	19499	深圳市伟亚特电子有限公司	https://szweiya66.1688.com/page/creditdetail.htm
21748	14704	义乌市烁文贸易有限公司	https://15jiafa.1688.com/page/creditdetail.htm
24287	18117	阳江市江城区嘉美惠五金塑胶厂	https://yjjiameihui.1688.com/page/creditdetail.htm
24231	18043	台州腾盈商贸有限公司	https://138138.1688.com/page/creditdetail.htm
24484	18363	义乌市普特自行车配件厂	https://lptzxcpj.1688.com/page/creditdetail.htm
23895	17646	义乌市丞倪化妆用具厂	https://shop1458147612141.1688.com/page/creditdetail.htm
15836	7638	深圳市龙岗区上九皮具商行	https://qianming5000.1688.com/page/creditdetail.htm
23896	17647	龚万油	https://shop1406048191627.1688.com/page/creditdetail.htm
20529	12864	深圳市宝安区石岩异星社节日用品厂	https://yixshe.1688.com/page/creditdetail.htm
23254	16993	深圳市龙岗区时尚钟表厂	https://giftwatch998.1688.com/page/creditdetail.htm
18247	10386	驻马店市风行商贸有限公司	https://fxhw88.1688.com/page/creditdetail.htm
24088	17974	义乌市燕舞工艺品有限公司	https://yiwuyanwu.1688.com/page/creditdetail.htm
24126	17900	博罗县石湾镇银华电子厂	https://yhdz9916.1688.com/page/creditdetail.htm
11228	1825	义乌市古月电子商务商行	https://ywshhy.1688.com/page/creditdetail.htm
1903	1043	深圳市罗湖区凯通城市场亲亲爱婴屋商行	https://mxtradechina.1688.com/page/creditdetail.htm
10792	1333	深圳市志诚达礼品有限公司	https://wenhonglai988.1688.com/page/creditdetail.htm
24910	18859	深圳市泽易贸易有限公司	https://shop1464628141691.1688.com/page/creditdetail.htm
15248	6762	上海蓝古德电子商务有限公司	https://shop1391853966496.1688.com/page/creditdetail.htm
12444	3371	深圳市启德好表业有限公司	https://shop1409849021858.1688.com/page/creditdetail.htm
12441	3368	兴利达表业经营部	https://shop1376672373786.1688.com/page/creditdetail.htm
15241	6746	深圳市富利晖光电有限公司	https://yingying20090908.1688.com/page/creditdetail.htm
24697	18605	平阳县傻大姐健身器材厂	https://shop1465232142321.1688.com/page/creditdetail.htm
15945	7754	合肥崇武商贸有限公司	https://boxingglove.1688.com/page/creditdetail.htm
25904	20177	深圳市南山区涵雅佳贸易商行	https://hanyajia.1688.com/page/creditdetail.htm
24139	17928	广州市越秀区尚格表业行	https://shagerwatch.1688.com/page/creditdetail.htm
25902	20175	义乌市中肯贸易有限公司	https://shop1357321002517.1688.com/page/creditdetail.htm
15148	6580	杭州劳威贸易有限公司	https://bike1688.1688.com/page/creditdetail.htm
2682	18149	义乌市卡标蒂汽车用品厂	https://ywcarbeauty.1688.com/page/creditdetail.htm
14963	6302	义乌市永奕饰品有限公司	https://luoyongyin238.1688.com/page/creditdetail.htm
15869	7668	深圳市福田区峰泊兄弟电子经营部	https://13534072048.1688.com/page/creditdetail.htm
15868	7667	广州凡特电子科技有限公司	https://bjchensheng.1688.com/page/creditdetail.htm
5292	3680	义乌市公禄电子商务商行	https://yiwugonglu.1688.com/page/creditdetail.htm
14969	6303	郑国成(个体经营)	https://mmaqh.1688.com/page/creditdetail.htm
15862	7661	义乌市熠秀电子商务商行	https://wsyixiu.1688.com/page/creditdetail.htm
13644	1922	瑞安市伟艺工艺品厂	https://shop1382028818295.1688.com/page/creditdetail.htm
13643	1850	索娜太阳能科技(专业太阳能灯生产商）	https://shop1430758456647.1688.com/page/creditdetail.htm
13641	9478	深圳市宇丰达光电有限公司	https://yufengda.1688.com/page/creditdetail.htm
14684	5436	深圳市臻品科技有限公司	https://shop1400086542056.1688.com/page/creditdetail.htm
15238	6743	义乌市凯源电子商务商行	https://shop1403888039715.1688.com/page/creditdetail.htm
21422	14318	温州诺曼头盔有限公司	https://nuoman2010.1688.com/page/creditdetail.htm
15239	6745	丹阳市云阳镇青松钟表商行	https://qingsong8208.1688.com/page/creditdetail.htm
15926	7735	阳东升洋五金塑料制品有限公司	https://ydshengyang.1688.com/page/creditdetail.htm
13883	3422	中山市古镇同德利水晶门市部	https://tdlshuijing.1688.com/page/creditdetail.htm
15362	7017	进贤县文港虎王笔庄	https://huwangbizhuang.1688.com/page/creditdetail.htm
22660	16300	深圳市科瑞思科技有限公司	https://shop1441990049516.1688.com/page/creditdetail.htm
13888	2807	义乌市贝瑞宠物用品厂	https://berrypet.1688.com/page/creditdetail.htm
15657	7385	衡水市创新仪器仪表有限公司	https://cxyqyb.1688.com/page/creditdetail.htm
15429	7117	杨世锡	https://yxcnc009.1688.com/page/creditdetail.htm
5819	1791	深圳市新陆贸易有限公司	https://xinlumaoyi2008.1688.com/page/creditdetail.htm
14812	5489	义乌市哈吉宠物用品厂	https://jtcrafttoys.1688.com/page/creditdetail.htm
16039	7885	深圳市盛源通商科技有限公司	https://shop1426697602506.1688.com/page/creditdetail.htm
15810	7610	深圳市联科思电子有限公司	https://links3c.1688.com/page/creditdetail.htm
8836	4779	深圳市宝安区沙井铭恩钟表批发商行	https://wumingen001.1688.com/page/creditdetail.htm
15814	7616	深圳市伟艺时尚礼品有限公司	https://weiyisd.1688.com/page/creditdetail.htm
8832	3889	朱丽蕉	https://chinatieguailv.1688.com/page/creditdetail.htm
14018	4982	陈冬月(个体经营)	https://shop1347469758689.1688.com/page/creditdetail.htm
25316	19242	南京亚孚文体用品有限公司	https://shop1368551037181.1688.com/page/creditdetail.htm
15145	6574	深圳市龙岗区鑫盛泰电子加工厂	https://shop1397580999014.1688.com/page/creditdetail.htm
557	4469	广州市星霆商贸有限公司	https://everstaranime.1688.com/page/creditdetail.htm
13819	1191	东莞市鸿盛包装材料有限公司	https://gzxygj9.1688.com/page/creditdetail.htm
15338	6985	关春秀	https://yiwuhuoyuan.1688.com/page/creditdetail.htm
15663	7400	深圳市南山区新秀女装商行	https://xinxiushop.1688.com/page/creditdetail.htm
15669	7399	义乌市雅饶钟表厂	https://shop1407885891222.1688.com/page/creditdetail.htm
15232	6737	义乌市凯琴电子商务商行	https://shop1358269120398.1688.com/page/creditdetail.htm
14241	1003	深圳富恩帮科技有限公司	https://shop1380300755455.1688.com/page/creditdetail.htm
14361	1261	义乌市晨梦家居用品有限公司	https://cmjjyp.1688.com/page/creditdetail.htm
15662	7390	义乌市誉联日用品厂	https://yuniantv.1688.com/page/creditdetail.htm
14363	5199	义乌市简蝶饰品厂	https://jinyesp.1688.com/page/creditdetail.htm
15233	6741	深圳市祥祺礼品有限公司	https://szx7lp.1688.com/page/creditdetail.htm
15661	6495	义乌市沁蕾电子商务商行	https://shop1371229195230.1688.com/page/creditdetail.htm
14248	852	深圳市佳维恒信科技有限公司	https://jiawei108.1688.com/page/creditdetail.htm
15664	7392	深圳市综艺达电子有限公司	https://kdk328.1688.com/page/creditdetail.htm
15660	7388	东莞市大岭山俊腾电子厂	https://longhuafeng9.1688.com/page/creditdetail.htm
11403	2469	汕头市龙湖区锦源嘉玩具商行	https://shop1389977674249.1688.com/page/creditdetail.htm
3340	13293	深圳市鑫睿创电子有限公司	https://rztek18.1688.com/page/creditdetail.htm
10834	1392	义乌市晟航电子商行	https://shenghangdz.1688.com/page/creditdetail.htm
25716	19606	义乌市军美箱包厂	https://junmei3688.1688.com/page/creditdetail.htm
15269	6799	深圳市德福瑞科技有限公司	https://shop1388479025506.1688.com/page/creditdetail.htm
25713	19603	义乌市华彩箱包有限公司	https://hc6688.1688.com/page/creditdetail.htm
25492	19347	临海市腾源塑料制品有限公司	https://shop1457628824155.1688.com/page/creditdetail.htm
15446	7143	深圳钟表市场伟力表业经营部	https://weilibiaoye.1688.com/page/creditdetail.htm
15911	7720	瑞安市立星工艺礼品厂	https://shop1405443683497.1688.com/page/creditdetail.htm
25271	19188	广州市雅雪化妆品有限公司	https://yaxueoem.1688.com/page/creditdetail.htm
13940	4956	义乌市满飞电子商务商行	https://baoce0528.1688.com/page/creditdetail.htm
13941	4957	湖州市南浔善琏海良工艺品厂	https://cjq19880630.1688.com/page/creditdetail.htm
20702	13067	义乌市岸非贸易有限公司	https://anphyshop.1688.com/page/creditdetail.htm
8168	3356	广州市纳喜贸易有限公司	https://shop1409416770829.1688.com/page/creditdetail.htm
13944	2112	义乌市卓凡日用品厂	https://better518518.1688.com/page/creditdetail.htm
13945	16572	缙云县天伦工艺品有限公司	https://shop1373044261860.1688.com/page/creditdetail.htm
13947	6077	环翠区泽众渔具店	https://shop1378140812485.1688.com/page/creditdetail.htm
26653	21145	义乌市宏庆喜庆用品有限公司	https://13282990087.1688.com/page/creditdetail.htm
15568	7286	广州市从化太平时之砂工艺品经营部	https://sandtimers.1688.com/page/creditdetail.htm
13471	359	深圳市长久光电有限公司	https://lishiguo520.1688.com/page/creditdetail.htm
21156	13674	金湖智盛服装店	https://ldzily2014.1688.com/page/creditdetail.htm
4467	4611	深圳市凌峰电子商务有限公司	https://lenfong.1688.com/page/creditdetail.htm
15566	7284	深圳市晴美科技有限公司	https://yersi.1688.com/page/creditdetail.htm
8241	3430	深圳市华港灯饰有限公司	https://huagangds.1688.com/page/creditdetail.htm
25570	19442	台州焦点灯饰有限公司	https://jdlamps.1688.com/page/creditdetail.htm
24529	18425	义乌市译硕贸易有限公司	https://yishuomiaoyi.1688.com/page/creditdetail.htm
15562	7280	汕头市金平区随想曲精品店	https://shop1371748007144.1688.com/page/creditdetail.htm
14766	3739	深圳博大通讯有限公司	https://shop1412873054275.1688.com/page/creditdetail.htm
14762	3699	义乌市宠爱有佳宠物用品有限公司	https://gavinxxyy.1688.com/page/creditdetail.htm
16683	8588	义乌市暖宏日用品有限公	https://1688nh.1688.com/page/creditdetail.htm
4915	8541	义乌市丽蕊工艺品厂	https://ywlirui.1688.com/page/creditdetail.htm
25217	19132	义乌市栢露工艺品厂	https://shop1428684790389.1688.com/page/creditdetail.htm
4911	18092	德州市德城区天衢鸿泰孵化设备厂	https://4000600534.1688.com/page/creditdetail.htm
15960	7779	余姚市跃翔乐器配件厂	https://yx8868.1688.com/page/creditdetail.htm
15961	7782	广州君博电子科技有限公司	https://gzjunbo.1688.com/page/creditdetail.htm
15426	5897	深圳市鑫雅宏电子科技有限公司	https://shop1368837772055.1688.com/page/creditdetail.htm
15964	10874	深圳市伟思立科技有限公司	https://wies2013.1688.com/page/creditdetail.htm
15965	7784	深圳市艾可尔电子科技有限公司	https://aikersz.1688.com/page/creditdetail.htm
24874	18825	东莞市樟木头惠而美化妆品店	https://shop1400259669146.1688.com/page/creditdetail.htm
26105	20439	义乌市萌森电子商务商行	https://shop1466529011261.1688.com/page/creditdetail.htm
26107	20440	优木（深圳）钟表有限公司	https://shop1474389985796.1688.com/page/creditdetail.htm
25210	19124	深圳市时捷兴实业有限公司	https://shijiexingbiaoye.1688.com/page/creditdetail.htm
13971	9407	广州铭饰汽车用品有限公司	https://mscars.1688.com/page/creditdetail.htm
9206	4795	磐安县尊悦贸易有限公司	https://haoqitebaihuo.1688.com/page/creditdetail.htm
21684	15960	VR 3D眼镜	https://shop1458971953704.1688.com/page/creditdetail.htm
8385	3544	广州市珩圆汽车用品有限公司	https://jet0621.1688.com/page/creditdetail.htm
13838	9190	深圳市福田区赛格电子市场誉园经营部	https://shop1458971953704.1688.com/page/creditdetail.htm
20679	13045	迪尚针织厂	https://dissunsocks.1688.com/page/creditdetail.htm
23592	17316	深圳市南山区随便挑宠物用品批发商行	https://shop1456148780728.1688.com/page/creditdetail.htm
14955	6252	深圳市影摄汇科技有限公司	https://shop1411404228673.1688.com/page/creditdetail.htm
7953	8453	广州金卡思贸易有限公司	https://shop1402333039282.1688.com/page/creditdetail.htm
13938	5917	东莞市厚街百胜皮具厂	https://dgbassen.1688.com/page/creditdetail.htm
14013	4978	深圳市奥仕邦科技有限公司	https://szhongxiang98.1688.com/page/creditdetail.htm
15281	6848	深圳市科迪光电新华强广场	https://shop1466010312931.1688.com/page/creditdetail.htm
11307	1895	深圳市宝安区新安泽星饰界商贸行	https://shop1397580855831.1688.com/page/creditdetail.htm
15043	6407	上海左意广告有限公司	https://wyr0816.1688.com/page/creditdetail.htm
25923	20190	义乌市艾琦汽车用品商行	https://yxw929228.1688.com/page/creditdetail.htm
15369	7032	广州天凡表业有限公司	https://tianfanbiaoye88.1688.com/page/creditdetail.htm
5627	4629	义乌市勋标电子商务商行	https://shop1409071288815.1688.com/page/creditdetail.htm
14779	14327	深圳市雄创电子科技有限公司	https://szmerryle.1688.com/page/creditdetail.htm
15360	7014	广州市荔湾区鑫晖五金厂	https://jhwj998.1688.com/page/creditdetail.htm
13976	9668	深圳市瑞超腾科技有限公司	https://rct1688.1688.com/page/creditdetail.htm
3186	8764	义乌市唯快电子商务商行	https://ywwk2013.1688.com/page/creditdetail.htm
12404	3330	广州维鑫饰品有限公司	https://amanda1899.1688.com/page/creditdetail.htm
15539	7257	义乌市俏童箱包厂	https://shop1354121854629.1688.com/page/creditdetail.htm
9567	4381	广州市荔湾区韵睿文具商行	https://360office.1688.com/page/creditdetail.htm
17104	9025	义乌市建炎汽车用品厂	https://yiwujianyan.1688.com/page/creditdetail.htm
23118	16851	上海国崟实业有限公司	https://shop1465035705169.1688.com/page/creditdetail.htm
23119	16852	深圳千牛科技发展有限公司	https://szqianniu.1688.com/page/creditdetail.htm
22030	14700	深圳市星洋电子	https://ltgame.1688.com/page/creditdetail.htm
12276	3207	深圳市龙岗区南湾兴进隆电子批发商行	https://shop1399396049016.1688.com/page/creditdetail.htm
15605	9706	李健 先生	https://15gena.1688.com/page/creditdetail.htm
14100	5026	澄海环乐星	https://huanlexingtoys.1688.com/page/creditdetail.htm
14102	773	深圳市奇导科技有限公司	https://shop1372902409114.1688.com/page/creditdetail.htm
23847	17606	竞怡空间家饰馆	https://whq318.1688.com/page/creditdetail.htm
15197	6686	成都优联易购电子商务有限公司	https://cdylyg.1688.com/page/creditdetail.htm
5995	1839	广州西麦卫浴洁具有限公司	https://segmoo.1688.com/page/creditdetail.htm
9666	42	深圳市良吉科技有限公司	https://mega020.1688.com/page/creditdetail.htm
24052	18349	宁波安宇奕函太阳能有限公司	https://ak1688.1688.com/page/creditdetail.htm
24054	17824	深圳市威酷新能源科技有限公司	https://shop1445605642802.1688.com/page/creditdetail.htm
10881	1447	灵山县华兴美添工艺厂	https://hxgych.1688.com/page/creditdetail.htm
13726	3569	苍南县龙港启宇文具制品厂	https://ckprint.1688.com/page/creditdetail.htm
10883	1449	深圳市鑫好礼电子有限公司	https://szgiftwhole.1688.com/page/creditdetail.htm
10444	1287	东莞市凤岗富诚电子制品加工部	https://cccxxx1114.1688.com/page/creditdetail.htm
23122	16855	深圳吉加拉斯实业有限公司	https://jijialasi.1688.com/page/creditdetail.htm
13687	3707	涿鹿县蒙泰奇箱包店	https://shop1353060754261.1688.com/page/creditdetail.htm
13686	3802	钰轩服饰贸易公司	https://kuhanjiang.1688.com/page/creditdetail.htm
20517	12853	洋溢幸福官方旗舰店	https://wxyparty.1688.com/page/creditdetail.htm
24118	17893	义乌市博端工艺品厂	https://songmuyipin.1688.com/page/creditdetail.htm
15215	6704	义乌市超润电子商务商行	https://sunshine3688.1688.com/page/creditdetail.htm
15212	8511	义乌市佰集电子商务商行	https://yiwupinji.1688.com/page/creditdetail.htm
3243	1454	深圳市赛博宏大数码通讯市场港基数码产品柜	https://shop1369916058694.1688.com/page/creditdetail.htm
14998	5619	仙邦塑胶实业有限公司	https://seasun.1688.com/page/creditdetail.htm
15218	12827	广州市花都区狮岭相印皮具商行	https://shop1376585839811.1688.com/page/creditdetail.htm
15219	6711	义乌市荣芳剃须刀商行	https://shop1370451797952.1688.com/page/creditdetail.htm
24708	18617	深圳市唐势电子有限公司	https://tomotomo.1688.com/page/creditdetail.htm
14909	6328	深圳纽益思科技有限公司	https://sznys08.1688.com/page/creditdetail.htm
15746	7511	广州市越秀区旭昇皮具商行	https://shop1358675792313.1688.com/page/creditdetail.htm
15747	7512	深圳市共田电子有限公司	https://gtdz95.1688.com/page/creditdetail.htm
19362	11797	深圳市福田区文港联芯电子商行	https://shop1442940694389.1688.com/page/creditdetail.htm
2906	8258	深圳市蓝迪洁具有限公司	https://szldjj88.1688.com/page/creditdetail.htm
15050	6415	广州优胜者箱包有限公司	https://wbags.1688.com/page/creditdetail.htm
15569	7287	广州市番禺区大石鸿蓝精密电子厂	https://chq6802.1688.com/page/creditdetail.htm
15622	7342	义乌市颂佳饰品配件商行	https://15988576222.1688.com/page/creditdetail.htm
15620	7340	义乌市携旅电子商务商行	https://shop1426092605686.1688.com/page/creditdetail.htm
15670	3375	深圳市欣瑞轩科技有限公司	https://shop1417797706283.1688.com/page/creditdetail.htm
6148	4651	浦江县中余飞堂锁甩厂	https://asswtb.1688.com/page/creditdetail.htm
87	11910	广州汉莎化妆品有限公司	https://gzhansha.1688.com/page/creditdetail.htm
14204	5099	义乌市少峰电子商务商行	https://wilphenwu.1688.com/page/creditdetail.htm
25272	19189	中山市格优电器配件有限公司	https://geyoudqpj.1688.com/page/creditdetail.htm
13755	3444	济南坤友发光科技有限公司	https://jnkyfg.1688.com/page/creditdetail.htm
5319	10278	广州市花都区狮岭山山五金加工厂	https://iiiacg.1688.com/page/creditdetail.htm
13756	3602	义乌市天舞电子商务商行	https://ywcqbh.1688.com/page/creditdetail.htm
13750	12022	东莞市长安福联硅胶模具制品厂	https://fulian2020.1688.com/page/creditdetail.htm
23086	16819	义乌市仙航工艺品有限公司	https://xianhangflower.1688.com/page/creditdetail.htm
13612	820	深圳市琉缘工坊科技有限公司	https://szliuyuan168.1688.com/page/creditdetail.htm
6665	1877	深圳市利侨包装制品有限公司	https://jfsmkj.1688.com/page/creditdetail.htm
14291	2749	晋江市威尼尔服饰发展有限公司	https://journer07.1688.com/page/creditdetail.htm
13022	3952	三多电子	https://shop1398790676074.1688.com/page/creditdetail.htm
16067	7923	义乌市翰轩手套厂	https://hanxuanshoutao.1688.com/page/creditdetail.htm
16060	7916	莆田市城厢区兴达鞋服商行	https://xingdaxf.1688.com/page/creditdetail.htm
16061	7917	深圳市千金一刻科技有限公司	https://shop1403197051684.1688.com/page/creditdetail.htm
15827	7691	苍南县美立文具有限公司	https://wzmx51js.1688.com/page/creditdetail.htm
16047	7897	天桥区华彦体育用品商行	https://shop1379989115306.1688.com/page/creditdetail.htm
18119	10211	佛山市禅城区鑫童荣制衣厂	https://fsxiaolinyang.1688.com/page/creditdetail.htm
14929	11801	深圳市福田区乐闻电子商行	https://szyuewen3.1688.com/page/creditdetail.htm
5967	1903	深圳市驿站电子有限公司	https://lelerji.1688.com/page/creditdetail.htm
15959	7778	深圳美妙音乐器材有限公司	https://meidealmusic.1688.com/page/creditdetail.htm
15521	7242	广州新视野工艺制品有限公司	https://hkx360.1688.com/page/creditdetail.htm
15523	7244	深圳市首弘宇科技有限公司	https://suhone.1688.com/page/creditdetail.htm
15524	1379	广州市威衡电子有限公司	https://weihengdz.1688.com/page/creditdetail.htm
6585	6137	浦江合趣贸易有限公司	https://shop1388854554830.1688.com/page/creditdetail.htm
15528	7248	高邮市力神健身器材有限公司	https://lishenjsqc.1688.com/page/creditdetail.htm
15529	7249	义乌市俊东毛绒玩具厂	https://kissbabytoys.1688.com/page/creditdetail.htm
15953	7766	深圳市凯雅纳科技有限公司	https://szkynkj.1688.com/page/creditdetail.htm
8205	3391	深圳必胜道贸易有限公司	https://bishengdao.1688.com/page/creditdetail.htm
5944	1779	义乌市聚众饰品有限公司	https://shop1398790556539.1688.com/page/creditdetail.htm
15957	7802	深圳市舒乐怡科技开发有限公司	https://shop1392742649273.1688.com/page/creditdetail.htm
246	3274	广州格仁饰品有限公司	https://gzgeren.1688.com/page/creditdetail.htm
14333	5182	义乌市岳鸣电子商务有限公司	https://riotdm.1688.com/page/creditdetail.htm
13539	349	深圳市全富洋毛刷制品有限公司	https://xfybrush.1688.com/page/creditdetail.htm
15132	6552	深圳市宝安区沙井双赢电子厂	https://gamesxboxs2008.1688.com/page/creditdetail.htm
25278	19195	义乌市诺莎假发厂	https://nuoshawig.1688.com/page/creditdetail.htm
24043	17817	义乌市右厚工艺品厂	https://yiwuyouhou.1688.com/page/creditdetail.htm
15135	6560	义乌市任我行旅游用品有限公司	https://shop1351184827840.1688.com/page/creditdetail.htm
14339	2320	义乌市麒烁袜厂	https://nabaisi.1688.com/page/creditdetail.htm
14686	16716	义乌尼克户外野营用具有限公司	https://nickhuwai.1688.com/page/creditdetail.htm
14728	1228	广州舞翔电子科技有限公司	https://wuxiang1688.1688.com/page/creditdetail.htm
3393	10667	郑伟明 先生	https://zhanghaoyu.1688.com/page/creditdetail.htm
14685	5437	深圳卡卡科技-	https://yjx520.1688.com/page/creditdetail.htm
24368	18224	东莞晓丹服饰有限公司	https://gbbkids.1688.com/page/creditdetail.htm
12009	1251	深圳市信远顺通电子有限公司	https://qytdianzi.1688.com/page/creditdetail.htm
2279	1487	余继红(个体经营)	https://ywyujihong.1688.com/page/creditdetail.htm
24840	18788	南通力超纺织科技有限公司	https://shop1443545594461.1688.com/page/creditdetail.htm
24939	18901	广州欧博化妆品有限公司	https://oubo1688.1688.com/page/creditdetail.htm
23739	17478	深圳市真视源科技有限公司	https://13728788120.1688.com/page/creditdetail.htm
11457	2013	义乌市索拉装饰材料商行	https://shop1368671038575.1688.com/page/creditdetail.htm
24933	18892	义乌市吕奕电子商务商行	https://shop1429030661256.1688.com/page/creditdetail.htm
14839	3572	义乌市艺蓝文具厂	https://yilanwenju.1688.com/page/creditdetail.htm
8504	11141	夏振加 先生	https://jiawen2010.1688.com/page/creditdetail.htm
8506	3645	郭赛君	https://wert1986.1688.com/page/creditdetail.htm
8509	3648	义乌市悦多电子商务商行	https://15yueduo.1688.com/page/creditdetail.htm
9240	7986	义乌市双伟电子商务有限公司	https://1688sw.1688.com/page/creditdetail.htm
13875	5764	盐城雅儒商贸有限公司	https://yarusm.1688.com/page/creditdetail.htm
23123	16856	广州千丹贸易有限公司	https://shop1407517708301.1688.com/page/creditdetail.htm
457	4457	东莞市慧宝玩具礼品有限公司	https://huibaowanju.1688.com/page/creditdetail.htm
24229	18040	宁波市烁乐灯具有限公司	https://cff62090.1688.com/page/creditdetail.htm
7855	2511	饶平县乐兰普汽车用品商行	https://shop1375462583393.1688.com/page/creditdetail.htm
24309	18151	义乌市汉登饰品有限公司	https://handeng.1688.com/page/creditdetail.htm
15413	7091	深圳市元睿科技有限公司	https://shop1408948824808.1688.com/page/creditdetail.htm
16029	7873	新河县永宏眼镜盒厂	https://yjhc8.1688.com/page/creditdetail.htm
19930	12255	广州海亨汽车用品有限公司	https://shop1425400996524.1688.com/page/creditdetail.htm
15567	7285	深圳市龙岗区坂田世通贸易商行	https://shop1426524842680.1688.com/page/creditdetail.htm
4538	7376	广州市海珠区梓发酒店用品商行	https://sanshenggz.1688.com/page/creditdetail.htm
4940	9451	阳江市江城区致远五金制品加工厂	https://yangjiangzhiyuan.1688.com/page/creditdetail.htm
7717	5972	义乌市书佳电子厂	https://ywyazhong.1688.com/page/creditdetail.htm
25985	20284	深圳市杰能光电科技有限公司	https://genoled.1688.com/page/creditdetail.htm
23455	17131	宁波市鄞州艺格家居用品有限公司	https://ygartcraft.1688.com/page/creditdetail.htm
26038	20357	义乌市茂玥贸易有限公司	https://maoyue.1688.com/page/creditdetail.htm
26039	20358	深圳市福田区礼诗化妆品批发商行	https://mahongqin0521.1688.com/page/creditdetail.htm
21937	15408	义乌市臻笔电子商务商行	https://cye0418.1688.com/page/creditdetail.htm
23018	16741	义务聚恩电子商务	https://shop1446742235612.1688.com/page/creditdetail.htm
12130	3063	深圳市吉旭科技	https://shop1387558583249.1688.com/page/creditdetail.htm
2113	3573	义乌市漫滋电子商务商行	https://ywgxr188.1688.com/page/creditdetail.htm
8592	3701	横峰县宇璐玩具厂	https://shop1371229564329.1688.com/page/creditdetail.htm
8600	3705	义乌市锦和宠物用品有限公司	https://15goldwo.1688.com/page/creditdetail.htm
10627	1042	刘红灯(个体经营)	https://mymygz.1688.com/page/creditdetail.htm
23882	17745	蠡县新势力皮毛皮革汽车用品厂	https://jixiangshu2008.1688.com/page/creditdetail.htm
23883	17744	江门市新会区恒鑫体育用品有限公司	https://shop1375462588018.1688.com/page/creditdetail.htm
23880	17632	深圳市裕莱茵科技有限公司	https://shop1427879882726.1688.com/page/creditdetail.htm
23884	17750	义乌市飞昌汽车用品厂	https://shc2013.1688.com/page/creditdetail.htm
14835	6259	义乌好易购玩具礼品	https://haoyigouwanwanju.1688.com/page/creditdetail.htm
25098	18998	义乌市协坊贸易有限公司	https://weidejun.1688.com/page/creditdetail.htm
8379	3543	长葛市德祥蜂具厂	https://dexiangfengju.1688.com/page/creditdetail.htm
26103	20436	南宁贵飞贸易有限公司	https://shop1384448113437.1688.com/page/creditdetail.htm
26583	21050	广州宏海光电科技有限公司	https://652748.1688.com/page/creditdetail.htm
8571	3688	深圳市金凯铭电子有限公司	https://jinkai0801.1688.com/page/creditdetail.htm
24293	18132	深圳市罗湖区美茜茜化妆品批发商行	https://wuxianmei2014.1688.com/page/creditdetail.htm
10013	487	义乌市千友日用百货商行	https://bsgou.1688.com/page/creditdetail.htm
11232	1830	义乌市勇拓户外用品有限公司	https://shop1408370953078.1688.com/page/creditdetail.htm
16018	7862	高碑店市新城博尚箱包销售	https://shop1398877281889.1688.com/page/creditdetail.htm
16008	7850	莱州市沙河富凯手袋厂	https://shop1358696859116.1688.com/page/creditdetail.htm
11236	400	广州语兰贸易有限公司	https://yulantech.1688.com/page/creditdetail.htm
8472	3599	义乌市寿祥电子商务商行	https://shop1389372920788.1688.com/page/creditdetail.htm
24934	18893	义乌市黛典帽子厂	https://shop1457456270523.1688.com/page/creditdetail.htm
25884	19809	东莞市跃力电子科技有限公司	https://dgyuelikeji.1688.com/page/creditdetail.htm
15258	6786	义乌市墨蓓贸易有限公司	https://mobei8688.1688.com/page/creditdetail.htm
21323	14052	义乌市沐江硅胶制品厂	https://siliconemujiang.1688.com/page/creditdetail.htm
14894	6278	龚明桢 先生	https://vgo1688.1688.com/page/creditdetail.htm
866	892	义乌市商鹰进出口有限公司	https://ywshangying.1688.com/page/creditdetail.htm
24295	18134	金牛区腾信文具批发部	https://138wenju.1688.com/page/creditdetail.htm
25739	19629	深圳市龙岗区琦悦诗化妆品批发商行	https://qiyueshi.1688.com/page/creditdetail.htm
25881	19802	杭州艾雷电子商务有限公司	https://alleystudios.1688.com/page/creditdetail.htm
14875	6242	义乌市赵俊电子商行	https://hldz2010.1688.com/page/creditdetail.htm
14874	6240	漳州市龙文区宠缘居服装加工场	https://holdhoneypets.1688.com/page/creditdetail.htm
25989	20291	义乌市念谨电子商务商行	https://yiwunianjin.1688.com/page/creditdetail.htm
14871	6241	深圳市丰盛宠物用品有限公司	https://wen7835.1688.com/page/creditdetail.htm
16058	7914	义乌市蓓妆电子商务商行	https://shop1401296088947.1688.com/page/creditdetail.htm
24095	17873	广州玫蕊仿真花工艺品有限公司	https://gzmrhy.1688.com/page/creditdetail.htm
15876	7676	德化县畅德陶瓷配件有限公司	https://LVMINGQINSM.1688.com/page/creditdetail.htm
16057	7912	莆田市荔城区酷看全球贸易有限公司	https://shop1375894673968.1688.com/page/creditdetail.htm
15703	7440	深圳帝傲科技有限公司	https://shop1415860666081.1688.com/page/creditdetail.htm
14878	1249	广州早到电子科技有限公司	https://zaodaosz201314.1688.com/page/creditdetail.htm
10279	784	深圳市吉旭数码科技有限公司	https://szxingshengdz.1688.com/page/creditdetail.htm
15871	7670	义乌市亳庆日用品厂	https://shop1425919657102.1688.com/page/creditdetail.htm
21066	13554	電影王百貨有限公司	https://anmaiwang.1688.com/page/creditdetail.htm
1929	10293	阳江市江城顺海五金工艺制品厂	https://shunhai.1688.com/page/creditdetail.htm
14026	14453	深圳市欣华天科技有限公司	https://sznewskytech.1688.com/page/creditdetail.htm
10570	1198	邵东理达工具有限公司	https://sdlidatool.1688.com/page/creditdetail.htm
9759	186	深圳市新创兴科技有限公司	https://szcxkdz.1688.com/page/creditdetail.htm
13719	3103	深圳市新名图科技有限公司	https://newmistar.1688.com/page/creditdetail.htm
20501	12831	汕头市澄海区酷锐贸易有限公司	https://13342761480.1688.com/page/creditdetail.htm
13892	11406	宁波江北木大电子有限公司	https://shop1406911932942.1688.com/page/creditdetail.htm
13890	3627	深圳市宝安区新安艾威娜皮具厂	https://shop1413305061980.1688.com/page/creditdetail.htm
1964	19198	北京涵炫雨铭商贸有限公司	https://shop1433829282250.1688.com/page/creditdetail.htm
13713	8736	徐州经济技术开发区伏家天旗气球印花工厂	https://zhangying0302.1688.com/page/creditdetail.htm
3239	7477	广州好格极工艺品有限公司	https://haogeji.1688.com/page/creditdetail.htm
13715	2644	浦江易兴工艺品有限公司	https://pujiangyixing.1688.com/page/creditdetail.htm
13716	3317	汕头市澄海区创可达圣诞饰品厂	https://shop1417798018061.1688.com/page/creditdetail.htm
9895	350	义乌柔和电器有限公司	https://ywyizi.1688.com/page/creditdetail.htm
13266	4083	义乌市嘉豪电子商行	https://yuexinlp.1688.com/page/creditdetail.htm
9890	361	鹰潭市澳翔光电仪器有限公司	https://ytaoxiang.1688.com/page/creditdetail.htm
3977	18030	义乌市乐庚电子商务商行	https://shop1400777537947.1688.com/page/creditdetail.htm
22892	16574	义乌市旺品日用品有限公司	https://keaizhu666.1688.com/page/creditdetail.htm
14809	5487	文成县珊溪镇凡街服装加工厂	https://fanjee.1688.com/page/creditdetail.htm
16024	7868	张利球	https://yiwangda88.1688.com/page/creditdetail.htm
24797	18734	义乌市略翔电子商务商行	https://luexiang.1688.com/page/creditdetail.htm
14207	5103	义乌市臻采饰品商行	https://lenyaoer123.1688.com/page/creditdetail.htm
15675	7403	广州市驰海电子有限公司	https://zschihai.1688.com/page/creditdetail.htm
777	125	淘宝	https://smartcubes.1688.com/page/creditdetail.htm
21133	13648	姑苏区珠花阁婚纱经营店	https://zhuhuageshipin.1688.com/page/creditdetail.htm
771	9705	普宁市马鞍山顺和泰针织品经营部	https://3899932.1688.com/page/creditdetail.htm
15179	6643	广州市越秀区小希玩具行	https://xiaoxidm.1688.com/page/creditdetail.htm
15177	6637	义乌市梦琪家纺有限公司	https://mengqijiafang.1688.com/page/creditdetail.htm
24875	18828	义乌市悦多日用品有限公司	https://15yueduo.1688.com/page/creditdetail.htm
24055	17825	深圳市鑫光太阳能科技有限公司	https://shop1457973961862.1688.com/page/creditdetail.htm
26266	20632	广州市越秀区漫绿动漫商行	https://mldmsx168.1688.com/page/creditdetail.htm
24540	18439	深圳鑫冀商贸有限公司	https://xinjishangmao.1688.com/page/creditdetail.htm
21996	15492	宁波市鄞州集士港华明电子元件厂	https://chinajpec.1688.com/page/creditdetail.htm
14279	1766	义乌市涵碧饰品商行	https://lantaoshiping.1688.com/page/creditdetail.htm
14278	1973	义乌市骏梁电子商务有限公司	https://shop1352222993594.1688.com/page/creditdetail.htm
15770	7543	临沭县喜悦家纺工艺品有限公司	https://xiyuejiafang2010.1688.com/page/creditdetail.htm
15226	6728	义乌金涵玩具有限公司	https://jhy20061126.1688.com/page/creditdetail.htm
23901	17655	刘翠娟	https://newstoys.1688.com/page/creditdetail.htm
13626	472	深圳市深之星科技有限公司	https://szszxkj.1688.com/page/creditdetail.htm
13621	2092	深圳市向阳兴科技有限公司	https://xiangyangxing.1688.com/page/creditdetail.htm
25149	19056	广州黛贵菲贸易有限公司	https://daiguifei.1688.com/page/creditdetail.htm
24056	17826	深圳市汇壕科技有限公司	https://shop1467018419082.1688.com/page/creditdetail.htm
26102	20435	瑞金市翔牛贸易有限公司	https://shop1395497621132.1688.com/page/creditdetail.htm
24103	17973	义乌市春桃电子商务商行	https://shop1434474264877.1688.com/page/creditdetail.htm
15793	7578	广州麦威夏贸易有限公司	https://maiweixia.1688.com/page/creditdetail.htm
25327	19251	义乌市乾际贸易有限公司	https://qjmy1688.1688.com/page/creditdetail.htm
15904	7713	广州汀江情日用品有限公司	https://shop1415983428669.1688.com/page/creditdetail.htm
8250	3436	深圳市鑫火电子有限公司	https://shop1385783725419.1688.com/page/creditdetail.htm
8253	3438	深圳市汇天富科技有限公司	https://shop1378863558659.1688.com/page/creditdetail.htm
8252	3437	义乌市海骏电子厂	https://haijun13388650999.1688.com/page/creditdetail.htm
23047	16771	广州市荔湾区昊雪饰品加工经营部	https://gzhaoxue.1688.com/page/creditdetail.htm
23044	17390	今朝工艺饰品	https://g55888.1688.com/page/creditdetail.htm
23042	17388	深圳市火焰驹科技开发有限公司	https://fhtec.1688.com/page/creditdetail.htm
23041	16768	深圳市宝安区福永卡赛途汽车用品商行	https://shop1404233824674.1688.com/page/creditdetail.htm
15394	7064	永康市丰和休闲用品有限公司	https://shop1394433075971.1688.com/page/creditdetail.htm
15501	7215	深圳市自由动力电子有限公司	https://l1533.1688.com/page/creditdetail.htm
24993	18952	深圳市易顺宏达创新科技有限公司	https://yishunhongda.1688.com/page/creditdetail.htm
3020	1420	广州金仕达电子	https://czljudy.1688.com/page/creditdetail.htm
15654	7382	深圳市张家实业有限公司	https://zhangjiadianzi.1688.com/page/creditdetail.htm
20568	12916	深圳市迈蕾宠物用品有限公司	https://shop1407885566209.1688.com/page/creditdetail.htm
15604	7324	深圳市阿曼达贸易有限公司	https://amanda1899.1688.com/page/creditdetail.htm
2524	7948	义乌市湛淼电子商务商行	https://zhanmiao1688.1688.com/page/creditdetail.htm
26335	20723	靖江市宠怡宠物用品商行	https://chongyipet.1688.com/page/creditdetail.htm
14341	3540	义乌市良缘饰品厂	https://liangyuansp.1688.com/page/creditdetail.htm
2523	8013	义乌市步帆电子商务商行	https://shop1356454939954.1688.com/page/creditdetail.htm
15680	7413	深圳市福田区鼎盛鑫荣电子商行	https://szdsxrltd.1688.com/page/creditdetail.htm
11113	1697	深圳市思明锐科技有限公司	https://szsimr.1688.com/page/creditdetail.htm
13565	6027	平阳县方沁塑料制品厂	https://1688jingtoubei.1688.com/page/creditdetail.htm
15685	7418	深圳市宝安区福永米迪钟表厂	https://shop1403887938511.1688.com/page/creditdetail.htm
14778	1508	深圳市华星安电子科技有限公司	https://vonjunchina.1688.com/page/creditdetail.htm
6009	4643	义乌市欣端电子商务商行	https://71673031.1688.com/page/creditdetail.htm
25519	19380	侯美娥	https://shop1383324886443.1688.com/page/creditdetail.htm
541	820	深圳市琉缘工坊科技有限公司	https://szliuyuan168.1688.com/page/creditdetail.htm
547	1207	深圳市福田区燕洲伟电子经营部	https://shop1441126671849.1688.com/page/creditdetail.htm
15995	7822	深圳市卓越凡科技有限公司	https://shop1446626838448.1688.com/page/creditdetail.htm
15798	7588	汕头市澄海区艺轩工艺玩具商行	https://yx85824577.1688.com/page/creditdetail.htm
15991	7815	深圳市新旭通科技有限公司	https://shop1446626838448.1688.com/page/creditdetail.htm
15990	7814	义乌市迈拓户外用品有限公司	https://mooetoo.1688.com/page/creditdetail.htm
24841	18789	南通宝士康纺织品有限公司	https://shop1466701947626.1688.com/page/creditdetail.htm
13840	9998	义乌市庄泽电子商务商行	https://13750971727.1688.com/page/creditdetail.htm
15163	6609	义乌市瑶丹日用品商行	https://daisyfabrics.1688.com/page/creditdetail.htm
13845	5549	深圳市博时达钟表有限公司	https://szbosd.1688.com/page/creditdetail.htm
10351	852	深圳市佳维恒信科技有限公司	https://jiawei208.1688.com/page/creditdetail.htm
14972	6263	深圳市岁奥科技有限公司	https://pengfeixiong2011.1688.com/page/creditdetail.htm
26206	20565	义乌市旭凤电子商务有限公司	https://ywcyhpf.1688.com/page/creditdetail.htm
13849	2656	广州市越秀区威纳汽车用品商行	https://haozhe3422.1688.com/page/creditdetail.htm
24742	18652	佛山市南海李晓丰百货商行	https://shop1429116917531.1688.com/page/creditdetail.htm
15357	7009	苍南县龙港镇川润文具用品商行	https://5858cr.1688.com/page/creditdetail.htm
15356	7008	佛山市南海区群领五金制品有限公司	https://jhwj998.1688.com/page/creditdetail.htm
15427	7115	深圳市海蓝威科技有限公司	https://beisilaike.1688.com/page/creditdetail.htm
7961	1402	江门市蓬江区朝胜五金制品厂	https://shop1372439176283.1688.com/page/creditdetail.htm
15352	7003	廖致隐	https://zhiyin102.1688.com/page/creditdetail.htm
15351	1612	广州市百圣牛实业有限公司	https://shop1400173351386.1688.com/page/creditdetail.htm
8021	4740	胡永茶（个体经营）	https://shop1375940241804.1688.com/page/creditdetail.htm
9829	4222	深圳市福田区赛格电子市场恒丰钰创电脑经营部	https://shop1458971953704.1688.com/page/creditdetail.htm
24789	18715	义乌市武端电子商务商行	https://shop1396457835434.1688.com/page/creditdetail.htm
9980	461	宁波埃弗勒斯壳体科技有限公司	https://everestcase.1688.com/page/creditdetail.htm
15358	7012	东莞市大岭山诚艺五金工艺礼品厂	https://shop1351011809860.1688.com/page/creditdetail.htm
15194	6674	温州新概念烟具制造有限公司	https://wzxgnyj.1688.com/page/creditdetail.htm
14586	12354	深圳市罗湖区酷啦饰品批发商行	https://szcaiyunsp.1688.com/page/creditdetail.htm
14506	6972	张索奇	https://dongmanpifa.1688.com/page/creditdetail.htm
15059	6434	义乌市乔丽电子商务商行	https://missjingift15.1688.com/page/creditdetail.htm
5616	1889	滁州市阿波罗家居饰品有限公司	https://shop1395420860205.1688.com/page/creditdetail.htm
15052	6423	邓桂蓉	https://dengguirong2009.1688.com/page/creditdetail.htm
6310	6145	广州迪拓尼斯服饰有限公司	https://dituonisi.1688.com/page/creditdetail.htm
24101	17879	义乌市哈坤电子商务商行	https://shop1429289591364.1688.com/page/creditdetail.htm
6314	4673	梁杰	https://dinglong168.1688.com/page/creditdetail.htm
25719	19608	义乌市傲罗电子商务商行	https://shop1461689714790.1688.com/page/creditdetail.htm
418	4454	广州市海珠区琶际服饰加工厂	https://jyhxzm.1688.com/page/creditdetail.htm
13692	3674	义乌市俊曼电子商务商行	https://junmanbaihuo.1688.com/page/creditdetail.htm
14879	6249	深圳市福田区迈进电子经营部	https://mjadapter.1688.com/page/creditdetail.htm
310	7510	深圳市创时达钟表有限公司	https://szchuangshidaby.1688.com/page/creditdetail.htm
13698	1830	义乌市勇拓户外用品有限公司	https://shop1408370953078.1688.com/page/creditdetail.htm
8444	19270	义乌市聚点文化用品厂	https://yilanwenju.1688.com/page/creditdetail.htm
15884	7685	深圳市方麦数码科技有限公司	https://szfangmai.1688.com/page/creditdetail.htm
23262	17106	杭州富阳海派家居用品有限公司	https://nessan.1688.com/page/creditdetail.htm
25199	19112	义乌市纯情化妆品有限公司	https://cqhzp1688.1688.com/page/creditdetail.htm
25216	19131	义乌市妍尚化妆品有限公司	https://shop1469638330640.1688.com/page/creditdetail.htm
15767	7540	义乌市路乐电子商务商行	https://13454931830.1688.com/page/creditdetail.htm
6701	4094	义乌市乐钰饰品厂	https://kdsby.1688.com/page/creditdetail.htm
8324	3489	深圳市宝安区新安昂特华邦电器厂	https://tyichu.1688.com/page/creditdetail.htm
26795	21357	深圳市盛矿时代科技有限公司	https://shengkuangkj.1688.com/page/creditdetail.htm
15287	9571	广州任我行帽业有限公司	https://renwoxingcap.1688.com/page/creditdetail.htm
8323	3488	义乌市浩风灌溉设备有限公司	https://haofengguangai.1688.com/page/creditdetail.htm
23269	17005	尚仕胶品制品有限公司	https://sunmay2009.1688.com/page/creditdetail.htm
19072	11987	深圳烁阳灯饰有限公司	https://shenhui2014.1688.com/page/creditdetail.htm
15220	6713	义乌市上溪恒旭纺织厂	https://mshine2006.1688.com/page/creditdetail.htm
9915	5659	深圳市锦绣丽编织制品有限公司	https://jxlkj88.1688.com/page/creditdetail.htm
15224	6722	陕西裕恒工艺品有限公司	https://xayuhang.1688.com/page/creditdetail.htm
23437	17111	广州摩士达摩配商行	https://kicry168.1688.com/page/creditdetail.htm
8885	3944	扬州艾瑞斯新能源有限公司	https://arisene.1688.com/page/creditdetail.htm
3576	941	义乌市蓝虎电子商务商行	https://ywlanhu.1688.com/page/creditdetail.htm
15184	6662	邗江区宝宝兔毛绒玩具商行	https://shop1381337890481.1688.com/page/creditdetail.htm
15282	6850	诸暨市棉佰针纺织厂	https://shop1404492738843.1688.com/page/creditdetail.htm
24479	18356	义乌市用运电子商务商行	https://shop1427129252188.1688.com/page/creditdetail.htm
15638	7359	东莞市大朗兴皓橡塑制品商行	https://xinghaorubber.1688.com/page/creditdetail.htm
14234	5125	深圳市黑骑士科技有限公司 深圳市横岗 13526434250  钟小姐	https://hqsgopro.1688.com/page/creditdetail.htm
15883	7684	深圳市祥瑞顺电子有限公司	https://zhunsky.1688.com/page/creditdetail.htm
24999	18961	深圳市亚莱特激光科技有限公司	https://alight8.1688.com/page/creditdetail.htm
15880	7681	东阳市忆江南杯业有限公司	https://yjncups.1688.com/page/creditdetail.htm
15630	7374	永康市芝英精益达不锈钢制品厂	https://ykjingyida.1688.com/page/creditdetail.htm
17898	10816	东阳市嘉诺电子商务商行	https://jianuo9.1688.com/page/creditdetail.htm
15888	7694	义乌市贝瑶五金厂	https://beiyaobakeware.1688.com/page/creditdetail.htm
380	848	义乌市百盛电子商务有限公司	https://baishengwanghuo.1688.com/page/creditdetail.htm
10541	5504	贝斯莱克赛格广场8013  QQ:188299800	https://shop1368837772055.1688.com/page/creditdetail.htm
6670	5579	杭州锐途户外用品有限公司	https://realtoo.1688.com/page/creditdetail.htm
23447	17120	义乌英吉日用品有限公司	https://ywweini.1688.com/page/creditdetail.htm
389	4450	深圳市美旭通科技有限公司	https://shop1379868892744.1688.com/page/creditdetail.htm
14605	18095	深圳市福田区万商汇电子市场恒星盛电子商行	https://szhxs1688.1688.com/page/creditdetail.htm
16086	7939	义乌市雄邦电子商务商行	https://yiwuxiongbang.1688.com/page/creditdetail.htm
16087	7940	义乌市哈特电子商务商行	https://musesnapback.1688.com/page/creditdetail.htm
13633	1054	深圳市昱源光伏科技有限公司	https://yuyuansolar.1688.com/page/creditdetail.htm
785	896	温丽平	https://wlp5375393.1688.com/page/creditdetail.htm
25990	20293	义乌市彭超电子商务商行	https://pengchaohong1688.1688.com/page/creditdetail.htm
13661	8793	义乌市其途电子商务商行	https://pjfengjing.1688.com/page/creditdetail.htm
26307	20692	南通茂康纺织品有限公司	https://maokangjf.1688.com/page/creditdetail.htm
15582	7294	广州市越秀区瀚波表业商行	https://shop1429721207700.1688.com/page/creditdetail.htm
13749	1852	余姚博普阀业有限公司	https://nbbopu.1688.com/page/creditdetail.htm
5872	1785	义乌市迎鹏饰品商行	https://ywyingpengsp.1688.com/page/creditdetail.htm
14280	5153	义乌市鼎航饰品有限公司	https://weili13735755824.1688.com/page/creditdetail.htm
15831	7632	深圳市卓赢电子有限公司	https://shop1394039058883.1688.com/page/creditdetail.htm
14286	1771	义乌市怀琅电子商务商行	https://shop1443451805112.1688.com/page/creditdetail.htm
19774	11941	福绥运贸易有限公司	https://shop1454000207096.1688.com/page/creditdetail.htm
14284	9163	广州市时诺刻电子有限公司	https://synoke.1688.com/page/creditdetail.htm
15363	7021	义乌市济羲钟表厂	https://ywjxsb1688.1688.com/page/creditdetail.htm
14939	6338	汕头市澄海区美邦塑料玩具厂	https://meibangtoys.1688.com/page/creditdetail.htm
18274	10419	明源科技	https://lisonda.1688.com/page/creditdetail.htm
11296	1434	深圳市沃菲德户外用品有限公司	https://wolfiled.1688.com/page/creditdetail.htm
24539	18438	广州新国度汽车用品有限公司	https://shop1425615498632.1688.com/page/creditdetail.htm
15708	7449	深圳市坪山兴源电子厂	https://shop1422752873419.1688.com/page/creditdetail.htm
15693	7427	阳江市江城区红辉五金商行	https://0662honghui.1688.com/page/creditdetail.htm
15085	6475	进贤县文港传文文具厂	https://cwwenju.1688.com/page/creditdetail.htm
15946	7755	何继红	https://qihang20140901.1688.com/page/creditdetail.htm
8740	5600	义乌双树日用品有限公司	https://ywdoubletree.1688.com/page/creditdetail.htm
13522	455	义乌美琪进出口有限公司	https://ywcc5188.1688.com/page/creditdetail.htm
14302	3505	博罗县石湾镇天运电子工艺制品厂	https://shop1433263852297.1688.com/page/creditdetail.htm
14301	3520	广州漫域贸易有限公司	https://mymygz.1688.com/page/creditdetail.htm
15330	6970	深圳易卖天齐电子商务有限公司	https://gdpenghua.1688.com/page/creditdetail.htm
15138	6564	阳江市江城区合锋五金厂	https://hefengwujin168.1688.com/page/creditdetail.htm
13525	906	广州市越秀区卡金斯汽车用品商行	https://wgwan8888.1688.com/page/creditdetail.htm
15644	7369	石狮市金时达钟表工艺有限公司	https://jieshidi.1688.com/page/creditdetail.htm
13528	908	广州市越秀区柯诺达汽车用品商行	https://shop1422243905728.1688.com/page/creditdetail.htm
15365	7024	广州市画心电子商务有限公司	https://shop1411663549892.1688.com/page/creditdetail.htm
16081	7935	义乌市彼途贸易有限公司	https://shop1414822370581.1688.com/page/creditdetail.htm
24290	18120	温州顺泽网络科技有限公司	https://shop1406912014844.1688.com/page/creditdetail.htm
16055	7910	广州市柚柚商贸有限公司	https://gzgangsheng.1688.com/page/creditdetail.htm
16084	8009	义乌市倾侣电子商务商行	https://qinglvshangmao.1688.com/page/creditdetail.htm
24127	17901	广州闪迪家居用品有限公司	https://shandygz88.1688.com/page/creditdetail.htm
2586	1039	瑞安市水漫鸥日用品厂	https://shop1448383974177.1688.com/page/creditdetail.htm
15691	7424	王霞轩	https://ywxksc.1688.com/page/creditdetail.htm
13964	20246	深圳市多多裕科技有限公司	https://ddytool.1688.com/page/creditdetail.htm
13668	2308	广州青龙林服饰有限公司	https://qinglonglin705.1688.com/page/creditdetail.htm
9502	4217	义乌市能香家居用品商行	https://nengxiangjiaju.1688.com/page/creditdetail.htm
13953	3609	义乌市驻龙电子商务商行	https://ywps925.1688.com/page/creditdetail.htm
15873	7672	义乌市嫦曦电子商务商行	https://giacham.1688.com/page/creditdetail.htm
15546	7264	徐曼	https://xucytx.1688.com/page/creditdetail.htm
15399	7067	广州铭莹美饰品有限公司	https://mymsp8.1688.com/page/creditdetail.htm
15398	7066	哈尔滨市香坊区汇达木制品经销部	https://huida2014.1688.com/page/creditdetail.htm
15014	5648	苍南县贝斯特印业有限公司	https://chinazjbest.1688.com/page/creditdetail.htm
1864	1049	扬州市维扬区西湖伟华玩具加工部	https://whwj1688.1688.com/page/creditdetail.htm
15393	1240	义乌市三森烟具商行	https://sansen2000.1688.com/page/creditdetail.htm
15392	7063	兰溪市通洲家纺工艺品厂	https://suke1020.1688.com/page/creditdetail.htm
14607	35	深圳市永诺摄影器材股份有限公司	https://dfsmsy.1688.com/page/creditdetail.htm
9862	324	豫达表业	https://tianfanbiaoye88.1688.com/page/creditdetail.htm
15397	7065	扬州长祥电子有限公司	https://yzcxdz2011.1688.com/page/creditdetail.htm
15464	7175	陈燕	https://tl070705.1688.com/page/creditdetail.htm
25517	19378	广州云翰翔峰网络科技有限公司	https://ownest.1688.com/page/creditdetail.htm
13594	5688	深圳市艾米火科技有限公司	https://shop1401124004434.1688.com/page/creditdetail.htm
26779	21322	义乌市慕凯电子商务商行	https://shop1400087008792.1688.com/page/creditdetail.htm
25203	19115	深圳市阳钿光恒科技有限公司	https://shop1414687547158.1688.com/page/creditdetail.htm
26675	21184	兰溪市奥美诗化妆品厂	https://lxomscz.1688.com/page/creditdetail.htm
6194	1769	义乌市库瑞电子商务商行	https://kr1jpf.1688.com/page/creditdetail.htm
15032	6387	深圳市千迅科技有限公司	https://yurunsw.1688.com/page/creditdetail.htm
23001	16723	平度市月盈眼睫毛加工厂	https://shop1364493742592.1688.com/page/creditdetail.htm
8664	3757	广州市新思力通讯设备有限公司	https://xintiemo.1688.com/page/creditdetail.htm
25979	20274	深圳市宝安区沙井灯泰照明销售部	https://ledfst3688.1688.com/page/creditdetail.htm
26041	20360	广州即至商贸有限公司	https://shop1399861322057.1688.com/page/creditdetail.htm
26040	20359	义乌市姗珺电子商务商行	https://shop1467049406964.1688.com/page/creditdetail.htm
6056	4123	邓舜利	https://rensen88.1688.com/page/creditdetail.htm
13797	1629	深圳市天润和科技有限公司	https://gulilily.1688.com/page/creditdetail.htm
10003	1330	吴伟舰	https://dongbeirs.1688.com/page/creditdetail.htm
10008	467	深圳市永恒发表业有限公司	https://shop1458971953704.1688.com/page/creditdetail.htm
20644	13002	罗水华	https://ywluoshuihua.1688.com/page/creditdetail.htm
15267	6797	深圳市缘电科技有限公司	https://shop1373907623568.1688.com/page/creditdetail.htm
3532	361	金华市鑫湘光学仪器厂	https://ywxinxiang.1688.com/page/creditdetail.htm
9598	17176	深圳市佳胜新能源	https://shop1398704173670.1688.com/page/creditdetail.htm
8560	3680	义乌市公禄电子商务商行	https://yiwugonglu.1688.com/page/creditdetail.htm
26516	20961	义乌市雷讯电子商务商行	https://shop1419007179294.1688.com/page/creditdetail.htm
26515	20960	南京木至美贸易有限公司	https://woodbeautifier.1688.com/page/creditdetail.htm
26615	21086	广州市枫碧化妆品有限公司	https://shop1433437423268.1688.com/page/creditdetail.htm
13813	13087	深圳马上发科技有限公司	https://msf88888.1688.com/page/creditdetail.htm
9221	4798	义乌市宁巨文化用品有限公司	https://15nj.1688.com/page/creditdetail.htm
3438	906	广州市越秀区卡金斯汽车用品商行	https://gzhld2010.1688.com/page/creditdetail.htm
15832	1915	管小宝(个体经营)	https://guanjiamaoyi.1688.com/page/creditdetail.htm
15060	6435	义乌市锐奥电子商务商行	https://yang18985888.1688.com/page/creditdetail.htm
15063	6439	义乌市仨森电子商务商行	https://shop1412786637182.1688.com/page/creditdetail.htm
14880	6257	义乌市嘎达贸易有限公司	https://sougayilang.1688.com/page/creditdetail.htm
19135	11146	深圳市龙岗区横岗晴宇通电子线材经营部	https://qytdianzi.1688.com/page/creditdetail.htm
15303	6935	义乌市汉朋饰品厂	https://hpsp1688.1688.com/page/creditdetail.htm
6222	1764	义乌市娇滴滴饰品厂	https://jiaodidishipin.1688.com/page/creditdetail.htm
6227	1762	义乌市鼎都贸易有限公司	https://707868175.1688.com/page/creditdetail.htm
25924	20191	郑州市金水区瑞和汽车装饰用品商行	https://ruihepifa.1688.com/page/creditdetail.htm
12355	3247	广州市时刻美表业有限公司	https://skmei19981122.1688.com/page/creditdetail.htm
14867	6234	深圳市忆大进出口贸易有限公司	https://qiyung.1688.com/page/creditdetail.htm
15834	7636	杭州酷儿礼品有限公司	https://yindi1688.1688.com/page/creditdetail.htm
14860	9188	揭阳市榕城区宝林手表经营部	https://jybaolin.1688.com/page/creditdetail.htm
16049	7899	上海聿乾实业有限公司	https://shop1403677399503.1688.com/page/creditdetail.htm
14901	6309	义乌市麦雅电子商务商行	https://15my.1688.com/page/creditdetail.htm
10269	796	佛山市三水区西南街广信润利五金加工厂	https://jiuma010.1688.com/page/creditdetail.htm
16045	7895	深圳市福田区新澜宇电子经营部	https://shop1403629308255.1688.com/page/creditdetail.htm
15846	7660	深圳市龙岗区银濠贸易商行	https://yujianai168.1688.com/page/creditdetail.htm
16040	7888	义乌市旅奇电子商务商行	https://lvqihuwai.1688.com/page/creditdetail.htm
14869	5580	义乌市东芳手套商行	https://ywjunhou.1688.com/page/creditdetail.htm
23820	17566	义乌市安格医疗器械有限公司	https://shop1426092553889.1688.com/page/creditdetail.htm
14081	445	深圳市福田区好消息摄影器材批发行	https://shop1358269694981.1688.com/page/creditdetail.htm
23989	17755	广州市白云区三元里玛安格美妆用具商行	https://maange168.1688.com/page/creditdetail.htm
21759	6570	奇积魔方	https://5imofang.1688.com/page/creditdetail.htm
10461	1156	深圳市硕视宝科技有限公司	https://alssbkj.1688.com/page/creditdetail.htm
20473	1707	福斯摄影	https://yesyqc.1688.com/page/creditdetail.htm
15456	7164	深圳市宝安区西乡长捷钟表商行	https://shop1400864121381.1688.com/page/creditdetail.htm
10505	2411	义乌市左芷日用品有限公司	https://zuozhixqt.1688.com/page/creditdetail.htm
4791	8514	东莞格格表业有限公司	https://amanda1899.1688.com/page/creditdetail.htm
23767	17514	汕头市鑫业工艺制品有限公司	https://beprotoys.1688.com/page/creditdetail.htm
9292	6641	东莞市弘工电子科技有限公司	https://shop1384448315810.1688.com/page/creditdetail.htm
24050	17842	丰泽区兴联电子产品经营部	https://qaz201309.1688.com/page/creditdetail.htm
25846	19753	晋江市青阳鑫阳电子产品商行	https://shop1404406731132.1688.com/page/creditdetail.htm
13700	2715	深圳市光泰科技有限公司	https://shop1387990639587.1688.com/page/creditdetail.htm
13706	4369	义乌市创酷电子商务商行	https://shop1427302378416.1688.com/page/creditdetail.htm
13707	5582	东莞市茶山镇瑞驰玩具制衣厂	https://shop1394092481751.1688.com/page/creditdetail.htm
13704	3934	王国永(个体经营)	https://shop1359565136009.1688.com/page/creditdetail.htm
13463	4947	廣州奧聖钟表有限公司	https://ohsenwatch.1688.com/page/creditdetail.htm
13271	4088	深圳市福田区龙胜手机市场米音特通讯行	https://shop1404233747941.1688.com/page/creditdetail.htm
26116	20453	厦门鑫泰顺科技有限公司	https://xtshkj.1688.com/page/creditdetail.htm
13725	3406	临海市冰星节日灯厂	https://bxjrdc.1688.com/page/creditdetail.htm
14347	1982	深圳市旺科贸易有限公司	https://shop1364318230348.1688.com/page/creditdetail.htm
14345	5189	张乐（个体经营）	https://shop1354359731327.1688.com/page/creditdetail.htm
14343	5187	义乌市春蝶饰品厂	https://loveboutique.1688.com/page/creditdetail.htm
14342	5186	义乌市弯头电子商务商行	https://wantou58.1688.com/page/creditdetail.htm
210	8737	深圳市宝安区沙井鑫源兴宏电子厂	https://szluzhenlin.1688.com/page/creditdetail.htm
14340	5184	洪晓镔 先生	https://mmxs88.1688.com/page/creditdetail.htm
15161	6604	福州晨顺服饰有限公司	https://mianmabaozhen.1688.com/page/creditdetail.htm
26371	20774	义乌市年轮电子商务有限公司	https://shop1407517639956.1688.com/page/creditdetail.htm
15889	7695	赣榆县青口镇淘乐厨房用品经营部	https://shop1372522668924.1688.com/page/creditdetail.htm
13683	3675	楼琦淼(个体经营)	https://jubaotangpiju.1688.com/page/creditdetail.htm
15768	7541	庆元县天人竹木有限公司	https://tianrenzhumu.1688.com/page/creditdetail.htm
15766	7538	义乌市逸畅电子商务有限公司	https://552112437.1688.com/page/creditdetail.htm
14265	5144	义乌市霞米电子商务商行	https://ywxiami.1688.com/page/creditdetail.htm
14266	5145	义乌市夏思贸易有限公司	https://yangzaiming123.1688.com/page/creditdetail.htm
25375	19304	深圳市宝安区新安诗彩芙化妆品批发商行	https://395141569.1688.com/page/creditdetail.htm
15762	7534	义乌市诺藤电子商务商行	https://shop1398185978756.1688.com/page/creditdetail.htm
13903	1621	义乌市鼎迪皮具有限公司	https://dingdiyw.1688.com/page/creditdetail.htm
6080	4650	深圳市龙华新区观澜鸿茂化妆刷加工厂	https://shop1397840346159.1688.com/page/creditdetail.htm
20525	12860	义乌市怀莲电子商务商行	https://zjhuailian.1688.com/page/creditdetail.htm
13634	1299	广州三丽电子有限公司	https://gzyuedadianzi.1688.com/page/creditdetail.htm
13635	450	宁波市鄞州章水富宇工艺品厂	https://shop1363539668644.1688.com/page/creditdetail.htm
13632	10281	喜客多 TB日用家居商城	https://fzldbh.1688.com/page/creditdetail.htm
10180	700	永康市卡乐五金制品厂	https://kalecamp.1688.com/page/creditdetail.htm
24785	18712	深圳市南山区创源星汽车用品厂	https://shop1461257305801.1688.com/page/creditdetail.htm
25516	19377	杭州西扮化妆品有限公司	https://bynanda.1688.com/page/creditdetail.htm
20373	12663	义乌市缕睿电子商务商行	https://shop1429721152947.1688.com/page/creditdetail.htm
13638	3302	中山泰坦工艺品有限公司	https://zstitan.1688.com/page/creditdetail.htm
13639	2513	深圳市福田区龙胜通讯市场新宇达通讯配件柜	https://eflyup.1688.com/page/creditdetail.htm
2293	4530	义乌市鼎泽电子商务商行	https://dzdzsw.1688.com/page/creditdetail.htm
25776	19670	深圳市龙岗区布吉科贝思钟表商行	https://shop1431967906412.1688.com/page/creditdetail.htm
25774	19676	义乌市如彩饰品商行	https://rucaisp.1688.com/page/creditdetail.htm
19649	11769	上海蓝粉宠物用品有限公	https://doggyzstyle.1688.com/page/creditdetail.htm
26738	21265	义乌市丝翼假发厂	https://siyiwig.1688.com/page/creditdetail.htm
25253	19233	广州永舟顺汽车用品有限公司	https://yongfuanyu.1688.com/page/creditdetail.htm
10955	1519	义乌市泉道工艺品商行	https://13957947705.1688.com/page/creditdetail.htm
8221	3408	深圳市乐希电子科技有限公司	https://lcctech.1688.com/page/creditdetail.htm
15931	7741	杭州和日美贸易有限公司	https://shop1406134247667.1688.com/page/creditdetail.htm
23485	17182	东莞市鑫锋日用品有限公司	https://zdylad.1688.com/page/creditdetail.htm
21912	784	深圳市吉旭数码科技有限公司 QQ 2323459193	https://jinledadz.1688.com/page/creditdetail.htm
15970	7789	义乌市茵奈电子商务商行	https://shop1395680194171.1688.com/page/creditdetail.htm
24823	18762	深圳市龙华新区锐辉皮具商行	https://shop1467391223505.1688.com/page/creditdetail.htm
23074	17141	宁波市鄞州飞翔兴业汽配有限公司	https://nbfx5188.1688.com/page/creditdetail.htm
15508	7227	广州市荔湾区广彪百货店	https://drsmtoys.1688.com/page/creditdetail.htm
24541	18440	波真和电器股份有限公司	https://shop1428425887349.1688.com/page/creditdetail.htm
15118	6524	义乌市速康电子商务商行	https://flatdepot.1688.com/page/creditdetail.htm
23036	16764	饶平县铭丰汽车用品商行	https://shop1419266740772.1688.com/page/creditdetail.htm
15721	7473	义乌市禾豆电子商务有限公司	https://1994yc.1688.com/page/creditdetail.htm
25252	19232	天台县欧诺汽车用品有限公司	https://zjttounuo.1688.com/page/creditdetail.htm
13419	10141	深圳市金石湖科技有限公司	https://kinsle.1688.com/page/creditdetail.htm
15506	7225	杜俊林个体经营	https://hanchenmaoyi.1688.com/page/creditdetail.htm
25100	19000	广州市万龙表业有限公司	https://oneloongwatch.1688.com/page/creditdetail.htm
26517	20963	深圳市昂宇电子有限公司	https://shop1448250323352.1688.com/page/creditdetail.htm
13559	383	义乌市鸿科电子厂	https://lxfjustsoso.1688.com/page/creditdetail.htm
26118	20457	柳州市鱼峰区香港站日用品店	https://0772yipinyou.1688.com/page/creditdetail.htm
24199	17996	深圳市胜达创意科技有限公司	https://shengdawatch.1688.com/page/creditdetail.htm
14746	2713	深圳市旺隆鑫业科技有限公司	https://szwlxy1688.1688.com/page/creditdetail.htm
21987	15621	佛山市南海汇沣电器厂	https://pthuifengdianqi.1688.com/page/creditdetail.htm
2491	4547	泰州市高港区麦乐婴童用品有限公司	https://motherline616.1688.com/page/creditdetail.htm
13552	898	台州市黄岩盛珠塑料厂	https://shop1406652819598.1688.com/page/creditdetail.htm
11101	1693	广州市越秀区大洪汽车配件经营部	https://gzdhqc.1688.com/page/creditdetail.htm
15875	7675	金华市绿洲五金有限公司	https://siliconebakeware.1688.com/page/creditdetail.htm
26083	20416	深圳市亚莱特科技有限公司	https://alight8.1688.com/page/creditdetail.htm
15692	7426	义乌市艾黛电子商务商行	https://aidaiwatch.1688.com/page/creditdetail.htm
15592	7307	义乌市旅姗钟表厂	https://shop1419007158445.1688.com/page/creditdetail.htm
24689	18598	黄岛区一生妆扮化妆品店	https://shop1426771009762.1688.com/page/creditdetail.htm
8704	3795	深圳市龙岗区泽铭电子经营部	https://shop1379868994394.1688.com/page/creditdetail.htm
15984	7805	揭阳市揭东区玉湖镇美音乐器店	https://shop1406048121408.1688.com/page/creditdetail.htm
15648	7373	义乌市幻海电子商务商行	https://shop1417884000909.1688.com/page/creditdetail.htm
13852	6063	深圳市金明家居有限公司	https://shop1375290212815.1688.com/page/creditdetail.htm
15674	7403	广州市驰海电子有限公司	https://zschihai.1688.com/page/creditdetail.htm
14748	5833	深圳富锐影像器材有限公司	https://shop1372352330230.1688.com/page/creditdetail.htm
10739	1166	广州市花都区狮岭可迪箱包厂	https://mycvnd.1688.com/page/creditdetail.htm
25897	20170	义乌市飘端电子商务商行	https://shop1389977581216.1688.com/page/creditdetail.htm
13858	3567	义乌市素瑶电子商务商行	https://shop1366045909686.1688.com/page/creditdetail.htm
22734	16383	深圳市盛达光电科技有限公司	https://liangbainianled.1688.com/page/creditdetail.htm
9499	5868	辛集市超卓皮草商店	https://shop1394816185703.1688.com/page/creditdetail.htm
15342	6972	张索奇	https://dongmanpifa.1688.com/page/creditdetail.htm
15435	7124	义乌市度尚电子商务商行	https://shop1403283385423.1688.com/page/creditdetail.htm
26311	20696	石狮市聚枫工艺品厂	https://jufenggy.1688.com/page/creditdetail.htm
15433	7121	深圳市龙岗区康富汇电子厂	https://kfh5688.1688.com/page/creditdetail.htm
15430	7118	李冰水（个体经营）	https://taodixuanyueqi.1688.com/page/creditdetail.htm
15347	6998	浙江爱吉斯家纺有限公司	https://zjajs.1688.com/page/creditdetail.htm
15348	6999	双桥区清豪舰箱包店	https://shop1415446632941.1688.com/page/creditdetail.htm
9495	4193	义乌市奥森电子商务商行	https://15aosen.1688.com/page/creditdetail.htm
15438	7127	广州民路乐器有限公司	https://zealuxmusic.1688.com/page/creditdetail.htm
15439	7128	深圳安润安防技术有限公司	https://amroadtechnology.1688.com/page/creditdetail.htm
11034	1617	广州市威格皮具有限公司	https://shop1371488158740.1688.com/page/creditdetail.htm
8469	3596	义乌市尹钏贸易有限公司	https://ywyadong.1688.com/page/creditdetail.htm
11033	1608	义乌市洁水电子商务商行	https://vip168.1688.com/page/creditdetail.htm
6261	4660	广州元其贸易有限公司	https://shop1383670501607.1688.com/page/creditdetail.htm
26609	21081	广州市琦枫翊贸易有限公司	https://qifengyimaoyi.1688.com/page/creditdetail.htm
15022	6218	义乌市韩迈电子商务商行	https://hanmaihuwai.1688.com/page/creditdetail.htm
4412	4610	义乌市胜洁钟表商行	https://g18335.1688.com/page/creditdetail.htm
25274	19191	深圳市祥顺晖照明有限公司	https://szxsh1378.1688.com/page/creditdetail.htm
6269	4663	潘福平（个体经营）	https://yjie100.1688.com/page/creditdetail.htm
16046	7896	温州欧野贸易有限公司	https://brgege.1688.com/page/creditdetail.htm
420	797	义乌市觉锋电子商务商行	https://15juefeng.1688.com/page/creditdetail.htm
911	5721	深圳市恒亿昌科技有限公司	https://hengyc.1688.com/page/creditdetail.htm
25801	19694	台州市黄岩雄鹰灯饰厂	https://tzxyds.1688.com/page/creditdetail.htm
6303	1814	义乌市荣灵电子商务商行	https://xiaoxiaoqin1688.1688.com/page/creditdetail.htm
14828	6362	深圳市利和太美科技有限公司	https://shop1383152330218.1688.com/page/creditdetail.htm
2391	5865	莫玉婷	https://czljudy.1688.com/page/creditdetail.htm
16927	1245	深圳市万方迈尔科技有限公司	https://shop1362993642343.1688.com/page/creditdetail.htm
20539	12876	义乌市左龙电子商务有限公司	https://shop1429635214472.1688.com/page/creditdetail.htm
15679	7412	义乌市卡飚电子商务商行	https://shop1409157777695.1688.com/page/creditdetail.htm
8359	3534	深圳市车维科技有限公司	https://cncheery.1688.com/page/creditdetail.htm
26547	21003	义乌市吕绅电子商务商行	https://shop1439868176674.1688.com/page/creditdetail.htm
15932	7742	潮州市潮安区彩塘镇米高五金厂	https://gdmigao123.1688.com/page/creditdetail.htm
17246	9153	余远东	https://shop1386780971984.1688.com/page/creditdetail.htm
9305	4816	东莞市拓盈五金塑料有限公司	https://tuoyingsujiao168.1688.com/page/creditdetail.htm
9316	4370	桐庐阳帆制笔厂	https://shop1356455007969.1688.com/page/creditdetail.htm
8356	3527	宁海乐欢天电器有限公司	https://lht365.1688.com/page/creditdetail.htm
9310	5887	义乌市吉伦电子商务商行	https://hcy022100.1688.com/page/creditdetail.htm
6421	1953	杭州春禾服饰有限公司	https://yunzhenge.1688.com/page/creditdetail.htm
15234	6741	深圳市祥祺礼品有限公司	https://szx7lp.1688.com/page/creditdetail.htm
15235	6742	义乌市妆燕电子商务商行	https://shop1401382740054.1688.com/page/creditdetail.htm
24687	18596	河南思源医疗器械有限公司	https://shop1449796213452.1688.com/page/creditdetail.htm
24686	18594	上海语莱家居用品有限公司	https://yulaitoothbrush.1688.com/page/creditdetail.htm
15231	6736	广州市番禺区黄浩丹日用品经营部	https://shop1355419765839.1688.com/page/creditdetail.htm
8890	4147	深圳市宝安区西乡陶笛轩乐器经营部	https://taodixuanyueqi.1688.com/page/creditdetail.htm
24768	18687	东莞市大朗友馨钟表厂	https://shop1465405351306.1688.com/page/creditdetail.htm
13232	1612	广州市百圣牛实业有限公司	https://shop1400173351386.1688.com/page/creditdetail.htm
15778	7551	济南槐荫君利红皮具商行	https://jnlihong.1688.com/page/creditdetail.htm
15720	7689	扬州八怪龙商贸有限公司	https://shop1409330811257.1688.com/page/creditdetail.htm
14223	5117	义乌市普洲饰品厂	https://chengyuansp.1688.com/page/creditdetail.htm
14953	5603	林国和(个体经营)	https://feiyue51.1688.com/page/creditdetail.htm
14950	6348	深圳八米科技有限公司	https://szbami.1688.com/page/creditdetail.htm
15725	7478	义乌市犇购电子商务商行	https://shop1406221193013.1688.com/page/creditdetail.htm
15899	7707	浦江县中亿日用品商行	https://pujiangzhongyi.1688.com/page/creditdetail.htm
14637	2756	深圳市天能达电子有限公司, 鬼手厂家	https://tndcn.1688.com/page/creditdetail.htm
10256	775	义乌市哈星电子商务商行	https://15hxdz.1688.com/page/creditdetail.htm
13773	4954	深圳旗胜数码摄影器材行	https://shop1409676215459.1688.com/page/creditdetail.htm
10855	1415	吴江龙驰纺织品有限公司	https://caicansilk.1688.com/page/creditdetail.htm
15776	7549	义乌美旭电子商务有限公司	https://waylandchina.1688.com/page/creditdetail.htm
10851	1424	創念皮具制品廠	https://shop1446482915659.1688.com/page/creditdetail.htm
13673	3933	义乌市立晓电子商务商行	https://slowlywalking.1688.com/page/creditdetail.htm
13670	4368	刘红平（个体经营）	https://xukao2011.1688.com/page/creditdetail.htm
10992	1460	深圳市南山区湘艺电子商行	https://shop1435943027177.1688.com/page/creditdetail.htm
13674	2029	深圳市诚信神火科技有限公司	https://trustfire.1688.com/page/creditdetail.htm
26334	20722	东莞市派拓实业有限公司	https://dgpetop.1688.com/page/creditdetail.htm
13125	1453	深圳市牛强科技有限公司	https://shop1458971953704.1688.com/page/creditdetail.htm
16006	7848	宁波麦斗进电子科技有限公司	https://maidoujin.1688.com/page/creditdetail.htm
5868	1788	义乌市神秀饰品厂	https://ft998.1688.com/page/creditdetail.htm
8828	4776	深圳市欧格雅科技有限公司	https://jay790.1688.com/page/creditdetail.htm
16009	7851	莱州市泽源工艺品有限公司	https://zeyuancraft.1688.com/page/creditdetail.htm
15153	6594	陈植灿(个体经营)	https://youeryataoci.1688.com/page/creditdetail.htm
15196	6685	义乌市启达电子厂	https://shop1427993732400.1688.com/page/creditdetail.htm
15154	6595	潮州市开发区友来福家居用品网购部	https://chen5435218.1688.com/page/creditdetail.htm
15156	6597	义乌市旭凤电子商务商行	https://ywcyhpf.1688.com/page/creditdetail.htm
15090	6479	深圳奥多金电子通讯有限公司	https://shop1413944189606.1688.com/page/creditdetail.htm
25148	19055	义乌市旅忆电子商务商行	https://shop1432918718549.1688.com/page/creditdetail.htm
15092	6481	义乌市优德电子商务商行	https://clas302.1688.com/page/creditdetail.htm
15093	6483	深圳市捷胜电子有限公司	https://shop1387817619836.1688.com/page/creditdetail.htm
2819	9966	义乌市群坤电子商务商行	https://qunkunwj.1688.com/page/creditdetail.htm
24943	18905	深圳市宝安区松岗玛安格化妆用品厂	https://maange.1688.com/page/creditdetail.htm
24940	18902	义乌市高顿钟表厂	https://goldon.1688.com/page/creditdetail.htm
23255	16994	阳江市江城区泰阳五金厂	https://shop1395334659380.1688.com/page/creditdetail.htm
15600	7320	彭梓君 先生	https://pzj945.1688.com/page/creditdetail.htm
14702	1445	义乌市霓镜电子商务商行	https://huaai2012.1688.com/page/creditdetail.htm
13516	852	深圳市佳维恒信科技有限公司	https://jiawei109.1688.com/page/creditdetail.htm
15653	7381	深圳市科邦通电子有限公司	https://luchange.1688.com/page/creditdetail.htm
15799	7589	汕头市澄海区意达工艺礼品商行	https://yida2014.1688.com/page/creditdetail.htm
15651	7378	义乌市多萌日用品厂	https://shop1406652819598.1688.com/page/creditdetail.htm
26205	20564	深圳市可梵达科技有限公司	https://shop1385956627539.1688.com/page/creditdetail.htm
23916	17670	深圳市金科信光电有限公司	https://shop1449507310283.1688.com/page/creditdetail.htm
5429	10914	义乌市超奇五金商行	https://zjywzzj.1688.com/page/creditdetail.htm
25091	19002	仙居县楚尧工艺品商行	https://shop1385744271482.1688.com/page/creditdetail.htm
15543	7260	义乌市创顶家居用品商行	https://shop1406221062998.1688.com/page/creditdetail.htm
15341	6989	深圳市龙岗区坪地华达成服饰批发商行	https://shop1382633776001.1688.com/page/creditdetail.htm
21210	13398	上海时幻鲨贸易有限公司	https://nicekiki.1688.com/page/creditdetail.htm
23684	17428	深圳市摩针轮美容美体器材科技有限公司	https://shop1408211445970.1688.com/page/creditdetail.htm
15434	7122	深圳市快鱼科技有限公司	https://shop1414084430700.1688.com/page/creditdetail.htm
6698	4709	义乌市能迭电子商务商行	https://nengdie.1688.com/page/creditdetail.htm
24452	18318	成华区元素印花服饰商行	https://yuansu123.1688.com/page/creditdetail.htm
20352	12638	义乌市楚黛电子商务商行	https://shop1413910645932.1688.com/page/creditdetail.htm
7931	2706	深圳市福田区赛格电子市场华胜鑫电子经营部	https://szhsxdzkj.1688.com/page/creditdetail.htm
15380	7047	深圳市龙岗区粤美佳不锈钢批发商行	https://ymjbxg.1688.com/page/creditdetail.htm
15381	7048	高碑店市新城芮佳佳箱包销售部	https://shop1376499467852.1688.com/page/creditdetail.htm
15519	7238	宁海县浩人电器厂	https://vbvb520.1688.com/page/creditdetail.htm
13958	775	义乌市哈星电子商务商行	https://15hxdz.1688.com/page/creditdetail.htm
13957	1814	义乌市荣灵电子商务商行	https://sanhetool.1688.com/page/creditdetail.htm
13952	3612	义乌市尚派日用百货有限公司	https://wyr0816.1688.com/page/creditdetail.htm
13951	3431	诸暨市富威特机械厂	https://zjsunzi1688.1688.com/page/creditdetail.htm
13950	1882	浦江县阿猫电子商务商行	https://shop1413305061253.1688.com/page/creditdetail.htm
14239	6842	深圳市智途自行车有限公司	https://ztbike.1688.com/page/creditdetail.htm
26646	21138	上海卫泉体育用品有限公司	https://shanghaiweiquan.1688.com/page/creditdetail.htm
15571	9104	广州语兰贸易有限公司	https://yulantech.1688.com/page/creditdetail.htm
15665	7393	揭阳市东山区东升科伟钟表厂	https://kwclock.1688.com/page/creditdetail.htm
8278	3454	深圳市汇德丰科技有限公司	https://szhuidf.1688.com/page/creditdetail.htm
17513	9523	义乌市晓赵电子商务商行	https://zmjewelry.1688.com/page/creditdetail.htm
17511	9516	郭锦荣	https://skywatches.1688.com/page/creditdetail.htm
15471	7181	象山贝尔德塑胶有限公司	https://shop1400630882616.1688.com/page/creditdetail.htm
13469	459	宁波瑞德检测仪器有限公司	https://nbrd17.1688.com/page/creditdetail.htm
25097	18997	惠州市仲恺高新区华特斯电子商务商行	https://hts3838.1688.com/page/creditdetail.htm
25096	19004	石狮市东辉复古工艺品厂	https://shop1431017403708.1688.com/page/creditdetail.htm
25095	18996	仙居县凯顺工艺品厂	https://cnjjpf.1688.com/page/creditdetail.htm
25094	18995	仙居县飞龙工艺厂	https://shop1395766558439.1688.com/page/creditdetail.htm
24530	18426	罗小敏	https://shop1401468844731.1688.com/page/creditdetail.htm
13467	651	永康市凯亚工贸有限公司	https://ykjunzilan.1688.com/page/creditdetail.htm
11077	1624	义乌市张珂日用品商行	https://shuanghuapet.1688.com/page/creditdetail.htm
13465	354	深圳市龙华新区民治优视博经营部	https://shop1387990639587.1688.com/page/creditdetail.htm
13464	3284	深圳市瑞超腾科技有限公司	https://rct1688.1688.com/page/creditdetail.htm
11648	2269	深圳市索艾电子科技有限公司	https://szsadz.1688.com/page/creditdetail.htm
15974	7793	深圳市孚森科技供应链有限公司	https://shop1402419129842.1688.com/page/creditdetail.htm
23055	16783	深圳市南山区路航汽车用品商行	https://luhangcar.1688.com/page/creditdetail.htm
23039	16766	深圳西乡博尚美汽车用品	https://shop1413305127921.1688.com/page/creditdetail.htm
15716	7690	义乌市茶棋电子商务商行	https://shop1351261799154.1688.com/page/creditdetail.htm
26378	20783	深圳市盛氏科技有限公司	https://ssb168ssb.1688.com/page/creditdetail.htm
11640	2266	深圳市吉利升皮具制品有限公司	https://yimartnailart.1688.com/page/creditdetail.htm
26051	20371	深圳市唯颖科技有限公司	https://shop1394257775578.1688.com/page/creditdetail.htm
15715	7458	义乌市秀米电子商务商行	https://alixiumi.1688.com/page/creditdetail.htm
15186	246	汕头市澄海威龙玩具	https://xinqiangtoys.1688.com/page/creditdetail.htm
9501	4212	义乌市贤齐电子商务商行	https://shop1380301122675.1688.com/page/creditdetail.htm
5168	5567	云和永胜木材加工厂	https://shop1366823552399.1688.com/page/creditdetail.htm
6264	4661	上海兮欧贸易有限公司	https://xiouwatch.1688.com/page/creditdetail.htm
15863	7662	盐城兰亭阁玻璃制品有限公司	https://lantinggeali.1688.com/page/creditdetail.htm
26091	20423	义乌市纤烁化妆品有限公司	https://qsmeijia.1688.com/page/creditdetail.htm
24096	17874	义乌市卡妞工艺品有限公司	https://kaniunailart.1688.com/page/creditdetail.htm
15379	7046	深圳市卡酷特科技有限公司	https://sztpytx.1688.com/page/creditdetail.htm
15378	7045	义乌市端追电子商务商行	https://shop1393865629875.1688.com/page/creditdetail.htm
24688	18597	义乌市伦力电子商务商行	https://meijiabaihuo.1688.com/page/creditdetail.htm
11481	2007	张文标（个体经营）	https://shop1458971953704.1688.com/page/creditdetail.htm
15071	6451	义乌市中夫电子有限公司	https://intale.1688.com/page/creditdetail.htm
15371	7039	东莞市朗震电子产品有限公司	https://rownge.1688.com/page/creditdetail.htm
15370	7036	宁波海曙路平户外休闲用品有限公司	https://nblupinghu2008.1688.com/page/creditdetail.htm
15607	7327	深圳市龙岗区利诺表业经营部	https://linuobiao.1688.com/page/creditdetail.htm
4807	10712	朱德好 先生	https://ahao98.1688.com/page/creditdetail.htm
6464	2866	义乌市端康电子商务商行	https://wilphenwu.1688.com/page/creditdetail.htm
15377	7044	义乌市拉芘兔婴儿用品有限公司	https://angelrabbit2008.1688.com/page/creditdetail.htm
8480	3612	义乌市尚派日用百货有限公司	https://wyr0816.1688.com/page/creditdetail.htm
6239	3480	苏州风仁商贸有限公司	https://shop1403110771417.1688.com/page/creditdetail.htm
9697	9932	黄挺	https://laiwanba.1688.com/page/creditdetail.htm
9695	91	深圳欣粤胜电子有限公司	https://cmgb2004.1688.com/page/creditdetail.htm
8269	15712	深圳市福田区泰英通信器材配套专业市场洪海通讯行	https://dannyhxg.1688.com/page/creditdetail.htm