南京栖霞建设股份有限公司,http://image4.cnpp.cn/upload/images/20161110/17522362562_207x90.gif
越秀地产股份有限公司,http://image.cnpp.cn/upload/images/20170422/13032947119_207x90.gif
天山房地产开发集团有限公司,http://image3.cnpp.cn/upload/images/20161111/17560291519_207x90.gif
禹洲集团,http://imagemg.cnpp.cn/upload/images/20161018/22543931593_207x90.gif
深圳市中洲投资控股股份有限公司,http://image2.cnpp.cn/upload/images/20150123/09230824690_138x60.gif
云南城投置业股份有限公司,http://image2.cnpp.cn/upload/images/20150124/12213448518_138x60.gif
中华企业股份有限公司,http://image3.cnpp.cn/upload/images/20160921/23482433821_207x90.gif
大华（集团）有限公司,http://imagemg.cnpp.cn/upload/images/20160112/20094217851_138x60.gif
鲁商置业股份有限公司,http://image.cnpp.cn/upload2/brand/20130621/164236_71995_logo1.jpg
明发集团有限公司,http://image2.cnpp.cn/upload/images/20160906/17563736572_207x90.gif
阳光100集团有限公司,http://image3.cnpp.cn/upload/images/20170420/21003672247_207x90.gif
京投银泰股份有限公司,http://image.cnpp.cn/upload/images/20161107/18142894695_207x90.gif
天津市房地产发展（集团）股份有限公司,http://imagemg.cnpp.cn/upload/images/20150803/10272211332_207x90.gif
珠海华发实业股份有限公司,http://image3.cnpp.cn/upload/images/20161111/17490436626_207x90.gif
中航地产股份有限公司,http://image4.cnpp.cn/upload/images/20150919/18464736773_207x90.gif
北京华业地产股份有限公司,http://image4.cnpp.cn/upload/images/20161121/18003162090_207x90.gif
阳光新业地产股份有限公司,http://image3.cnpp.cn/upload/images/20150816/16164142170_207x90.gif
宁波银亿房地产开发有限公司,http://image4.cnpp.cn/upload/images/20170110/09055268260_207x90.gif
天津泰达建设集团有限公司,http://image4.cnpp.cn/upload/images/20150919/18463360520_207x90.gif
广宇集团股份有限公司,http://image2.cnpp.cn/upload/images/20150124/12213131158_138x60.gif
上海大名城企业股份有限公司,http://image2.cnpp.cn/upload/images/20161109/18052130685_207x90.gif
合肥城建发展股份有限公司,http://image2.cnpp.cn/upload/images/20161030/23295444834_207x90.gif
上海嘉宝实业（集团）股份有限公司,http://image.cnpp.cn/upload/images/20161111/17490494818_207x90.gif
信达地产股份有限公司,http://image3.cnpp.cn/upload/images/20161111/17490327099_207x90.gif
华远地产股份有限公司,http://image.cnpp.cn/upload2/brand/20130617/140255_62039_logo1.jpg
广州珠江实业开发股份有限公司,http://image2.cnpp.cn/upload2/brand/20130606/181537_90503_logo1.jpg
上海金桥出口加工区开发股份有限公司,http://image2.cnpp.cn/upload2/brand/20130605/093927_85398_logo1.jpg
广州东华实业股份有限公司,http://image2.cnpp.cn/upload2/brand/20130617/155045_90054_logo1.jpg
中国武夷实业股份有限公司,http://image3.cnpp.cn/upload/images/20161121/18003593478_207x90.gif
深圳市振业（集团）股份有限公司,http://image.cnpp.cn/upload2/brand/20130606/105734_31751_logo1.jpg
杭州宋都房地产集团有限公司,http://image.cnpp.cn/upload2/brand/20130621/151956_43949_logo1.jpg
天地源股份有限公司,http://image2.cnpp.cn/upload2/brand/20130607/160139_77376_logo1.jpg
冠城大通股份有限公司,http://image.cnpp.cn/upload/images/20161115/17534843142_207x90.gif
深圳香江控股股份有限公司,http://image3.cnpp.cn/upload2/brand/20130607/163317_65350_logo1.jpg
卧龙地产集团股份有限公司,http://image.cnpp.cn/upload2/brand/20130606/133127_30014_logo1.jpg
 海尔地产集团有限公司,http://image4.cnpp.cn/upload/images/20170103/09020254585_207x90.gif
成都置信实业（集团）有限公司,http://image4.cnpp.cn/upload/images/20150722/09314652585_207x90.gif
美好置业集团股份有限公司,http://imagemg.cnpp.cn/upload/images/20170111/14154841306_207x90.gif
上海万业企业股份有限公司,http://image3.cnpp.cn/upload/images/20150124/12212853855_138x60.gif
格力地产股份有限公司,http://image2.cnpp.cn/upload/images/20161031/09092086740_207x90.gif
中国房地产开发集团公司,http://image3.cnpp.cn/upload/images/20160908/09091560348_207x90.gif
新华联不动产股份有限公司,http://image.cnpp.cn/upload/images/20161024/16495439259_207x90.gif
上海张江高科技园区开发股份有限公司,http://image4.cnpp.cn/upload/images/20150123/09230743258_138x60.gif
恒亿集团,http://image4.cnpp.cn/upload/images/20151026/10373030751_207x90.gif
京能置业股份有限公司,http://image.cnpp.cn/upload/images/20161111/17262424517_207x90.gif
北京万通地产股份有限公司,http://image3.cnpp.cn/upload/images/20161006/11400970147_207x90.gif
北京北辰实业股份有限公司,http://image3.cnpp.cn/upload/images/20160921/23482468076_207x90.gif
荣安地产股份有限公司,http://image4.cnpp.cn/upload2/brand/20130606/152022_17580_logo1.jpg
金桥房地产开发股份有限公司,http://image2.cnpp.cn/upload2/brand/20130605/093927_85398_logo1.jpg
上海新黄浦置业股份有限公司,http://image4.cnpp.cn/upload/images/20161017/18075471060_207x90.gif
中房置业股份有限公司,http://image3.cnpp.cn/upload/images/20160908/09091560348_207x90.gif
国兴融达地产股份有限公司,http://image4.cnpp.cn/upload/images/20161116/17574146038_207x90.gif
天津天保基建股份有限公司,http://image4.cnpp.cn/upload2/brand/20130606/104515_39351_logo1.jpg
上海同济科技实业股份有限公司,http://image2.cnpp.cn/upload2/brand/20130617/162959_76462_logo1.jpg
深圳经济特区房地产（集团）股份有限公司,http://image2.cnpp.cn/upload/images/20150126/11482571766_138x60.gif
青建集团股份公司,http://image.cnpp.cn/upload/images/20150727/09193398109_207x90.gif
江苏美好置地有限公司,http://imagemg.cnpp.cn/upload/images/20170111/14154841306_207x90.gif
天津松江股份有限公司,http://image4.cnpp.cn/upload/images/20161020/18092444690_207x90.gif
深圳市物业发展（集团）股份有限公司,http://image2.cnpp.cn/upload2/brand/20130607/171558_27422_logo1.jpg
中弘控股股份有限公司,http://image2.cnpp.cn/upload/images/20150124/12212488416_138x60.gif
大连友谊（集团）股份有限公司,http://image3.cnpp.cn/upload/images/20170422/17291279916_207x90.gif
江苏大港股份有限公司,http://image4.cnpp.cn/upload/images/20161125/14531714290_207x90.gif
山东天业恒基股份有限公司,http://image2.cnpp.cn/upload/images/20161107/18142829457_207x90.gif
侨鑫集团有限公司,http://image3.cnpp.cn/upload/images/20161116/14170773951_207x90.gif
北京中关村科技发展（控股）股份有限公司,http://image.cnpp.cn/upload2/brand/20140315/103149_8122.jpg
广东世荣兆业股份有限公司,http://image2.cnpp.cn/upload/images/20161123/13545681357_207x90.gif
东莞宏远工业区股份有限公司,http://image4.cnpp.cn/upload/images/20161123/13545643525_207x90.gif
宝安鸿基地产集团股份有限公司,http://image3.cnpp.cn/upload/images/20150123/09230779534_138x60.gif
中茵股份有限公司,http://image2.cnpp.cn/upload/images/20161017/23164875417_207x90.gif
中房地产股份有限公司,http://image3.cnpp.cn/upload/images/20160908/09091560348_207x90.gif
绿景控股股份有限公司,http://image3.cnpp.cn/upload2/brand/20130606/141142_91919_logo1.jpg
上海外高桥保税区开发股份有限公司,http://image3.cnpp.cn/upload2/brand/20130606/153654_15663_logo1.jpg
天津津滨发展股份有限公司,http://image2.cnpp.cn/upload/images/20150821/09593866170_207x90.gif
万科企业股份有限公司,http://image4.cnpp.cn/upload/images/20170420/15094436883_207x90.gif
恒大地产集团,http://image4.cnpp.cn/upload/images/20170420/15094459354_207x90.gif
绿地控股集团有限公司,http://image.cnpp.cn/upload2/brand/20120712/143239_77585_logo1.jpg
卓越置业集团有限公司,http://image2.cnpp.cn/upload/images/20170208/14472531527_207x90.gif
保利房地产（集团）股份有限公司,http://image.cnpp.cn/upload/images/20170420/15094426783_207x90.gif
中国海外发展有限公司,http://image4.cnpp.cn/upload/images/20160712/09072230344_207x90.gif
开创置业股份有限公司,http://image2.cnpp.cn/upload/images/20170420/21003770800_207x90.gif
碧桂园控股有限公司,http://image3.cnpp.cn/upload/images/20170420/15094511100_207x90.gif
世茂房地产控股有限公司,http://image3.cnpp.cn/upload/images/20170420/21063985121_207x90.gif
中粮地产（集团）股份有限公司,http://imagemg.cnpp.cn/upload/images/20150124/12332990315_138x60.gif
融创中国控股有限公司,http://image.cnpp.cn/upload/images/20150121/17535151944_138x60.gif
龙湖地产有限公司,http://image4.cnpp.cn/upload/images/20170420/15104820222_207x90.gif
广州富力地产股份有限公司,http://image2.cnpp.cn/upload/images/20160712/09072230493_207x90.gif
华润置地有限公司,http://image4.cnpp.cn/upload/images/20151112/17551675883_207x90.gif
华夏幸福基业股份有限公司,http://image.cnpp.cn/upload/images/20170223/18040216005_207x90.gif
金地（集团）股份有限公司,http://image3.cnpp.cn/upload/images/20170209/13375897022_207x90.gif
远洋地产控股有限公司,http://image4.cnpp.cn/upload/images/20160712/09072258375_207x90.gif
绿城房地产集团有限公司,http://image4.cnpp.cn/upload/images/20151209/14263781970_207x90.gif
荣盛房地产发展股份有限公司,http://imagemg.cnpp.cn/upload2/brand/20130617/180020_74094_logo1.jpg
上海城建置业发展有限公司,http://image.cnpp.cn/upload2/brand/20131216/170613_5505.jpg
北京首都开发控股（集团）有限公司,http://image.cnpp.cn/upload/images/20161006/11400939168_207x90.gif
复地（集团）股份有限公司,http://image.cnpp.cn/upload/images/20150616/18061419229_207x90.gif
金科地产集团股份有限公司,http://image4.cnpp.cn/upload/images/20170206/00475164355_138x60.gif
新城控股集团有限公司,http://image4.cnpp.cn/upload/images/20170213/11202866518_207x90.gif
上海建工房产有限公司,http://image2.cnpp.cn/upload/images/20160229/09152155768_207x90.gif
阳光城集团股份有限公司,http://imagemg.cnpp.cn/upload/images/20150721/18053761418_207x90.gif
江苏中南建设集团股份有限公司,http://image.cnpp.cn/upload/images/20170420/21104452380_207x90.gif
金融街控股股份有限公司,http://image2.cnpp.cn/upload/images/20170420/21103473842_207x90.gif
宝龙地产控股有限公司,http://image.cnpp.cn/upload/images/20161025/17580039859_207x90.gif
建发房地产集团有限公司,http://image2.cnpp.cn/upload/images/20170420/20585335117_207x90.gif
龙光地产控股有限公司,http://image4.cnpp.cn/upload/images/20170207/09463194218_207x90.gif
中天城投集团股份有限公司,http://image4.cnpp.cn/upload/images/20170420/21104556509_207x90.gif
嘉凯城集团股份有限公司,http://image3.cnpp.cn/upload/images/20170420/21103753157_207x90.gif
雅戈尔集团股份有限公司,http://image4.cnpp.cn/upload/images/20170420/15074036899_207x90.gif
新湖中宝股份有限公司,http://image.cnpp.cn/upload/images/20170420/21104540370_207x90.gif
国贸地产集团有限公司,http://image3.cnpp.cn/upload/images/20170420/20545985670_207x90.gif
泛海建设集团股份有限公司,http://image.cnpp.cn/upload/images/20151019/17475738001_207x90.gif
苏宁环球股份有限公司,http://image.cnpp.cn/upload/images/20170420/21104484506_207x90.gif
中国电建地产集团有限公司,http://image4.cnpp.cn/upload/images/20170302/18100260417_207x90.gif
SOHO中国有限公司,http://image4.cnpp.cn/upload/images/20161215/18094271209_207x90.gif
合生创展集团有限公司,http://image4.cnpp.cn/upload/images/20160712/09072269758_207x90.gif
五洲国际控股有限公司,http://image4.cnpp.cn/upload/images/20151027/17570141738_207x90.gif
杭州滨江房产集团股份有限公司,http://image4.cnpp.cn/upload/images/20150124/12212687602_138x60.gif
大连海昌集团有限公司,http://image.cnpp.cn/upload/images/20170109/17580845140_207x90.gif
宝业集团股份有限公司,http://image.cnpp.cn/upload/images/20150922/15533877587_207x90.gif
中体产业集团股份有限公司,http://image.cnpp.cn/upload/images/20151010/08594144608_207x90.gif
北京建工集团有限责任公司,http://image.cnpp.cn/upload/images/20160229/09152191366_207x90.gif
莱茵达置业股份有限公司,http://image4.cnpp.cn/upload/images/20161108/17593774908_207x90.gif
