万科VANKE,http://image4.cnpp.cn/upload/images/20170420/15094436883_207x90.gif_138_60.jpg
恒大地产,http://image4.cnpp.cn/upload/images/20170420/15094459354_207x90.gif_138_60.jpg
万达WANDA,http://image4.cnpp.cn/upload/images/20170420/15094484260_207x90.gif_138_60.jpg
绿地地产,http://image.cnpp.cn/upload2/brand/20120712/143239_77585_logo1.jpg_138_60.jpg
保利地产,http://image.cnpp.cn/upload/images/20170420/15094426783_207x90.gif_138_60.jpg
中海地产,http://image4.cnpp.cn/upload/images/20160712/09072230344_207x90.gif_138_60.jpg
碧桂园GARDEN,http://image3.cnpp.cn/upload/images/20170420/15094511100_207x90.gif_138_60.jpg
华润置地,http://image4.cnpp.cn/upload/images/20151112/17551675883_207x90.gif_138_60.jpg
龙湖地产LongFor,http://image4.cnpp.cn/upload/images/20170420/15104820222_207x90.gif_138_60.jpg
富力地产R&F,http://image2.cnpp.cn/upload/images/20160712/09072230493_207x90.gif_138_60.jpg
世茂房地产SHIMAO,http://image3.cnpp.cn/upload/images/20170420/21063985121_207x90.gif_138_60.jpg
融创SUNAC,http://image.cnpp.cn/upload/images/20150121/17535151944_138x60.gif_138_60.jpg
华夏幸福CFLD,http://image.cnpp.cn/upload/images/20170223/18040216005_207x90.gif_138_60.jpg
招商地产,http://image4.cnpp.cn/upload/images/20160118/18090135021_138x60.gif_138_60.jpg
金地地产,http://image3.cnpp.cn/upload/images/20170209/13375897022_207x90.gif_138_60.jpg
远洋地产SINOOCEAN,http://image4.cnpp.cn/upload/images/20160712/09072258375_207x90.gif_138_60.jpg
绿城GREENTOWN,http://image4.cnpp.cn/upload/images/20151209/14263781970_207x90.gif_138_60.jpg
荣盛RiseSun,http://imagemg.cnpp.cn/upload2/brand/20130617/180020_74094_logo1.jpg_138_60.jpg
首开SHOKAI,http://image.cnpp.cn/upload/images/20161006/11400939168_207x90.gif_138_60.jpg
复地FORTE,http://image.cnpp.cn/upload/images/20150616/18061419229_207x90.gif_138_60.jpg
河南正商置业有限公司 (电话：0371-66815229),http://image3.cnpp.cn/upload/images/20170422/13101483442_207x90.gif_138_60.jpg
重庆中渝物业发展有限公司 (电话：800-8072-909),http://image4.cnpp.cn/upload/images/20160115/17490780669_207x90.gif_138_60.jpg
广州越秀集团有限公司 (电话：052-25116671),http://image2.cnpp.cn/upload/images/20160708/15473558661_207x90.gif_138_60.jpg
重庆泽京房地产开发有限公司 (电话：023-63428880),http://image.cnpp.cn/upload/images/20151212/14573568461_207x90.gif_138_60.jpg
重庆浩立地产(集团)有限公司 (电话：023-66226966),http://image2.cnpp.cn/upload/images/20151224/09065183120_207x90.gif_138_60.jpg
山东景芝建设股份有限公司 (电话：0536-4937566 8888298),http://image.cnpp.cn/upload/images/20160301/18132336894_207x90.gif_138_60.jpg
河南金建建设有限公司 (电话：0375—2995222),http://image3.cnpp.cn/upload/images/20160521/18070923929_207x90.gif_138_60.jpg
湖北龙鹏房地产集团有限责任公司 (电话：0710-5465555),http://image3.cnpp.cn/upload/images/20160711/11230934123_207x90.gif_138_60.jpg
重庆拓新控股集团房地产开发有限公司 (电话：023-46763500),http://image3.cnpp.cn/upload/images/20160115/17490656572_207x90.gif_138_60.jpg
泉舜集团有限公司 (电话：0592-2931999),http://image.cnpp.cn/upload/images/20160425/15092311318_207x90.gif_138_60.jpg
重庆南方集团有限公司 (电话：023-68521111),http://image4.cnpp.cn/upload/images/20160113/09034658375_207x90.gif_138_60.jpg
东辰控股集团有限公司 (电话：0546-2061256),http://image3.cnpp.cn/upload/images/20160615/15315759716_207x90.gif_138_60.jpg
宁夏恒辰世纪置业集团有限公司 (电话：0955-5033888),http://image4.cnpp.cn/upload/images/20160712/13432714866_207x90.gif_138_60.jpg
重庆优图投资有限公司 (电话：023-68608529 68608531),http://image.cnpp.cn/upload/images/20160725/18032659508_207x90.gif_138_60.jpg
洛阳凯瑞企业集团有限公司 (电话：0379-63126999 63126998),http://image.cnpp.cn/upload/images/20160516/10541332166_207x90.gif_138_60.jpg
重庆东原房地产开发有限公司 (电话：023-89021788 89021788),http://image4.cnpp.cn/upload/images/20151219/17182117836_207x90.gif_138_60.jpg
彭成集团 (电话：0755-25155828),http://image.cnpp.cn/upload/images/20160804/13390250945_138x60.gif_138_60.jpg
天津泰达投资控股有限公司 (电话：400-099-3519 022-69591567),http://image.cnpp.cn/upload/images/20160517/08444536105_207x90.gif_138_60.jpg
湖北卓越集团建设有限公司 (电话：暂无),http://image4.cnpp.cn/upload/images/20160711/11230977587_207x90.gif_138_60.jpg
湘林集团有限公司 (电话：0731-88706450),http://image.cnpp.cn/upload/images/20151011/10412395615_207x90.gif_138_60.jpg
广东三正集团有限公司 (电话：0769-87299333),http://image3.cnpp.cn/upload/images/20160122/19280118955_207x90.gif_138_60.jpg
重庆洋世达房地产开发有限公司 (电话：023-62902299),http://image2.cnpp.cn/upload/images/20160122/09152667508_207x90.gif_138_60.jpg
重庆宝田地产(集团)有限公司 (电话：023-67518886),http://image3.cnpp.cn/upload/images/20160423/12052864868_138x60.gif_138_60.jpg
重庆曦圆房地产开发有限公司 (电话：023-62400689),http://image4.cnpp.cn/upload/images/20160122/19275190418_207x90.gif_138_60.jpg
重庆聚丰房地产开发(集团)有限公司 (电话：023-62817888 62819888),http://image3.cnpp.cn/upload/images/20160606/09110425271_207x90.gif_138_60.jpg
重庆巨宇实业(集团)有限公司 (电话：023-67990222),http://image3.cnpp.cn/upload/images/20160122/09152639781_207x90.gif_138_60.jpg
厦门经济特区房地产开发集团有限公司 (电话：暂无),http://image.cnpp.cn/upload/images/20160425/18021992321_207x90.gif_138_60.jpg
天津国际名众控股有限公司 (电话：022-26899999),http://image2.cnpp.cn/upload/images/20160509/08591020704_207x90.gif_138_60.jpg
重庆市锦天地产(集团)有限公司 (电话：023-68908866),http://image2.cnpp.cn/upload/images/20160715/11221191186_207x90.gif_138_60.jpg
重庆市德能房地产开发有限责任公司 (电话：023-67018001),http://image3.cnpp.cn/upload/images/20160107/09031453786_207x90.gif_138_60.jpg
宁夏正丰房地产开发有限公司 (电话：0951-5015918 5018000),http://image3.cnpp.cn/upload/images/20160126/09075729702_138x60.gif_138_60.jpg
重庆华宇物业服务有限公司 (电话：023-68650105),http://image.cnpp.cn/upload/images/20160122/19274131919_207x90.gif_138_60.jpg
重庆金九房地产开发有限公司 (电话：023-42896666),http://image2.cnpp.cn/upload/images/20160122/19274399827_207x90.gif_138_60.jpg
重庆市大泽置业代理有限公司 (电话：023-67862481),http://image3.cnpp.cn/upload/images/20160122/19274575539_138x60.gif_138_60.jpg
重庆市明发房地产开发有限公司 (电话：023-62602888),http://image.cnpp.cn/upload/images/20160122/19274750987_138x60.gif_138_60.jpg
重庆协信控股(集团)有限公司 (电话：023-67029888),http://image.cnpp.cn/upload/images/20160422/13494192549_207x90.gif_138_60.jpg
重庆市康德实业(集团)有限公司 (电话：023-68580099),http://image2.cnpp.cn/upload/images/20160122/19274962316_207x90.gif_138_60.jpg
重庆渝高科技产业(集团)股份有限公司 (电话：023-68602544),http://image.cnpp.cn/upload/images/20160422/13494285886_207x90.gif_138_60.jpg
重庆市普惠置业有限公司 (电话：023-48612881),http://image3.cnpp.cn/upload/images/20160122/09152698426_207x90.gif_138_60.jpg
河南鹰城集团有限公司 (电话：0375-2881087 2881088),http://image3.cnpp.cn/upload/images/20150929/17342846351_207x90.gif_138_60.jpg
河南省万正置业集团有限公司 (电话：400-8035-666 0377-63317777),http://image3.cnpp.cn/upload/images/20160526/18170267789_207x90.gif_138_60.jpg
隆鑫集团有限公司 (电话：023-89805810),http://image.cnpp.cn/upload/images/20160418/08594477922_207x90.gif_138_60.jpg
重庆钢铁集团朵力房地产股份有限公司 (电话：023-68846215),http://image4.cnpp.cn/upload/images/20160715/11220928608_207x90.gif_138_60.jpg
