地板厂家,实木地板,http://www.jiancai365.cn/ypvlist_43_p{}.htm
地板厂家,实木复合地板,http://www.jiancai365.cn/ypvlist_42_p{}.htm
地板厂家,强化地板,http://www.jiancai365.cn/ypvlist_39_p{}.htm
地板厂家,木塑地板,http://www.jiancai365.cn/ypvlist_868_p{}.htm
地板厂家,石木地板,http://www.jiancai365.cn/ypvlist_941_p{}.htm
地板厂家,石塑地板,http://www.jiancai365.cn/ypvlist_943_p{}.htm
地板厂家,软木地板,http://www.jiancai365.cn/ypvlist_38_p{}.htm
地板厂家,强化复合地板,http://www.jiancai365.cn/ypvlist_942_p{}.htm
地板厂家,橡胶地板,http://www.jiancai365.cn/ypvlist_40_p{}.htm
地板厂家,塑胶地板,http://www.jiancai365.cn/ypvlist_33_p{}.htm
地板厂家,PVC地板,http://www.jiancai365.cn/ypvlist_765_p{}.htm
地板厂家,亚麻地板,http://www.jiancai365.cn/ypvlist_1402_p{}.htm
地板厂家,塑胶跑道,http://www.jiancai365.cn/ypvlist_1323_p{}.htm
地板厂家,运动地板,http://www.jiancai365.cn/ypvlist_820_p{}.htm
地板厂家,户外地板,http://www.jiancai365.cn/ypvlist_940_p{}.htm
地板厂家,防静电地板,http://www.jiancai365.cn/ypvlist_757_p{}.htm
地板厂家,竹地板,http://www.jiancai365.cn/ypvlist_37_p{}.htm
地板厂家,环氧地坪,http://www.jiancai365.cn/ypvlist_789_p{}.htm
地板厂家,耐磨地坪,http://www.jiancai365.cn/ypvlist_790_p{}.htm
地板厂家,艺术地坪,http://www.jiancai365.cn/ypvlist_791_p{}.htm
地板厂家,地毯,http://www.jiancai365.cn/ypvlist_756_p{}.htm
地板厂家,地垫,http://www.jiancai365.cn/ypvlist_945_p{}.htm
涂料厂家,乳胶漆,http://www.jiancai365.cn/ypvlist_826_p{}.htm
涂料厂家,地坪漆,http://www.jiancai365.cn/ypvlist_854_p{}.htm
涂料厂家,真石漆,http://www.jiancai365.cn/ypvlist_831_p{}.htm
涂料厂家,木器漆,http://www.jiancai365.cn/ypvlist_832_p{}.htm
涂料厂家,木蜡油,http://www.jiancai365.cn/ypvlist_1167_p{}.htm
涂料厂家,金属漆,http://www.jiancai365.cn/ypvlist_833_p{}.htm
涂料厂家,氟碳漆,http://www.jiancai365.cn/ypvlist_1106_p{}.htm
涂料厂家,玻璃漆,http://www.jiancai365.cn/ypvlist_879_p{}.htm
涂料厂家,内墙涂料,http://www.jiancai365.cn/ypvlist_827_p{}.htm
涂料厂家,外墙涂料,http://www.jiancai365.cn/ypvlist_828_p{}.htm
涂料厂家,液体壁纸,http://www.jiancai365.cn/ypvlist_830_p{}.htm
涂料厂家,艺术涂料,http://www.jiancai365.cn/ypvlist_829_p{}.htm
涂料厂家,马来漆,http://www.jiancai365.cn/ypvlist_1105_p{}.htm
涂料厂家,金箔漆,http://www.jiancai365.cn/ypvlist_1176_p{}.htm
涂料厂家,墙衣,http://www.jiancai365.cn/ypvlist_1107_p{}.htm
涂料厂家,硅藻泥,http://www.jiancai365.cn/ypvlist_1104_p{}.htm
涂料厂家,防水涂料,http://www.jiancai365.cn/ypvlist_594_p{}.htm
涂料厂家,防火涂料,http://www.jiancai365.cn/ypvlist_803_p{}.htm
涂料厂家,防腐涂料,http://www.jiancai365.cn/ypvlist_804_p{}.htm
涂料厂家,隔热涂料,http://www.jiancai365.cn/ypvlist_1145_p{}.htm
涂料厂家,粉末涂料,http://www.jiancai365.cn/ypvlist_908_p{}.htm
涂料厂家,腻子,http://www.jiancai365.cn/ypvlist_848_p{}.htm
涂料厂家,防静电涂料,http://www.jiancai365.cn/ypvlist_855_p{}.htm
涂料厂家,水性漆,http://www.jiancai365.cn/ypvlist_656_p{}.htm
涂料厂家,油漆,http://www.jiancai365.cn/ypvlist_704_p{}.htm
卫浴厂家,水龙头,http://www.jiancai365.cn/ypvlist_3_p{}.htm
卫浴厂家,感应水龙头,http://www.jiancai365.cn/ypvlist_1200_p{}.htm
卫浴厂家,电热水龙头,http://www.jiancai365.cn/ypvlist_1127_p{}.htm
卫浴厂家,电热水器,http://www.jiancai365.cn/ypvlist_11_p{}.htm
卫浴厂家,燃气热水器,http://www.jiancai365.cn/ypvlist_1281_p{}.htm
卫浴厂家,太阳能热水器,http://www.jiancai365.cn/ypvlist_1129_p{}.htm
卫浴厂家,空气能热水器,http://www.jiancai365.cn/ypvlist_1128_p{}.htm
卫浴厂家,洗手盆,http://www.jiancai365.cn/ypvlist_763_p{}.htm
卫浴厂家,浴室柜,http://www.jiancai365.cn/ypvlist_755_p{}.htm
卫浴厂家,浴缸,http://www.jiancai365.cn/ypvlist_2_p{}.htm
卫浴厂家,按摩浴缸,http://www.jiancai365.cn/ypvlist_1221_p{}.htm
卫浴厂家,花洒,http://www.jiancai365.cn/ypvlist_778_p{}.htm
卫浴厂家,淋浴器,http://www.jiancai365.cn/ypvlist_1173_p{}.htm
卫浴厂家,淋浴房,http://www.jiancai365.cn/ypvlist_764_p{}.htm
卫浴厂家,汗蒸房,http://www.jiancai365.cn/ypvlist_899_p{}.htm
卫浴厂家,木浴桶,http://www.jiancai365.cn/ypvlist_1126_p{}.htm
卫浴厂家,坐便器,http://www.jiancai365.cn/ypvlist_4_p{}.htm
卫浴厂家,马桶盖,http://www.jiancai365.cn/ypvlist_1174_p{}.htm
卫浴厂家,蹲便器,http://www.jiancai365.cn/ypvlist_898_p{}.htm
卫浴厂家,小便器,http://www.jiancai365.cn/ypvlist_858_p{}.htm
卫浴厂家,毛巾架,http://www.jiancai365.cn/ypvlist_779_p{}.htm
卫浴厂家,电热毛巾架,http://www.jiancai365.cn/ypvlist_1280_p{}.htm
卫浴厂家,浴室置物架,http://www.jiancai365.cn/ypvlist_1412_p{}.htm
卫浴厂家,纸巾架,http://www.jiancai365.cn/ypvlist_1228_p{}.htm
卫浴厂家,皂液器,http://www.jiancai365.cn/ypvlist_1201_p{}.htm
卫浴厂家,干手机,http://www.jiancai365.cn/ypvlist_867_p{}.htm
卫浴厂家,浴霸,http://www.jiancai365.cn/ypvlist_8_p{}.htm
卫浴厂家,感应洁具,http://www.jiancai365.cn/ypvlist_859_p{}.htm
卫浴厂家,小便感应器,http://www.jiancai365.cn/ypvlist_1324_p{}.htm
卫浴厂家,整体卫浴,http://www.jiancai365.cn/ypvlist_760_p{}.htm
卫浴厂家,卫浴配件,http://www.jiancai365.cn/ypvlist_5_p{}.htm
卫浴厂家,地漏,http://www.jiancai365.cn/ypvlist_896_p{}.htm
卫浴厂家,浴室镜,http://www.jiancai365.cn/ypvlist_1101_p{}.htm
砖瓦厂家,瓷砖,http://www.jiancai365.cn/ypvlist_944_p{}.htm
砖瓦厂家,地板砖,http://www.jiancai365.cn/ypvlist_849_p{}.htm
砖瓦厂家,马赛克,http://www.jiancai365.cn/ypvlist_61_p{}.htm
砖瓦厂家,玻化砖,http://www.jiancai365.cn/ypvlist_57_p{}.htm
砖瓦厂家,抛晶砖,http://www.jiancai365.cn/ypvlist_949_p{}.htm
砖瓦厂家,抛光砖,http://www.jiancai365.cn/ypvlist_52_p{}.htm
砖瓦厂家,釉面砖,http://www.jiancai365.cn/ypvlist_948_p{}.htm
砖瓦厂家,内墙砖,http://www.jiancai365.cn/ypvlist_50_p{}.htm
砖瓦厂家,外墙砖,http://www.jiancai365.cn/ypvlist_875_p{}.htm
砖瓦厂家,仿古砖,http://www.jiancai365.cn/ypvlist_62_p{}.htm
砖瓦厂家,植草砖,http://www.jiancai365.cn/ypvlist_1138_p{}.htm
砖瓦厂家,透水砖,http://www.jiancai365.cn/ypvlist_1139_p{}.htm
砖瓦厂家,烧结砖,http://www.jiancai365.cn/ypvlist_1251_p{}.htm
砖瓦厂家,踢脚线,http://www.jiancai365.cn/ypvlist_946_p{}.htm
砖瓦厂家,室外地砖,http://www.jiancai365.cn/ypvlist_845_p{}.htm
砖瓦厂家,陶瓷制品,http://www.jiancai365.cn/ypvlist_63_p{}.htm
砖瓦厂家,瓦,http://www.jiancai365.cn/ypvlist_864_p{}.htm
砖瓦厂家,树脂瓦,http://www.jiancai365.cn/ypvlist_1424_p{}.htm
砖瓦厂家,玻纤瓦,http://www.jiancai365.cn/ypvlist_1069_p{}.htm
砖瓦厂家,沥青瓦,http://www.jiancai365.cn/ypvlist_1070_p{}.htm
砖瓦厂家,琉璃瓦,http://www.jiancai365.cn/ypvlist_1049_p{}.htm
砖瓦厂家,耐火砖,http://www.jiancai365.cn/ypvlist_1308_p{}.htm
砖瓦厂家,腰线,http://www.jiancai365.cn/ypvlist_1309_p{}.htm
门窗厂家,实木门,http://www.jiancai365.cn/ypvlist_651_p{}.htm
门窗厂家,塑钢门窗,http://www.jiancai365.cn/ypvlist_649_p{}.htm
门窗厂家,铝合金门窗,http://www.jiancai365.cn/ypvlist_759_p{}.htm
门窗厂家,断桥铝门窗,http://www.jiancai365.cn/ypvlist_953_p{}.htm
门窗厂家,铝包木门窗,http://www.jiancai365.cn/ypvlist_1102_p{}.htm
门窗厂家,阳光房,http://www.jiancai365.cn/ypvlist_784_p{}.htm
门窗厂家,不锈钢门窗,http://www.jiancai365.cn/ypvlist_781_p{}.htm
门窗厂家,防盗门,http://www.jiancai365.cn/ypvlist_645_p{}.htm
门窗厂家,防盗窗,http://www.jiancai365.cn/ypvlist_1096_p{}.htm
门窗厂家,防护网,http://www.jiancai365.cn/ypvlist_955_p{}.htm
门窗厂家,实木复合门,http://www.jiancai365.cn/ypvlist_728_p{}.htm
门窗厂家,隔音窗,http://www.jiancai365.cn/ypvlist_897_p{}.htm
门窗厂家,PVC门,http://www.jiancai365.cn/ypvlist_952_p{}.htm
门窗厂家,折叠门,http://www.jiancai365.cn/ypvlist_1215_p{}.htm
门窗厂家,推拉门,http://www.jiancai365.cn/ypvlist_1153_p{}.htm
门窗厂家,隔断门,http://www.jiancai365.cn/ypvlist_1063_p{}.htm
门窗厂家,高分子门,http://www.jiancai365.cn/ypvlist_957_p{}.htm
门窗厂家,免漆门,http://www.jiancai365.cn/ypvlist_958_p{}.htm
门窗厂家,烤漆门,http://www.jiancai365.cn/ypvlist_959_p{}.htm
门窗厂家,无框阳台窗,http://www.jiancai365.cn/ypvlist_670_p{}.htm
门窗厂家,百叶窗,http://www.jiancai365.cn/ypvlist_785_p{}.htm
门窗厂家,钢木门,http://www.jiancai365.cn/ypvlist_866_p{}.htm
门窗厂家,木塑门,http://www.jiancai365.cn/ypvlist_851_p{}.htm
门窗厂家,生态门,http://www.jiancai365.cn/ypvlist_954_p{}.htm
门窗厂家,玻璃门,http://www.jiancai365.cn/ypvlist_782_p{}.htm
门窗厂家,自动门,http://www.jiancai365.cn/ypvlist_646_p{}.htm
门窗厂家,旋转门,http://www.jiancai365.cn/ypvlist_956_p{}.htm
门窗厂家,伸缩门,http://www.jiancai365.cn/ypvlist_616_p{}.htm
门窗厂家,开门机,http://www.jiancai365.cn/ypvlist_1278_p{}.htm
门窗厂家,铜门,http://www.jiancai365.cn/ypvlist_844_p{}.htm
门窗厂家,铁艺大门,http://www.jiancai365.cn/ypvlist_843_p{}.htm
门窗厂家,铸铝门,http://www.jiancai365.cn/ypvlist_1327_p{}.htm
门窗厂家,卷帘门,http://www.jiancai365.cn/ypvlist_647_p{}.htm
门窗厂家,车库门,http://www.jiancai365.cn/ypvlist_648_p{}.htm
门窗厂家,阳台护栏,http://www.jiancai365.cn/ypvlist_934_p{}.htm
门窗厂家,工业门,http://www.jiancai365.cn/ypvlist_927_p{}.htm
门窗厂家,快速门,http://www.jiancai365.cn/ypvlist_1154_p{}.htm
门窗厂家,门窗配件,http://www.jiancai365.cn/ypvlist_650_p{}.htm
门窗厂家,开窗器,http://www.jiancai365.cn/ypvlist_1118_p{}.htm
门窗厂家,闭门器,http://www.jiancai365.cn/ypvlist_1119_p{}.htm
门窗厂家,地弹簧,http://www.jiancai365.cn/ypvlist_1036_p{}.htm
门窗厂家,门窗型材,http://www.jiancai365.cn/ypvlist_951_p{}.htm
门窗厂家,天窗,http://www.jiancai365.cn/ypvlist_933_p{}.htm
门窗厂家,隐形纱窗,http://www.jiancai365.cn/ypvlist_865_p{}.htm
门窗厂家,门帘,http://www.jiancai365.cn/ypvlist_901_p{}.htm
门窗厂家,门花,http://www.jiancai365.cn/ypvlist_1310_p{}.htm
灯具厂家,灯饰,http://www.jiancai365.cn/ypvlist_290_p{}.htm
灯具厂家,日光灯,http://www.jiancai365.cn/ypvlist_962_p{}.htm
灯具厂家,LED球泡灯,http://www.jiancai365.cn/ypvlist_960_p{}.htm
灯具厂家,LED灯,http://www.jiancai365.cn/ypvlist_287_p{}.htm
灯具厂家,LED灯带,http://www.jiancai365.cn/ypvlist_1015_p{}.htm
灯具厂家,LED面板灯,http://www.jiancai365.cn/ypvlist_1014_p{}.htm
灯具厂家,格栅灯,http://www.jiancai365.cn/ypvlist_1016_p{}.htm
灯具厂家,感应灯,http://www.jiancai365.cn/ypvlist_969_p{}.htm
灯具厂家,筒灯,http://www.jiancai365.cn/ypvlist_1238_p{}.htm
灯具厂家,射灯,http://www.jiancai365.cn/ypvlist_967_p{}.htm
灯具厂家,轨道灯,http://www.jiancai365.cn/ypvlist_1326_p{}.htm
灯具厂家,LED天花灯,http://www.jiancai365.cn/ypvlist_966_p{}.htm
灯具厂家,数码管,http://www.jiancai365.cn/ypvlist_284_p{}.htm
灯具厂家,投光灯,http://www.jiancai365.cn/ypvlist_961_p{}.htm
灯具厂家,泛光灯,http://www.jiancai365.cn/ypvlist_963_p{}.htm
灯具厂家,洗墙灯,http://www.jiancai365.cn/ypvlist_965_p{}.htm
灯具厂家,地埋灯,http://www.jiancai365.cn/ypvlist_964_p{}.htm
灯具厂家,水底灯,http://www.jiancai365.cn/ypvlist_1068_p{}.htm
灯具厂家,景观灯,http://www.jiancai365.cn/ypvlist_289_p{}.htm
灯具厂家,吊灯,http://www.jiancai365.cn/ypvlist_808_p{}.htm
灯具厂家,水晶灯,http://www.jiancai365.cn/ypvlist_1410_p{}.htm
灯具厂家,壁灯,http://www.jiancai365.cn/ypvlist_880_p{}.htm
灯具厂家,台灯,http://www.jiancai365.cn/ypvlist_937_p{}.htm
灯具厂家,吸顶灯,http://www.jiancai365.cn/ypvlist_281_p{}.htm
灯具厂家,LED节能灯,http://www.jiancai365.cn/ypvlist_809_p{}.htm
灯具厂家,应急灯,http://www.jiancai365.cn/ypvlist_810_p{}.htm
灯具厂家,金卤灯,http://www.jiancai365.cn/ypvlist_1376_p{}.htm
灯具厂家,氙气灯,http://www.jiancai365.cn/ypvlist_1372_p{}.htm
灯具厂家,玉米灯,http://www.jiancai365.cn/ypvlist_1377_p{}.htm
灯具厂家,蜡烛灯,http://www.jiancai365.cn/ypvlist_1373_p{}.htm
灯具厂家,珠宝灯,http://www.jiancai365.cn/ypvlist_1374_p{}.htm
灯具厂家,探照灯,http://www.jiancai365.cn/ypvlist_1375_p{}.htm
灯具厂家,净化灯,http://www.jiancai365.cn/ypvlist_1296_p{}.htm
灯具厂家,灭蚊灯,http://www.jiancai365.cn/ypvlist_968_p{}.htm
灯具厂家,杀菌灯,http://www.jiancai365.cn/ypvlist_1384_p{}.htm
灯具厂家,草坪灯,http://www.jiancai365.cn/ypvlist_1038_p{}.htm
灯具厂家,庭院灯,http://www.jiancai365.cn/ypvlist_1039_p{}.htm
灯具厂家,舞台灯,http://www.jiancai365.cn/ypvlist_1279_p{}.htm
灯具厂家,隧道灯,http://www.jiancai365.cn/ypvlist_1237_p{}.htm
灯具厂家,工矿灯,http://www.jiancai365.cn/ypvlist_881_p{}.htm
灯具厂家,防爆灯,http://www.jiancai365.cn/ypvlist_1040_p{}.htm
灯具厂家,无极灯,http://www.jiancai365.cn/ypvlist_1239_p{}.htm
灯具厂家,航空障碍灯,http://www.jiancai365.cn/ypvlist_1325_p{}.htm
灯具厂家,路灯,http://www.jiancai365.cn/ypvlist_296_p{}.htm
灯具厂家,灯具配件,http://www.jiancai365.cn/ypvlist_297_p{}.htm
灯具厂家,手电筒,http://www.jiancai365.cn/ypvlist_1037_p{}.htm
灯具厂家,LED显示屏,http://www.jiancai365.cn/ypvlist_903_p{}.htm
灯具厂家,灯箱,http://www.jiancai365.cn/ypvlist_1213_p{}.htm
灯具厂家,电子镇流器,http://www.jiancai365.cn/ypvlist_1041_p{}.htm
灯具厂家,LED透镜,http://www.jiancai365.cn/ypvlist_1379_p{}.htm
灯具厂家,LED灯珠,http://www.jiancai365.cn/ypvlist_1380_p{}.htm
灯具厂家,LED灯杯,http://www.jiancai365.cn/ypvlist_1042_p{}.htm
灯具厂家,LED点光源,http://www.jiancai365.cn/ypvlist_1203_p{}.htm
灯具厂家,移动照明车,http://www.jiancai365.cn/ypvlist_1378_p{}.htm
灯具厂家,三防灯,http://www.jiancai365.cn/ypvlist_1381_p{}.htm
灯具厂家,LED树灯,http://www.jiancai365.cn/ypvlist_1382_p{}.htm
灯具厂家,安全出口指示灯,http://www.jiancai365.cn/ypvlist_1383_p{}.htm
家具厂家,床,http://www.jiancai365.cn/ypvlist_1035_p{}.htm
家具厂家,床垫,http://www.jiancai365.cn/ypvlist_1225_p{}.htm
家具厂家,沙发,http://www.jiancai365.cn/ypvlist_590_p{}.htm
家具厂家,茶几,http://www.jiancai365.cn/ypvlist_1150_p{}.htm
家具厂家,桌椅,http://www.jiancai365.cn/ypvlist_1034_p{}.htm
家具厂家,餐桌,http://www.jiancai365.cn/ypvlist_1227_p{}.htm
家具厂家,衣柜,http://www.jiancai365.cn/ypvlist_592_p{}.htm
家具厂家,橱柜,http://www.jiancai365.cn/ypvlist_144_p{}.htm
家具厂家,鞋柜,http://www.jiancai365.cn/ypvlist_1130_p{}.htm
家具厂家,酒柜,http://www.jiancai365.cn/ypvlist_1141_p{}.htm
家具厂家,实木家具,http://www.jiancai365.cn/ypvlist_587_p{}.htm
家具厂家,办公家具,http://www.jiancai365.cn/ypvlist_588_p{}.htm
家具厂家,酒店家具,http://www.jiancai365.cn/ypvlist_589_p{}.htm
家具厂家,民用家具,http://www.jiancai365.cn/ypvlist_924_p{}.htm
家具厂家,仿古家具,http://www.jiancai365.cn/ypvlist_591_p{}.htm
家具厂家,橱柜台面,http://www.jiancai365.cn/ypvlist_1033_p{}.htm
家具厂家,橱柜门板,http://www.jiancai365.cn/ypvlist_761_p{}.htm
楼梯厂家,实木楼梯,http://www.jiancai365.cn/ypvlist_701_p{}.htm
楼梯厂家,不锈钢楼梯,http://www.jiancai365.cn/ypvlist_699_p{}.htm
楼梯厂家,钢木楼梯,http://www.jiancai365.cn/ypvlist_700_p{}.htm
楼梯厂家,玻璃楼梯,http://www.jiancai365.cn/ypvlist_930_p{}.htm
楼梯厂家,铁艺楼梯,http://www.jiancai365.cn/ypvlist_702_p{}.htm
楼梯厂家,阁楼楼梯,http://www.jiancai365.cn/ypvlist_877_p{}.htm
楼梯厂家,旋转楼梯,http://www.jiancai365.cn/ypvlist_876_p{}.htm
楼梯厂家,楼梯立柱,http://www.jiancai365.cn/ypvlist_1013_p{}.htm
楼梯厂家,楼梯扶手,http://www.jiancai365.cn/ypvlist_1012_p{}.htm
楼梯厂家,楼梯配件,http://www.jiancai365.cn/ypvlist_703_p{}.htm
五金厂家,铰链,http://www.jiancai365.cn/ypvlist_970_p{}.htm
五金厂家,合页,http://www.jiancai365.cn/ypvlist_1123_p{}.htm
五金厂家,弹簧,http://www.jiancai365.cn/ypvlist_1407_p{}.htm
五金厂家,滑轨,http://www.jiancai365.cn/ypvlist_971_p{}.htm
五金厂家,滑轮,http://www.jiancai365.cn/ypvlist_1229_p{}.htm
五金厂家,脚轮,http://www.jiancai365.cn/ypvlist_1140_p{}.htm
五金厂家,扶手,http://www.jiancai365.cn/ypvlist_935_p{}.htm
五金厂家,拉手,http://www.jiancai365.cn/ypvlist_1270_p{}.htm
五金厂家,门吸,http://www.jiancai365.cn/ypvlist_1271_p{}.htm
五金厂家,轴承,http://www.jiancai365.cn/ypvlist_793_p{}.htm
五金厂家,联轴器,http://www.jiancai365.cn/ypvlist_1144_p{}.htm
五金厂家,刀具,http://www.jiancai365.cn/ypvlist_1423_p{}.htm
五金厂家,磨具,http://www.jiancai365.cn/ypvlist_1031_p{}.htm
五金厂家,砂纸,http://www.jiancai365.cn/ypvlist_1234_p{}.htm
五金厂家,砂轮,http://www.jiancai365.cn/ypvlist_1235_p{}.htm
五金厂家,切割片,http://www.jiancai365.cn/ypvlist_1236_p{}.htm
五金厂家,展柜,http://www.jiancai365.cn/ypvlist_1385_p{}.htm
五金厂家,展架,http://www.jiancai365.cn/ypvlist_1137_p{}.htm
五金厂家,货架,http://www.jiancai365.cn/ypvlist_861_p{}.htm
五金厂家,丝网,http://www.jiancai365.cn/ypvlist_862_p{}.htm
五金厂家,护栏网,http://www.jiancai365.cn/ypvlist_1103_p{}.htm
五金厂家,井盖,http://www.jiancai365.cn/ypvlist_973_p{}.htm
五金厂家,暖气片,http://www.jiancai365.cn/ypvlist_740_p{}.htm
五金厂家,置物架,http://www.jiancai365.cn/ypvlist_878_p{}.htm
五金厂家,信报箱,http://www.jiancai365.cn/ypvlist_1361_p{}.htm
五金厂家,紧固件,http://www.jiancai365.cn/ypvlist_835_p{}.htm
五金厂家,密封条,http://www.jiancai365.cn/ypvlist_1199_p{}.htm
五金厂家,密封件,http://www.jiancai365.cn/ypvlist_895_p{}.htm
五金厂家,减震器,http://www.jiancai365.cn/ypvlist_1124_p{}.htm
五金厂家,钢格板,http://www.jiancai365.cn/ypvlist_872_p{}.htm
五金厂家,旗杆,http://www.jiancai365.cn/ypvlist_1403_p{}.htm
五金厂家,毛刷,http://www.jiancai365.cn/ypvlist_1342_p{}.htm
五金厂家,托辊,http://www.jiancai365.cn/ypvlist_1343_p{}.htm
五金厂家,磁性材料,http://www.jiancai365.cn/ypvlist_874_p{}.htm
五金厂家,五金工具,http://www.jiancai365.cn/ypvlist_894_p{}.htm
五金厂家,五金配件,http://www.jiancai365.cn/ypvlist_272_p{}.htm
五金厂家,五金制品,http://www.jiancai365.cn/ypvlist_277_p{}.htm
五金厂家,建筑五金,http://www.jiancai365.cn/ypvlist_276_p{}.htm
五金厂家,建筑模具,http://www.jiancai365.cn/ypvlist_1405_p{}.htm
玻璃厂家,钢化玻璃,http://www.jiancai365.cn/ypvlist_612_p{}.htm
玻璃厂家,夹胶玻璃,http://www.jiancai365.cn/ypvlist_1421_p{}.htm
玻璃厂家,夹层玻璃,http://www.jiancai365.cn/ypvlist_609_p{}.htm
玻璃厂家,防火玻璃,http://www.jiancai365.cn/ypvlist_799_p{}.htm
玻璃厂家,中空玻璃,http://www.jiancai365.cn/ypvlist_800_p{}.htm
玻璃厂家,艺术玻璃,http://www.jiancai365.cn/ypvlist_611_p{}.htm
玻璃厂家,玻璃马赛克,http://www.jiancai365.cn/ypvlist_1207_p{}.htm
玻璃厂家,单向透视玻璃,http://www.jiancai365.cn/ypvlist_1018_p{}.htm
玻璃厂家,调光玻璃,http://www.jiancai365.cn/ypvlist_1017_p{}.htm
玻璃厂家,镀膜玻璃,http://www.jiancai365.cn/ypvlist_608_p{}.htm
玻璃厂家,玻璃贴膜,http://www.jiancai365.cn/ypvlist_797_p{}.htm
玻璃厂家,玻璃制品,http://www.jiancai365.cn/ypvlist_745_p{}.htm
玻璃厂家,浮法玻璃,http://www.jiancai365.cn/ypvlist_614_p{}.htm
玻璃厂家,防弹玻璃,http://www.jiancai365.cn/ypvlist_1043_p{}.htm
玻璃厂家,玻璃耗材,http://www.jiancai365.cn/ypvlist_1044_p{}.htm
玻璃厂家,超白玻璃,http://www.jiancai365.cn/ypvlist_1045_p{}.htm
玻璃厂家,热弯玻璃,http://www.jiancai365.cn/ypvlist_1046_p{}.htm
玻璃厂家,玻璃护角,http://www.jiancai365.cn/ypvlist_1047_p{}.htm
玻璃厂家,特种玻璃,http://www.jiancai365.cn/ypvlist_1048_p{}.htm
玻璃厂家,普通玻璃,http://www.jiancai365.cn/ypvlist_607_p{}.htm
玻璃厂家,超薄玻璃,http://www.jiancai365.cn/ypvlist_1050_p{}.htm
玻璃厂家,镜子,http://www.jiancai365.cn/ypvlist_1051_p{}.htm
玻璃厂家,玻璃砖,http://www.jiancai365.cn/ypvlist_1052_p{}.htm
厨具厂家,集成灶,http://www.jiancai365.cn/ypvlist_1148_p{}.htm
厨具厂家,燃气灶,http://www.jiancai365.cn/ypvlist_140_p{}.htm
厨具厂家,油烟机,http://www.jiancai365.cn/ypvlist_141_p{}.htm
厨具厂家,洗碗机,http://www.jiancai365.cn/ypvlist_583_p{}.htm
厨具厂家,电磁炉,http://www.jiancai365.cn/ypvlist_1216_p{}.htm
厨具厂家,餐具,http://www.jiancai365.cn/ypvlist_1422_p{}.htm
厨具厂家,灶具,http://www.jiancai365.cn/ypvlist_142_p{}.htm
厨具厂家,水槽,http://www.jiancai365.cn/ypvlist_857_p{}.htm
厨具厂家,消毒柜,http://www.jiancai365.cn/ypvlist_143_p{}.htm
厨具厂家,微波炉,http://www.jiancai365.cn/ypvlist_1316_p{}.htm
厨具厂家,豆浆机,http://www.jiancai365.cn/ypvlist_1317_p{}.htm
厨具厂家,烤箱,http://www.jiancai365.cn/ypvlist_139_p{}.htm
厨具厂家,厨房设备,http://www.jiancai365.cn/ypvlist_145_p{}.htm
厨具厂家,垃圾处理器,http://www.jiancai365.cn/ypvlist_1217_p{}.htm
厨具厂家,整体厨房,http://www.jiancai365.cn/ypvlist_762_p{}.htm
锁具厂家,酒店锁,http://www.jiancai365.cn/ypvlist_1232_p{}.htm
锁具厂家,感应锁,http://www.jiancai365.cn/ypvlist_976_p{}.htm
锁具厂家,磁力锁,http://www.jiancai365.cn/ypvlist_1393_p{}.htm
锁具厂家,电子锁,http://www.jiancai365.cn/ypvlist_742_p{}.htm
锁具厂家,密码锁,http://www.jiancai365.cn/ypvlist_268_p{}.htm
锁具厂家,指纹锁,http://www.jiancai365.cn/ypvlist_747_p{}.htm
锁具厂家,保险柜,http://www.jiancai365.cn/ypvlist_263_p{}.htm
锁具厂家,门锁,http://www.jiancai365.cn/ypvlist_269_p{}.htm
锁具厂家,挂锁,http://www.jiancai365.cn/ypvlist_1233_p{}.htm
锁具厂家,抽屉锁,http://www.jiancai365.cn/ypvlist_1401_p{}.htm
锁具厂家,车位锁,http://www.jiancai365.cn/ypvlist_911_p{}.htm
锁具厂家,车轮锁,http://www.jiancai365.cn/ypvlist_1400_p{}.htm
空调厂家,风幕机,http://www.jiancai365.cn/ypvlist_1186_p{}.htm
空调厂家,新风换气机,http://www.jiancai365.cn/ypvlist_1185_p{}.htm
空调厂家,空气净化器,http://www.jiancai365.cn/ypvlist_815_p{}.htm
空调厂家,通风设备,http://www.jiancai365.cn/ypvlist_783_p{}.htm
空调厂家,换气扇,http://www.jiancai365.cn/ypvlist_1222_p{}.htm
空调厂家,中央空调,http://www.jiancai365.cn/ypvlist_1224_p{}.htm
空调厂家,家用空调,http://www.jiancai365.cn/ypvlist_219_p{}.htm
空调厂家,商用空调,http://www.jiancai365.cn/ypvlist_221_p{}.htm
空调厂家,空调设备,http://www.jiancai365.cn/ypvlist_201_p{}.htm
空调厂家,空调配件,http://www.jiancai365.cn/ypvlist_203_p{}.htm
空调厂家,风机,http://www.jiancai365.cn/ypvlist_812_p{}.htm
空调厂家,离心风机,http://www.jiancai365.cn/ypvlist_1267_p{}.htm
空调厂家,轴流风机,http://www.jiancai365.cn/ypvlist_1265_p{}.htm
空调厂家,屋顶风机,http://www.jiancai365.cn/ypvlist_1264_p{}.htm
空调厂家,风机盘管,http://www.jiancai365.cn/ypvlist_1268_p{}.htm
空调厂家,风管,http://www.jiancai365.cn/ypvlist_813_p{}.htm
窗帘厂家,布艺窗帘,http://www.jiancai365.cn/ypvlist_775_p{}.htm
窗帘厂家,电动窗帘,http://www.jiancai365.cn/ypvlist_654_p{}.htm
窗帘厂家,百叶窗帘,http://www.jiancai365.cn/ypvlist_776_p{}.htm
窗帘厂家,遮阳篷,http://www.jiancai365.cn/ypvlist_653_p{}.htm
窗帘厂家,卷帘,http://www.jiancai365.cn/ypvlist_900_p{}.htm
窗帘厂家,窗帘配件,http://www.jiancai365.cn/ypvlist_655_p{}.htm
园艺厂家,花草,http://www.jiancai365.cn/ypvlist_977_p{}.htm
园艺厂家,人造草,http://www.jiancai365.cn/ypvlist_1336_p{}.htm
园艺厂家,假山,http://www.jiancai365.cn/ypvlist_978_p{}.htm
园艺厂家,喷泉,http://www.jiancai365.cn/ypvlist_1413_p{}.htm
园艺厂家,雕塑,http://www.jiancai365.cn/ypvlist_979_p{}.htm
园艺厂家,凉亭,http://www.jiancai365.cn/ypvlist_981_p{}.htm
园艺厂家,木屋,http://www.jiancai365.cn/ypvlist_980_p{}.htm
园艺厂家,垃圾桶,http://www.jiancai365.cn/ypvlist_1177_p{}.htm
园艺厂家,花箱,http://www.jiancai365.cn/ypvlist_1328_p{}.htm
园艺厂家,仿真茅草,http://www.jiancai365.cn/ypvlist_1347_p{}.htm
园艺厂家,园艺护栏,http://www.jiancai365.cn/ypvlist_982_p{}.htm
园艺厂家,园林设施,http://www.jiancai365.cn/ypvlist_660_p{}.htm
园艺厂家,健身器材,http://www.jiancai365.cn/ypvlist_1210_p{}.htm
安防厂家,门禁,http://www.jiancai365.cn/ypvlist_621_p{}.htm
安防厂家,考勤机,http://www.jiancai365.cn/ypvlist_1179_p{}.htm
安防厂家,对讲机,http://www.jiancai365.cn/ypvlist_1313_p{}.htm
安防厂家,防盗报警器,http://www.jiancai365.cn/ypvlist_625_p{}.htm
安防厂家,监控系统,http://www.jiancai365.cn/ypvlist_623_p{}.htm
安防厂家,电子围栏,http://www.jiancai365.cn/ypvlist_1297_p{}.htm
安防厂家,门铃,http://www.jiancai365.cn/ypvlist_1272_p{}.htm
安防厂家,工业监控,http://www.jiancai365.cn/ypvlist_912_p{}.htm
安防厂家,交通设施,http://www.jiancai365.cn/ypvlist_925_p{}.htm
安防厂家,交通护栏,http://www.jiancai365.cn/ypvlist_1425_p{}.htm
安防厂家,路障,http://www.jiancai365.cn/ypvlist_1395_p{}.htm
安防厂家,安全标志牌,http://www.jiancai365.cn/ypvlist_1396_p{}.htm
安防厂家,交通信号灯,http://www.jiancai365.cn/ypvlist_1397_p{}.htm
安防厂家,警示柱,http://www.jiancai365.cn/ypvlist_1398_p{}.htm
安防厂家,反光标识,http://www.jiancai365.cn/ypvlist_1399_p{}.htm
安防厂家,指纹识别,http://www.jiancai365.cn/ypvlist_1386_p{}.htm
安防厂家,电子巡更系统,http://www.jiancai365.cn/ypvlist_1387_p{}.htm
安防厂家,读卡器,http://www.jiancai365.cn/ypvlist_1388_p{}.htm
安防厂家,停车场系统,http://www.jiancai365.cn/ypvlist_1389_p{}.htm
安防厂家,消费机,http://www.jiancai365.cn/ypvlist_1390_p{}.htm
安防厂家,灭火剂,http://www.jiancai365.cn/ypvlist_1391_p{}.htm
安防厂家,道闸,http://www.jiancai365.cn/ypvlist_1178_p{}.htm
安防厂家,翼闸,http://www.jiancai365.cn/ypvlist_1269_p{}.htm
安防厂家,摆闸,http://www.jiancai365.cn/ypvlist_1417_p{}.htm
安防厂家,三辊闸,http://www.jiancai365.cn/ypvlist_1418_p{}.htm
安防厂家,减速带,http://www.jiancai365.cn/ypvlist_1180_p{}.htm
安防厂家,挡车器,http://www.jiancai365.cn/ypvlist_1394_p{}.htm
安防厂家,安检门,http://www.jiancai365.cn/ypvlist_983_p{}.htm
安防厂家,金属探测器,http://www.jiancai365.cn/ypvlist_1392_p{}.htm
安防厂家,防护,http://www.jiancai365.cn/ypvlist_622_p{}.htm
安防厂家,安全网,http://www.jiancai365.cn/ypvlist_1181_p{}.htm
安防厂家,消防器材,http://www.jiancai365.cn/ypvlist_744_p{}.htm
安防厂家,灭火器,http://www.jiancai365.cn/ypvlist_1183_p{}.htm
安防厂家,火灾报警器,http://www.jiancai365.cn/ypvlist_985_p{}.htm
安防厂家,气体检测仪,http://www.jiancai365.cn/ypvlist_1254_p{}.htm
安防厂家,静电消除器,http://www.jiancai365.cn/ypvlist_1318_p{}.htm
安防厂家,消防通道锁,http://www.jiancai365.cn/ypvlist_984_p{}.htm
安防厂家,防雷器,http://www.jiancai365.cn/ypvlist_1245_p{}.htm
钢材厂家,不锈钢,http://www.jiancai365.cn/ypvlist_635_p{}.htm
钢材厂家,模具钢,http://www.jiancai365.cn/ypvlist_989_p{}.htm
钢材厂家,弹簧钢,http://www.jiancai365.cn/ypvlist_1276_p{}.htm
钢材厂家,螺纹钢,http://www.jiancai365.cn/ypvlist_637_p{}.htm
钢材厂家,镀锌管,http://www.jiancai365.cn/ypvlist_1010_p{}.htm
钢材厂家,镀锌板,http://www.jiancai365.cn/ypvlist_1110_p{}.htm
钢材厂家,钢管,http://www.jiancai365.cn/ypvlist_780_p{}.htm
钢材厂家,合金管,http://www.jiancai365.cn/ypvlist_1197_p{}.htm
钢材厂家,钢板,http://www.jiancai365.cn/ypvlist_806_p{}.htm
钢材厂家,型钢,http://www.jiancai365.cn/ypvlist_794_p{}.htm
钢材厂家,工字钢,http://www.jiancai365.cn/ypvlist_1109_p{}.htm
钢材厂家,H型钢,http://www.jiancai365.cn/ypvlist_1108_p{}.htm
钢材厂家,槽钢,http://www.jiancai365.cn/ypvlist_795_p{}.htm
钢材厂家,钢卷,http://www.jiancai365.cn/ypvlist_1032_p{}.htm
钢材厂家,带钢,http://www.jiancai365.cn/ypvlist_986_p{}.htm
钢材厂家,圆钢,http://www.jiancai365.cn/ypvlist_988_p{}.htm
钢材厂家,角钢,http://www.jiancai365.cn/ypvlist_634_p{}.htm
钢材厂家,扁钢,http://www.jiancai365.cn/ypvlist_638_p{}.htm
钢材厂家,方钢,http://www.jiancai365.cn/ypvlist_991_p{}.htm
钢材厂家,线材,http://www.jiancai365.cn/ypvlist_796_p{}.htm
钢材厂家,钢纤维,http://www.jiancai365.cn/ypvlist_1192_p{}.htm
钢材厂家,铜材,http://www.jiancai365.cn/ypvlist_990_p{}.htm
铝材厂家,铝型材,http://www.jiancai365.cn/ypvlist_674_p{}.htm
铝材厂家,铝材,http://www.jiancai365.cn/ypvlist_1003_p{}.htm
铝材厂家,铝板,http://www.jiancai365.cn/ypvlist_1001_p{}.htm
铝材厂家,铝棒,http://www.jiancai365.cn/ypvlist_1002_p{}.htm
管材厂家,pvc管,http://www.jiancai365.cn/ypvlist_1196_p{}.htm
管材厂家,ppr管,http://www.jiancai365.cn/ypvlist_1195_p{}.htm
管材厂家,pe管,http://www.jiancai365.cn/ypvlist_1194_p{}.htm
管材厂家,地暖管,http://www.jiancai365.cn/ypvlist_1198_p{}.htm
管材厂家,金属管,http://www.jiancai365.cn/ypvlist_643_p{}.htm
管材厂家,球墨铸铁管,http://www.jiancai365.cn/ypvlist_1290_p{}.htm
管材厂家,塑料管,http://www.jiancai365.cn/ypvlist_644_p{}.htm
管材厂家,波纹管,http://www.jiancai365.cn/ypvlist_1066_p{}.htm
管材厂家,补偿器,http://www.jiancai365.cn/ypvlist_1067_p{}.htm
管材厂家,复合管,http://www.jiancai365.cn/ypvlist_750_p{}.htm
管材厂家,水泥管,http://www.jiancai365.cn/ypvlist_1006_p{}.htm
管材厂家,管道,http://www.jiancai365.cn/ypvlist_814_p{}.htm
管件厂家,管件,http://www.jiancai365.cn/ypvlist_641_p{}.htm
管件厂家,法兰,http://www.jiancai365.cn/ypvlist_788_p{}.htm
管件厂家,三通,http://www.jiancai365.cn/ypvlist_787_p{}.htm
管件厂家,弯头,http://www.jiancai365.cn/ypvlist_786_p{}.htm
管件厂家,接头,http://www.jiancai365.cn/ypvlist_1005_p{}.htm
管件厂家,软管,http://www.jiancai365.cn/ypvlist_1004_p{}.htm
管件厂家,分水器,http://www.jiancai365.cn/ypvlist_1193_p{}.htm
管件厂家,防水套管,http://www.jiancai365.cn/ypvlist_1136_p{}.htm
管件厂家,落水系统,http://www.jiancai365.cn/ypvlist_1011_p{}.htm
管件厂家,检查井,http://www.jiancai365.cn/ypvlist_1329_p{}.htm
阀门厂家,球阀,http://www.jiancai365.cn/ypvlist_627_p{}.htm
阀门厂家,闸阀,http://www.jiancai365.cn/ypvlist_734_p{}.htm
阀门厂家,蝶阀,http://www.jiancai365.cn/ypvlist_736_p{}.htm
阀门厂家,角阀,http://www.jiancai365.cn/ypvlist_882_p{}.htm
阀门厂家,调节阀,http://www.jiancai365.cn/ypvlist_936_p{}.htm
阀门厂家,疏水阀,http://www.jiancai365.cn/ypvlist_1007_p{}.htm
阀门厂家,温控阀,http://www.jiancai365.cn/ypvlist_737_p{}.htm
阀门厂家,减压阀,http://www.jiancai365.cn/ypvlist_818_p{}.htm
阀门厂家,截止阀,http://www.jiancai365.cn/ypvlist_735_p{}.htm
阀门厂家,止回阀,http://www.jiancai365.cn/ypvlist_915_p{}.htm
阀门厂家,平衡阀,http://www.jiancai365.cn/ypvlist_916_p{}.htm
阀门厂家,安全阀,http://www.jiancai365.cn/ypvlist_626_p{}.htm
阀门厂家,隔膜阀,http://www.jiancai365.cn/ypvlist_746_p{}.htm
阀门厂家,控制阀,http://www.jiancai365.cn/ypvlist_1092_p{}.htm
阀门厂家,排气阀,http://www.jiancai365.cn/ypvlist_1093_p{}.htm
阀门厂家,换向阀,http://www.jiancai365.cn/ypvlist_1094_p{}.htm
阀门厂家,放料阀,http://www.jiancai365.cn/ypvlist_1404_p{}.htm
阀门厂家,电磁阀,http://www.jiancai365.cn/ypvlist_805_p{}.htm
阀门厂家,气缸,http://www.jiancai365.cn/ypvlist_1184_p{}.htm
阀门厂家,底阀,http://www.jiancai365.cn/ypvlist_1095_p{}.htm
阀门厂家,执行器,http://www.jiancai365.cn/ypvlist_1089_p{}.htm
阀门厂家,呼吸阀,http://www.jiancai365.cn/ypvlist_1097_p{}.htm
阀门厂家,阻火器,http://www.jiancai365.cn/ypvlist_1098_p{}.htm
阀门厂家,过滤器,http://www.jiancai365.cn/ypvlist_1099_p{}.htm
阀门厂家,电动阀门,http://www.jiancai365.cn/ypvlist_1408_p{}.htm
阀门厂家,气动阀门,http://www.jiancai365.cn/ypvlist_1409_p{}.htm
泵厂家,离心泵,http://www.jiancai365.cn/ypvlist_1077_p{}.htm
泵厂家,真空泵,http://www.jiancai365.cn/ypvlist_1076_p{}.htm
泵厂家,隔膜泵,http://www.jiancai365.cn/ypvlist_1071_p{}.htm
泵厂家,液压泵,http://www.jiancai365.cn/ypvlist_1085_p{}.htm
泵厂家,叶片泵,http://www.jiancai365.cn/ypvlist_1090_p{}.htm
泵厂家,增压泵,http://www.jiancai365.cn/ypvlist_1083_p{}.htm
泵厂家,螺杆泵,http://www.jiancai365.cn/ypvlist_1087_p{}.htm
泵厂家,循环泵,http://www.jiancai365.cn/ypvlist_1086_p{}.htm
泵厂家,消防泵,http://www.jiancai365.cn/ypvlist_1084_p{}.htm
泵厂家,管道泵,http://www.jiancai365.cn/ypvlist_1082_p{}.htm
泵厂家,潜水泵,http://www.jiancai365.cn/ypvlist_1081_p{}.htm
泵厂家,磁力泵,http://www.jiancai365.cn/ypvlist_1080_p{}.htm
泵厂家,齿轮泵,http://www.jiancai365.cn/ypvlist_1079_p{}.htm
泵厂家,排污泵,http://www.jiancai365.cn/ypvlist_1078_p{}.htm
泵厂家,柱塞泵,http://www.jiancai365.cn/ypvlist_1073_p{}.htm
泵厂家,计量泵,http://www.jiancai365.cn/ypvlist_1074_p{}.htm
泵厂家,输送泵,http://www.jiancai365.cn/ypvlist_1091_p{}.htm
泵厂家,化工泵,http://www.jiancai365.cn/ypvlist_1088_p{}.htm
泵厂家,插桶泵,http://www.jiancai365.cn/ypvlist_1075_p{}.htm
泵厂家,油泵,http://www.jiancai365.cn/ypvlist_1072_p{}.htm
泵厂家,水泵,http://www.jiancai365.cn/ypvlist_749_p{}.htm
泵厂家,污水提升器,http://www.jiancai365.cn/ypvlist_1298_p{}.htm
板材厂家,实木板,http://www.jiancai365.cn/ypvlist_771_p{}.htm
板材厂家,胶合板,http://www.jiancai365.cn/ypvlist_604_p{}.htm
板材厂家,刨花板,http://www.jiancai365.cn/ypvlist_906_p{}.htm
板材厂家,密度板,http://www.jiancai365.cn/ypvlist_905_p{}.htm
板材厂家,细木工板,http://www.jiancai365.cn/ypvlist_926_p{}.htm
板材厂家,饰面板,http://www.jiancai365.cn/ypvlist_1212_p{}.htm
板材厂家,指接板,http://www.jiancai365.cn/ypvlist_1152_p{}.htm
板材厂家,集成材,http://www.jiancai365.cn/ypvlist_773_p{}.htm
板材厂家,uv板,http://www.jiancai365.cn/ypvlist_1206_p{}.htm
板材厂家,防火板,http://www.jiancai365.cn/ypvlist_603_p{}.htm
板材厂家,保温板,http://www.jiancai365.cn/ypvlist_922_p{}.htm
板材厂家,吸音板,http://www.jiancai365.cn/ypvlist_819_p{}.htm
板材厂家,水泥板,http://www.jiancai365.cn/ypvlist_846_p{}.htm
板材厂家,装饰板,http://www.jiancai365.cn/ypvlist_605_p{}.htm
板材厂家,生态木,http://www.jiancai365.cn/ypvlist_1019_p{}.htm
板材厂家,建筑模板,http://www.jiancai365.cn/ypvlist_606_p{}.htm
石材厂家,大理石,http://www.jiancai365.cn/ypvlist_664_p{}.htm
石材厂家,花岗岩,http://www.jiancai365.cn/ypvlist_665_p{}.htm
石材厂家,景观石,http://www.jiancai365.cn/ypvlist_1315_p{}.htm
石材厂家,文化石,http://www.jiancai365.cn/ypvlist_996_p{}.htm
石材厂家,人造石,http://www.jiancai365.cn/ypvlist_662_p{}.htm
石材厂家,透光石,http://www.jiancai365.cn/ypvlist_1157_p{}.htm
石材厂家,微晶石,http://www.jiancai365.cn/ypvlist_1156_p{}.htm
石材厂家,石英石,http://www.jiancai365.cn/ypvlist_907_p{}.htm
石材厂家,石英砂,http://www.jiancai365.cn/ypvlist_883_p{}.htm
石材厂家,鹅卵石,http://www.jiancai365.cn/ypvlist_997_p{}.htm
石材厂家,石雕,http://www.jiancai365.cn/ypvlist_661_p{}.htm
石材厂家,砂岩,http://www.jiancai365.cn/ypvlist_811_p{}.htm
石材厂家,板岩,http://www.jiancai365.cn/ypvlist_1220_p{}.htm
石材厂家,石材养护,http://www.jiancai365.cn/ypvlist_666_p{}.htm
石材厂家,石材装饰,http://www.jiancai365.cn/ypvlist_719_p{}.htm
塑料厂家,塑料板,http://www.jiancai365.cn/ypvlist_904_p{}.htm
塑料厂家,亚克力板,http://www.jiancai365.cn/ypvlist_610_p{}.htm
塑料厂家,塑料制品,http://www.jiancai365.cn/ypvlist_732_p{}.htm
塑料厂家,橡胶制品,http://www.jiancai365.cn/ypvlist_1009_p{}.htm
塑料厂家,橡胶支座,http://www.jiancai365.cn/ypvlist_1209_p{}.htm
塑料厂家,塑料原料,http://www.jiancai365.cn/ypvlist_729_p{}.htm
塑料厂家,塑料机械,http://www.jiancai365.cn/ypvlist_731_p{}.htm
水泥厂家,水泥,http://www.jiancai365.cn/ypvlist_669_p{}.htm
水泥厂家,GRC构件,http://www.jiancai365.cn/ypvlist_1146_p{}.htm
水泥厂家,EPS构件,http://www.jiancai365.cn/ypvlist_1147_p{}.htm
水泥厂家,水泥制品,http://www.jiancai365.cn/ypvlist_834_p{}.htm
水泥厂家,混凝土制品,http://www.jiancai365.cn/ypvlist_668_p{}.htm
水泥厂家,水泥设备,http://www.jiancai365.cn/ypvlist_743_p{}.htm
水泥厂家,水泥自流平,http://www.jiancai365.cn/ypvlist_792_p{}.htm
吊顶厂家,天花板,http://www.jiancai365.cn/ypvlist_133_p{}.htm
吊顶厂家,铝扣板,http://www.jiancai365.cn/ypvlist_1168_p{}.htm
吊顶厂家,阳光板,http://www.jiancai365.cn/ypvlist_131_p{}.htm
吊顶厂家,采光板,http://www.jiancai365.cn/ypvlist_1029_p{}.htm
吊顶厂家,耐力板,http://www.jiancai365.cn/ypvlist_871_p{}.htm
吊顶厂家,石膏板,http://www.jiancai365.cn/ypvlist_821_p{}.htm
吊顶厂家,石膏线,http://www.jiancai365.cn/ypvlist_950_p{}.htm
吊顶厂家,矿棉板,http://www.jiancai365.cn/ypvlist_975_p{}.htm
吊顶厂家,集成吊顶,http://www.jiancai365.cn/ypvlist_774_p{}.htm
吊顶厂家,软膜天花,http://www.jiancai365.cn/ypvlist_914_p{}.htm
吊顶厂家,龙骨,http://www.jiancai365.cn/ypvlist_136_p{}.htm
隔断厂家,办公隔断,http://www.jiancai365.cn/ypvlist_801_p{}.htm
隔断厂家,玻璃隔断,http://www.jiancai365.cn/ypvlist_1060_p{}.htm
隔断厂家,活动隔断,http://www.jiancai365.cn/ypvlist_1061_p{}.htm
隔断厂家,隔断墙,http://www.jiancai365.cn/ypvlist_1062_p{}.htm
隔断厂家,卫生间隔断,http://www.jiancai365.cn/ypvlist_802_p{}.htm
防水厂家,防水材料,http://www.jiancai365.cn/ypvlist_596_p{}.htm
防水厂家,防水卷材,http://www.jiancai365.cn/ypvlist_593_p{}.htm
防水厂家,防水毯,http://www.jiancai365.cn/ypvlist_1300_p{}.htm
防水厂家,止水条,http://www.jiancai365.cn/ypvlist_995_p{}.htm
防水厂家,排水板,http://www.jiancai365.cn/ypvlist_595_p{}.htm
防水厂家,防水剂,http://www.jiancai365.cn/ypvlist_1135_p{}.htm
防水厂家,堵漏剂,http://www.jiancai365.cn/ypvlist_1277_p{}.htm
防水厂家,土工格栅,http://www.jiancai365.cn/ypvlist_1132_p{}.htm
防水厂家,土工布,http://www.jiancai365.cn/ypvlist_1133_p{}.htm
防水厂家,土工膜,http://www.jiancai365.cn/ypvlist_1134_p{}.htm
防水厂家,注浆泵,http://www.jiancai365.cn/ypvlist_741_p{}.htm
电梯厂家,客梯,http://www.jiancai365.cn/ypvlist_620_p{}.htm
电梯厂家,货梯,http://www.jiancai365.cn/ypvlist_619_p{}.htm
电梯厂家,扶梯,http://www.jiancai365.cn/ypvlist_618_p{}.htm
电梯厂家,观光电梯,http://www.jiancai365.cn/ypvlist_1305_p{}.htm
电梯厂家,电梯配件,http://www.jiancai365.cn/ypvlist_837_p{}.htm
电气厂家,电源,http://www.jiancai365.cn/ypvlist_766_p{}.htm
电气厂家,电机,http://www.jiancai365.cn/ypvlist_629_p{}.htm
电气厂家,减速机,http://www.jiancai365.cn/ypvlist_1008_p{}.htm
电气厂家,变压器,http://www.jiancai365.cn/ypvlist_739_p{}.htm
电气厂家,开关柜,http://www.jiancai365.cn/ypvlist_1218_p{}.htm
电气厂家,变频器,http://www.jiancai365.cn/ypvlist_738_p{}.htm
电气厂家,PLC,http://www.jiancai365.cn/ypvlist_1263_p{}.htm
电气厂家,继电器,http://www.jiancai365.cn/ypvlist_1054_p{}.htm
电气厂家,断路器,http://www.jiancai365.cn/ypvlist_1053_p{}.htm
电气厂家,换热器,http://www.jiancai365.cn/ypvlist_869_p{}.htm
电气厂家,温控器,http://www.jiancai365.cn/ypvlist_817_p{}.htm
电气厂家,发电机,http://www.jiancai365.cn/ypvlist_1142_p{}.htm
电气厂家,电力设备,http://www.jiancai365.cn/ypvlist_630_p{}.htm
电气厂家,制冷设备,http://www.jiancai365.cn/ypvlist_841_p{}.htm
电气厂家,冷水机,http://www.jiancai365.cn/ypvlist_1163_p{}.htm
电气厂家,供暖设备,http://www.jiancai365.cn/ypvlist_840_p{}.htm
电气厂家,暖风机,http://www.jiancai365.cn/ypvlist_1162_p{}.htm
电气厂家,锅炉,http://www.jiancai365.cn/ypvlist_1330_p{}.htm
电气厂家,开关元件,http://www.jiancai365.cn/ypvlist_1055_p{}.htm
电气厂家,电容,http://www.jiancai365.cn/ypvlist_1338_p{}.htm
电气厂家,高压电气,http://www.jiancai365.cn/ypvlist_632_p{}.htm
电气厂家,低压电气,http://www.jiancai365.cn/ypvlist_633_p{}.htm
电气厂家,防爆电器,http://www.jiancai365.cn/ypvlist_1182_p{}.htm
电气厂家,工业遥控器,http://www.jiancai365.cn/ypvlist_1205_p{}.htm
电工厂家,开关插座,http://www.jiancai365.cn/ypvlist_158_p{}.htm
电工厂家,接线板,http://www.jiancai365.cn/ypvlist_1219_p{}.htm
电工厂家,电线电缆,http://www.jiancai365.cn/ypvlist_166_p{}.htm
电工厂家,电缆盘,http://www.jiancai365.cn/ypvlist_1346_p{}.htm
电工厂家,电缆桥架,http://www.jiancai365.cn/ypvlist_873_p{}.htm
电工厂家,穿刺线夹,http://www.jiancai365.cn/ypvlist_1056_p{}.htm
电工厂家,热缩管,http://www.jiancai365.cn/ypvlist_1023_p{}.htm
电工厂家,接线盒,http://www.jiancai365.cn/ypvlist_1057_p{}.htm
电工厂家,配电箱,http://www.jiancai365.cn/ypvlist_1058_p{}.htm
电工厂家,电表箱,http://www.jiancai365.cn/ypvlist_892_p{}.htm
电工厂家,焊接材料,http://www.jiancai365.cn/ypvlist_909_p{}.htm
电工厂家,绝缘材料,http://www.jiancai365.cn/ypvlist_1022_p{}.htm
电工厂家,电池,http://www.jiancai365.cn/ypvlist_767_p{}.htm
电工厂家,充电器,http://www.jiancai365.cn/ypvlist_1273_p{}.htm
电工厂家,蓄电池,http://www.jiancai365.cn/ypvlist_1059_p{}.htm
活动房厂家,活动板房,http://www.jiancai365.cn/ypvlist_705_p{}.htm
活动房厂家,集装箱活动房,http://www.jiancai365.cn/ypvlist_994_p{}.htm
活动房厂家,移动厕所,http://www.jiancai365.cn/ypvlist_993_p{}.htm
活动房厂家,岗亭,http://www.jiancai365.cn/ypvlist_992_p{}.htm
钢结构厂家,钢结构,http://www.jiancai365.cn/ypvlist_671_p{}.htm
钢结构厂家,膜结构,http://www.jiancai365.cn/ypvlist_919_p{}.htm
钢结构厂家,楼承板,http://www.jiancai365.cn/ypvlist_850_p{}.htm
钢结构厂家,彩钢板,http://www.jiancai365.cn/ypvlist_672_p{}.htm
钢结构厂家,彩钢瓦,http://www.jiancai365.cn/ypvlist_673_p{}.htm
钢结构厂家,金属屋面,http://www.jiancai365.cn/ypvlist_931_p{}.htm
墙材厂家,墙体材料,http://www.jiancai365.cn/ypvlist_939_p{}.htm
墙材厂家,幕墙,http://www.jiancai365.cn/ypvlist_615_p{}.htm
墙材厂家,铝塑板,http://www.jiancai365.cn/ypvlist_602_p{}.htm
墙材厂家,铝蜂窝板,http://www.jiancai365.cn/ypvlist_1202_p{}.htm
墙材厂家,铝单板,http://www.jiancai365.cn/ypvlist_1000_p{}.htm
墙材厂家,幕墙配件,http://www.jiancai365.cn/ypvlist_921_p{}.htm
家电厂家,冰箱,http://www.jiancai365.cn/ypvlist_1028_p{}.htm
家电厂家,电视,http://www.jiancai365.cn/ypvlist_1027_p{}.htm
家电厂家,吸尘器,http://www.jiancai365.cn/ypvlist_1419_p{}.htm
家电厂家,洗衣机,http://www.jiancai365.cn/ypvlist_1026_p{}.htm
家电厂家,小家电,http://www.jiancai365.cn/ypvlist_1025_p{}.htm
家电厂家,饮水机,http://www.jiancai365.cn/ypvlist_870_p{}.htm
家电厂家,净水器,http://www.jiancai365.cn/ypvlist_1214_p{}.htm
家电厂家,壁挂炉,http://www.jiancai365.cn/ypvlist_999_p{}.htm
家电厂家,电暖器,http://www.jiancai365.cn/ypvlist_1165_p{}.htm
家电厂家,影音家电,http://www.jiancai365.cn/ypvlist_1024_p{}.htm
木材厂家,木板木方,http://www.jiancai365.cn/ypvlist_929_p{}.htm
木材厂家,原木,http://www.jiancai365.cn/ypvlist_599_p{}.htm
木材厂家,木线条,http://www.jiancai365.cn/ypvlist_600_p{}.htm
木材厂家,木制品,http://www.jiancai365.cn/ypvlist_769_p{}.htm
木材厂家,防腐木,http://www.jiancai365.cn/ypvlist_853_p{}.htm
包装厂家,包装制品,http://www.jiancai365.cn/ypvlist_824_p{}.htm
包装厂家,包装材料,http://www.jiancai365.cn/ypvlist_823_p{}.htm
包装厂家,包装机,http://www.jiancai365.cn/ypvlist_768_p{}.htm
包装厂家,封口机,http://www.jiancai365.cn/ypvlist_1240_p{}.htm
包装厂家,打包机,http://www.jiancai365.cn/ypvlist_1241_p{}.htm
包装厂家,打包带,http://www.jiancai365.cn/ypvlist_1243_p{}.htm
包装厂家,缠绕机,http://www.jiancai365.cn/ypvlist_1242_p{}.htm
包装厂家,缠绕膜,http://www.jiancai365.cn/ypvlist_1244_p{}.htm
包装厂家,灌装机,http://www.jiancai365.cn/ypvlist_770_p{}.htm
包装厂家,喷绘机,http://www.jiancai365.cn/ypvlist_1411_p{}.htm
包装厂家,万能打印机,http://www.jiancai365.cn/ypvlist_822_p{}.htm
包装厂家,喷码机,http://www.jiancai365.cn/ypvlist_825_p{}.htm
包装厂家,打标机,http://www.jiancai365.cn/ypvlist_1248_p{}.htm
包装厂家,包装箱,http://www.jiancai365.cn/ypvlist_1331_p{}.htm
包装厂家,托盘,http://www.jiancai365.cn/ypvlist_1332_p{}.htm
包装厂家,胶带,http://www.jiancai365.cn/ypvlist_695_p{}.htm
包装厂家,双面胶,http://www.jiancai365.cn/ypvlist_1288_p{}.htm
包装厂家,无纺布,http://www.jiancai365.cn/ypvlist_1306_p{}.htm
包装厂家,珍珠棉,http://www.jiancai365.cn/ypvlist_1420_p{}.htm
家居厂家,智能家居,http://www.jiancai365.cn/ypvlist_1175_p{}.htm
家居厂家,装修,http://www.jiancai365.cn/ypvlist_758_p{}.htm
家居厂家,墙纸,http://www.jiancai365.cn/ypvlist_617_p{}.htm
家居厂家,软包,http://www.jiancai365.cn/ypvlist_1321_p{}.htm
家居厂家,背景墙,http://www.jiancai365.cn/ypvlist_947_p{}.htm
家居厂家,壁炉,http://www.jiancai365.cn/ypvlist_998_p{}.htm
家居厂家,地暖,http://www.jiancai365.cn/ypvlist_816_p{}.htm
家居厂家,电热膜,http://www.jiancai365.cn/ypvlist_1151_p{}.htm
家居厂家,发热电缆,http://www.jiancai365.cn/ypvlist_1226_p{}.htm
家居厂家,晾衣架,http://www.jiancai365.cn/ypvlist_974_p{}.htm
家居厂家,工艺品,http://www.jiancai365.cn/ypvlist_752_p{}.htm
家居厂家,装饰画,http://www.jiancai365.cn/ypvlist_1169_p{}.htm
家居厂家,生态鱼缸,http://www.jiancai365.cn/ypvlist_1170_p{}.htm
家居厂家,装饰建材,http://www.jiancai365.cn/ypvlist_932_p{}.htm
家居厂家,家居用品,http://www.jiancai365.cn/ypvlist_726_p{}.htm
家居厂家,清洁用品,http://www.jiancai365.cn/ypvlist_751_p{}.htm
家居厂家,活性炭,http://www.jiancai365.cn/ypvlist_1208_p{}.htm
家居厂家,甲醛检测,http://www.jiancai365.cn/ypvlist_885_p{}.htm
新型,新型墙体材料,http://www.jiancai365.cn/ypvlist_686_p{}.htm
新型,轻质隔墙板,http://www.jiancai365.cn/ypvlist_1171_p{}.htm
新型,保温材料,http://www.jiancai365.cn/ypvlist_688_p{}.htm
新型,耐火材料,http://www.jiancai365.cn/ypvlist_1020_p{}.htm
新型,隔音材料,http://www.jiancai365.cn/ypvlist_928_p{}.htm
新型,复合材料,http://www.jiancai365.cn/ypvlist_724_p{}.htm
新型,玻璃棉,http://www.jiancai365.cn/ypvlist_687_p{}.htm
新型,岩棉板,http://www.jiancai365.cn/ypvlist_1164_p{}.htm
新型,玻璃钢,http://www.jiancai365.cn/ypvlist_1030_p{}.htm
新型,化粪池,http://www.jiancai365.cn/ypvlist_1191_p{}.htm
新型,变形缝,http://www.jiancai365.cn/ypvlist_913_p{}.htm
新型,碳纤维布,http://www.jiancai365.cn/ypvlist_1223_p{}.htm
新型,网格布,http://www.jiancai365.cn/ypvlist_1307_p{}.htm
新型,陶粒,http://www.jiancai365.cn/ypvlist_856_p{}.htm
新型,新型辅料,http://www.jiancai365.cn/ypvlist_689_p{}.htm
新型,环保建材,http://www.jiancai365.cn/ypvlist_722_p{}.htm
办公设备厂家,打印机,http://www.jiancai365.cn/ypvlist_1368_p{}.htm
办公设备厂家,复印机,http://www.jiancai365.cn/ypvlist_1367_p{}.htm
办公设备厂家,传真机,http://www.jiancai365.cn/ypvlist_1366_p{}.htm
办公设备厂家,电话机,http://www.jiancai365.cn/ypvlist_1369_p{}.htm
办公设备厂家,交换机,http://www.jiancai365.cn/ypvlist_1370_p{}.htm
办公设备厂家,扫描仪,http://www.jiancai365.cn/ypvlist_1365_p{}.htm
办公设备厂家,投影仪,http://www.jiancai365.cn/ypvlist_1364_p{}.htm
办公设备厂家,多功能一体机,http://www.jiancai365.cn/ypvlist_1363_p{}.htm
办公设备厂家,办公耗材,http://www.jiancai365.cn/ypvlist_1362_p{}.htm
电动车厂家,雅迪电动车,http://www.jiancai365.cn/ypvlist_1348_p{}.htm
电动车厂家,爱玛电动车,http://www.jiancai365.cn/ypvlist_1349_p{}.htm
电动车厂家,绿源电动车,http://www.jiancai365.cn/ypvlist_1350_p{}.htm
电动车厂家,新日电动车,http://www.jiancai365.cn/ypvlist_1351_p{}.htm
电动车厂家,骏杰电动车,http://www.jiancai365.cn/ypvlist_1352_p{}.htm
电动车厂家,雅马哈电动车,http://www.jiancai365.cn/ypvlist_1353_p{}.htm
电动车厂家,小鸟电动车,http://www.jiancai365.cn/ypvlist_1354_p{}.htm
电动车厂家,电动车电池,http://www.jiancai365.cn/ypvlist_1355_p{}.htm
电动车厂家,台铃电动车,http://www.jiancai365.cn/ypvlist_1358_p{}.htm
电动车厂家,飞鸽电动车,http://www.jiancai365.cn/ypvlist_1360_p{}.htm
电动车厂家,澳柯玛电动车,http://www.jiancai365.cn/ypvlist_1359_p{}.htm
电动车厂家,电动车配件,http://www.jiancai365.cn/ypvlist_1356_p{}.htm
仪器仪表厂家,精密仪表,http://www.jiancai365.cn/ypvlist_893_p{}.htm
仪器仪表厂家,试验机,http://www.jiancai365.cn/ypvlist_889_p{}.htm
仪器仪表厂家,高低温试验箱,http://www.jiancai365.cn/ypvlist_1299_p{}.htm
仪器仪表厂家,实验室设备,http://www.jiancai365.cn/ypvlist_727_p{}.htm
仪器仪表厂家,分析仪器,http://www.jiancai365.cn/ypvlist_888_p{}.htm
仪器仪表厂家,量具,http://www.jiancai365.cn/ypvlist_890_p{}.htm
仪器仪表厂家,电子秤,http://www.jiancai365.cn/ypvlist_1256_p{}.htm
仪器仪表厂家,水表,http://www.jiancai365.cn/ypvlist_886_p{}.htm
仪器仪表厂家,热量表,http://www.jiancai365.cn/ypvlist_887_p{}.htm
仪器仪表厂家,流量计,http://www.jiancai365.cn/ypvlist_917_p{}.htm
仪器仪表厂家,液位计,http://www.jiancai365.cn/ypvlist_1257_p{}.htm
仪器仪表厂家,传感器,http://www.jiancai365.cn/ypvlist_891_p{}.htm
仪器仪表厂家,编码器,http://www.jiancai365.cn/ypvlist_1231_p{}.htm
仪器仪表厂家,测距仪,http://www.jiancai365.cn/ypvlist_1187_p{}.htm
仪器仪表厂家,显微镜,http://www.jiancai365.cn/ypvlist_1261_p{}.htm
仪器仪表厂家,记录仪,http://www.jiancai365.cn/ypvlist_920_p{}.htm
仪器仪表厂家,硬度计,http://www.jiancai365.cn/ypvlist_1188_p{}.htm
仪器仪表厂家,温度计,http://www.jiancai365.cn/ypvlist_1258_p{}.htm
仪器仪表厂家,温度传感器,http://www.jiancai365.cn/ypvlist_1259_p{}.htm
仪器仪表厂家,压力变送器,http://www.jiancai365.cn/ypvlist_918_p{}.htm
仪器仪表厂家,压力传感器,http://www.jiancai365.cn/ypvlist_1189_p{}.htm
仪器仪表厂家,压力表,http://www.jiancai365.cn/ypvlist_1190_p{}.htm
仪器仪表厂家,电子测量仪器,http://www.jiancai365.cn/ypvlist_631_p{}.htm
化学,砂浆,http://www.jiancai365.cn/ypvlist_884_p{}.htm
化学,固化剂,http://www.jiancai365.cn/ypvlist_1117_p{}.htm
化学,填缝剂,http://www.jiancai365.cn/ypvlist_1155_p{}.htm
化学,粘合剂,http://www.jiancai365.cn/ypvlist_692_p{}.htm
化学,界面剂,http://www.jiancai365.cn/ypvlist_1064_p{}.htm
化学,灌浆料,http://www.jiancai365.cn/ypvlist_847_p{}.htm
化学,胶粘剂,http://www.jiancai365.cn/ypvlist_691_p{}.htm
化学,AB胶,http://www.jiancai365.cn/ypvlist_1283_p{}.htm
化学,UV胶,http://www.jiancai365.cn/ypvlist_1282_p{}.htm
化学,万能胶,http://www.jiancai365.cn/ypvlist_1285_p{}.htm
化学,热熔胶,http://www.jiancai365.cn/ypvlist_1284_p{}.htm
化学,胶枪,http://www.jiancai365.cn/ypvlist_1286_p{}.htm
化学,点胶机,http://www.jiancai365.cn/ypvlist_1286_p{}.htm
化学,玻璃胶,http://www.jiancai365.cn/ypvlist_1172_p{}.htm
化学,建筑胶,http://www.jiancai365.cn/ypvlist_694_p{}.htm
化学,建筑胶粉,http://www.jiancai365.cn/ypvlist_1249_p{}.htm
化学,可再分散乳胶粉,http://www.jiancai365.cn/ypvlist_1250_p{}.htm
化学,植筋胶,http://www.jiancai365.cn/ypvlist_1065_p{}.htm
化学,化学锚拴,http://www.jiancai365.cn/ypvlist_972_p{}.htm
化学,清洗剂,http://www.jiancai365.cn/ypvlist_807_p{}.htm
化学,润滑油,http://www.jiancai365.cn/ypvlist_836_p{}.htm
化学,颜料,http://www.jiancai365.cn/ypvlist_1230_p{}.htm
化学,色浆,http://www.jiancai365.cn/ypvlist_1274_p{}.htm
化学,钛白粉,http://www.jiancai365.cn/ypvlist_1158_p{}.htm
化学,混凝土外加剂,http://www.jiancai365.cn/ypvlist_693_p{}.htm
化学,减水剂,http://www.jiancai365.cn/ypvlist_1252_p{}.htm
化学,木质素,http://www.jiancai365.cn/ypvlist_1253_p{}.htm
化学,再生胶,http://www.jiancai365.cn/ypvlist_1289_p{}.htm
化学,膨润土,http://www.jiancai365.cn/ypvlist_1339_p{}.htm
化学,珍珠岩,http://www.jiancai365.cn/ypvlist_1340_p{}.htm
化学,玻化微珠,http://www.jiancai365.cn/ypvlist_1341_p{}.htm
化学,木材防腐剂,http://www.jiancai365.cn/ypvlist_1344_p{}.htm
化学,滑石粉,http://www.jiancai365.cn/ypvlist_1345_p{}.htm
工程机械厂家,起重机,http://www.jiancai365.cn/ypvlist_684_p{}.htm
工程机械厂家,电动葫芦,http://www.jiancai365.cn/ypvlist_1301_p{}.htm
工程机械厂家,升降机,http://www.jiancai365.cn/ypvlist_838_p{}.htm
工程机械厂家,电动吊篮,http://www.jiancai365.cn/ypvlist_1294_p{}.htm
工程机械厂家,升降平台,http://www.jiancai365.cn/ypvlist_1291_p{}.htm
工程机械厂家,登车桥,http://www.jiancai365.cn/ypvlist_1292_p{}.htm
工程机械厂家,提升机,http://www.jiancai365.cn/ypvlist_1293_p{}.htm
工程机械厂家,龙门架,http://www.jiancai365.cn/ypvlist_1295_p{}.htm
工程机械厂家,脚手架,http://www.jiancai365.cn/ypvlist_839_p{}.htm
工程机械厂家,挖掘机,http://www.jiancai365.cn/ypvlist_685_p{}.htm
工程机械厂家,装载机,http://www.jiancai365.cn/ypvlist_682_p{}.htm
工程机械厂家,叉车,http://www.jiancai365.cn/ypvlist_1322_p{}.htm
工程机械厂家,输送机,http://www.jiancai365.cn/ypvlist_1113_p{}.htm
工程机械厂家,输送带,http://www.jiancai365.cn/ypvlist_1334_p{}.htm
工程机械厂家,机械手,http://www.jiancai365.cn/ypvlist_1114_p{}.htm
工程机械厂家,空压机,http://www.jiancai365.cn/ypvlist_1143_p{}.htm
工程机械厂家,混凝土搅拌机,http://www.jiancai365.cn/ypvlist_1116_p{}.htm
工程机械厂家,发泡机,http://www.jiancai365.cn/ypvlist_1160_p{}.htm
工程机械厂家,抛光机,http://www.jiancai365.cn/ypvlist_1416_p{}.htm
工程机械厂家,研磨机,http://www.jiancai365.cn/ypvlist_1131_p{}.htm
工程机械厂家,喷涂机,http://www.jiancai365.cn/ypvlist_1204_p{}.htm
工程机械厂家,制砖机,http://www.jiancai365.cn/ypvlist_680_p{}.htm
工程机械厂家,免烧砖机,http://www.jiancai365.cn/ypvlist_1255_p{}.htm
工程机械厂家,压瓦机,http://www.jiancai365.cn/ypvlist_1111_p{}.htm
工程机械厂家,板材设备,http://www.jiancai365.cn/ypvlist_1112_p{}.htm
工程机械厂家,切割机,http://www.jiancai365.cn/ypvlist_1100_p{}.htm
工程机械厂家,破碎机,http://www.jiancai365.cn/ypvlist_902_p{}.htm
工程机械厂家,凿岩机,http://www.jiancai365.cn/ypvlist_1125_p{}.htm
工程机械厂家,球磨机,http://www.jiancai365.cn/ypvlist_1115_p{}.htm
工程机械厂家,烘干机,http://www.jiancai365.cn/ypvlist_1159_p{}.htm
工程机械厂家,水处理设备,http://www.jiancai365.cn/ypvlist_863_p{}.htm
工程机械厂家,滤芯,http://www.jiancai365.cn/ypvlist_1262_p{}.htm
工程机械厂家,水箱,http://www.jiancai365.cn/ypvlist_987_p{}.htm
工程机械厂家,清洁设备,http://www.jiancai365.cn/ypvlist_860_p{}.htm
工程机械厂家,净化设备,http://www.jiancai365.cn/ypvlist_1149_p{}.htm
工程机械厂家,油水分离器,http://www.jiancai365.cn/ypvlist_1414_p{}.htm
工程机械厂家,空气过滤器,http://www.jiancai365.cn/ypvlist_1415_p{}.htm
工程机械厂家,油烟净化器,http://www.jiancai365.cn/ypvlist_1275_p{}.htm
工程机械厂家,工业加湿器,http://www.jiancai365.cn/ypvlist_1120_p{}.htm
工程机械厂家,除湿机,http://www.jiancai365.cn/ypvlist_1161_p{}.htm
工程机械厂家,工业吸尘器,http://www.jiancai365.cn/ypvlist_1121_p{}.htm
工程机械厂家,洗地机,http://www.jiancai365.cn/ypvlist_1260_p{}.htm
工程机械厂家,除尘器,http://www.jiancai365.cn/ypvlist_1122_p{}.htm
工程机械厂家,焊接机,http://www.jiancai365.cn/ypvlist_938_p{}.htm
工程机械厂家,塑料焊枪,http://www.jiancai365.cn/ypvlist_1314_p{}.htm
工程机械厂家,雕刻机,http://www.jiancai365.cn/ypvlist_1211_p{}.htm
工程机械厂家,金属加工设备,http://www.jiancai365.cn/ypvlist_696_p{}.htm
工程机械厂家,机床,http://www.jiancai365.cn/ypvlist_1337_p{}.htm
工程机械厂家,磨床,http://www.jiancai365.cn/ypvlist_1333_p{}.htm
工程机械厂家,钻床,http://www.jiancai365.cn/ypvlist_1335_p{}.htm
工程机械厂家,开槽机,http://www.jiancai365.cn/ypvlist_1320_p{}.htm
工程机械厂家,压路机,http://www.jiancai365.cn/ypvlist_1319_p{}.htm
工程机械厂家,路面机械,http://www.jiancai365.cn/ypvlist_683_p{}.htm
工程机械厂家,混凝土机械,http://www.jiancai365.cn/ypvlist_679_p{}.htm
工程机械厂家,门窗设备,http://www.jiancai365.cn/ypvlist_777_p{}.htm
工程机械厂家,玻璃机械,http://www.jiancai365.cn/ypvlist_842_p{}.htm
工程机械厂家,石材机械,http://www.jiancai365.cn/ypvlist_676_p{}.htm
工程机械厂家,木工机械,http://www.jiancai365.cn/ypvlist_598_p{}.htm
工程机械厂家,涂装设备,http://www.jiancai365.cn/ypvlist_733_p{}.htm
工程机械厂家,机械配件,http://www.jiancai365.cn/ypvlist_678_p{}.htm
工程机械厂家,振动筛,http://www.jiancai365.cn/ypvlist_1302_p{}.htm
工程机械厂家,抛丸机,http://www.jiancai365.cn/ypvlist_1311_p{}.htm
工程机械厂家,喷砂机,http://www.jiancai365.cn/ypvlist_1312_p{}.htm
工程机械厂家,磁选机,http://www.jiancai365.cn/ypvlist_1303_p{}.htm
工程机械厂家,除铁器,http://www.jiancai365.cn/ypvlist_1304_p{}.htm
工程机械厂家,攻丝机,http://www.jiancai365.cn/ypvlist_1247_p{}.htm
工程机械厂家,钻头,http://www.jiancai365.cn/ypvlist_1246_p{}.htm