吊顶/板材,铝扣板,http://www.china-10.com/china/1036lkb_index.html
吊顶/板材,铝塑板,http://www.china-10.com/china/856jiangc_index.html
吊顶/板材,轻钢龙骨,http://www.china-10.com/china/1271longgu_index.html
吊顶/板材,集成墙面,http://www.china-10.com/china/4797jcqm_index.html
吊顶/板材,装饰板-板材,http://www.china-10.com/china/380ban_index.html
吊顶/板材,生态板-免漆板,http://www.china-10.com/china/1118stb_index.html
吊顶/板材,细木工板-大芯板,http://www.china-10.com/china/382ban_index.html
吊顶/板材,多层板-胶合板,http://www.china-10.com/china/383ban_index.html
吊顶/板材,饰面板-人造板,http://www.china-10.com/china/1178qwb_index.html
吊顶/板材,密度板-纤维板,http://www.china-10.com/china/1177rzb_index.html
吊顶/板材,刨花板,http://www.china-10.com/china/1176phb_index.html
吊顶/板材,集成材-实木指接板,http://www.china-10.com/china/4782jcc_index.html
吊顶/板材,碳化木-防腐木,http://www.china-10.com/china/1069bc_index.html
吊顶/板材,防火板-阻燃板,http://www.china-10.com/china/381ban_index.html
吊顶/板材,石膏板,http://www.china-10.com/china/384ban_index.html
吊顶/板材,墙板-护墙板,http://www.china-10.com/china/1114qb_index.html
吊顶/板材,吸音板,http://www.china-10.com/china/946ml_index.html
吊顶/板材,装饰纸,http://www.china-10.com/china/981zsz_index.html
吊顶/板材,石膏线,http://www.china-10.com/china/1008sgx_index.html
吊顶/板材,建筑模板,http://www.china-10.com/china/4783jz_index.html
吊顶/板材,壁纸/墙饰/墙漆,http://www.china-10.com/china/336qi_index.html
吊顶/板材,浴霸-风暖,http://www.china-10.com/china/423yb_index.html
吊顶/板材,排气扇,http://www.china-10.com/china/424pqs_index.html
吊顶/板材,工艺艺术玻璃,http://www.china-10.com/china/1286boli_index.html
吊顶/板材,阳光板,http://www.china-10.com/china/4927ygb_index.html
吊顶/板材,厨房风水,http://www.china-10.com/brand10/list_2577.html
吊顶/板材,厨房,http://www.china-10.com/brand10/list_2992.html
吊顶/板材,卫生间,http://www.china-10.com/china/1079wsj_index.html
照明/灯饰,照明灯具,http://www.china-10.com/china/077dj_index.html
照明/灯饰,LED灯-节能灯,http://www.china-10.com/china/375d_index.html
照明/灯饰,吸顶灯,http://www.china-10.com/china/977xdd_index.html
照明/灯饰,筒灯/射灯,http://www.china-10.com/china/1243deng_index.html
照明/灯饰,水晶灯/吊灯,http://www.china-10.com/china/1182sjd_index.html
照明/灯饰,灯饰/复古灯,http://www.china-10.com/china/374d_index.html
照明/灯饰,吊扇灯,http://www.china-10.com/china/2316dsd_index.html
照明/灯饰,光源-灯泡,http://www.china-10.com/china/376d_index.html
照明/灯饰,落地灯,http://www.china-10.com/china/2244td_index.htm
照明/灯饰,壁灯-镜前灯,http://www.china-10.com/china/1201bd_index.html
照明/灯饰,台灯/护眼灯,http://www.china-10.com/china/378d_index.html
照明/灯饰,灯带-灯条,http://www.china-10.com/china/1006ddai_index.html
照明/灯饰,应急灯,http://www.china-10.com/china/377d_index.html
照明/灯饰,灯管-日光灯,http://www.china-10.com/china/1208rgd_index.html
照明/灯饰,庭院灯/户外灯,http://www.china-10.com/china/4667hwd_index.html
照明/灯饰,LED显示屏,http://www.china-10.com/china/082xk_index.html
涂料/墙饰/壁纸,油漆涂料,http://www.china-10.com/china/037yq_index.htm
涂料/墙饰/壁纸,乳胶漆-墙漆,http://www.china-10.com/china/337qi_index.html
涂料/墙饰/壁纸,水性漆-环保漆,http://www.china-10.com/china/338qi_index.html
涂料/墙饰/壁纸,木器漆-家具漆,http://www.china-10.com/china/339qi_index.html
涂料/墙饰/壁纸,防水涂料,http://www.china-10.com/china/341qi_index.html
涂料/墙饰/壁纸,壁纸墙纸,http://www.china-10.com/china/057bz_index.html
涂料/墙饰/壁纸,液体壁纸-艺术涂料,http://www.china-10.com/china/379ytbz_index.html
涂料/墙饰/壁纸,硅藻泥,http://www.china-10.com/china/964gzl_index.html
涂料/墙饰/壁纸,背景墙,http://www.china-10.com/china/999bjq_index.html
涂料/墙饰/壁纸,墙布-壁布,http://www.china-10.com/china/1222qbbb_index.html
涂料/墙饰/壁纸,地板漆,http://www.china-10.com/china/342qi_index.html
涂料/墙饰/壁纸,建筑涂料,http://www.china-10.com/china/343qi_index.html
涂料/墙饰/壁纸,汽车油漆,http://www.china-10.com/china/345qi_index.html
涂料/墙饰/壁纸,防腐涂料,http://www.china-10.com/china/1185fftl_index.html
涂料/墙饰/壁纸,工业油漆,http://www.china-10.com/china/346qi_index.html
涂料/墙饰/壁纸,防水材料,http://www.china-10.com/china/1312fscl_index.html
涂料/墙饰/壁纸,地坪漆,http://www.china-10.com/china/1200dpq_index.html
涂料/墙饰/壁纸,防火涂料,http://www.china-10.com/china/344qi_index.html
涂料/墙饰/壁纸,真石漆,http://www.china-10.com/china/473D_index.html
涂料/墙饰/壁纸,粉末涂料,http://www.china-10.com/china/1204fmtl_index.html
涂料/墙饰/壁纸,喷漆,http://www.china-10.com/china/4858pq_index.html
涂料/墙饰/壁纸,软包,http://www.china-10.com/china/978rb_index.html
涂料/墙饰/壁纸,钛白粉,http://www.china-10.com/china/4780tbf_index.html
涂料/墙饰/壁纸,建筑幕墙,http://www.china-10.com/china/1045mq_index.html
涂料/墙饰/壁纸,集成墙面,http://www.china-10.com/china/4797jcqm_index.html
涂料/墙饰/壁纸,墙砖瓷片,http://www.china-10.com/china/322cip_index.html
涂料/墙饰/壁纸,白乳胶,http://www.china-10.com/china/300gj_index.html
涂料/墙饰/壁纸,保温材料,http://www.china-10.com/china/4928bwcl_index.html
地板/瓷砖,地板,http://www.china-10.com/china/036mdb_index.html
地板/瓷砖,强化复合地板,http://www.china-10.com/china/329db_index.html
地板/瓷砖,实木地板,http://www.china-10.com/china/327smdb_index.html
地板/瓷砖,多层木地板,http://www.china-10.com/china/328db_index.html
地板/瓷砖,竹地板,http://www.china-10.com/china/056db_index.htm
地板/瓷砖,防静电地板,http://www.china-10.com/china/328jddb_index.html
地板/瓷砖,地热地板,http://www.china-10.com/china/286dr_index.html
地板/瓷砖,塑胶地板,http://www.china-10.com/china/330db_index.html
地板/瓷砖,橡胶地板,http://www.china-10.com/china/331db_index.html
地板/瓷砖,软木地板,http://www.china-10.com/china/302db_index.html
地板/瓷砖,木塑地板,http://www.china-10.com/china/1296diban_index.html
地板/瓷砖,瓷砖/地板砖,http://www.china-10.com/china/321cz_index.html
地板/瓷砖,墙砖瓷片,http://www.china-10.com/china/322cip_index.html
地板/瓷砖,抛光砖,http://www.china-10.com/china/108pgz_index.html
地板/瓷砖,仿古砖,http://www.china-10.com/china/324fgz_index.html
地板/瓷砖,木纹砖,http://www.china-10.com/china/320dz_index.html
地板/瓷砖,大理石瓷砖,http://www.china-10.com/china/325qz_index.html
地板/瓷砖,玻化砖,http://www.china-10.com/china/2995bhz_index.html
地板/瓷砖,马赛克,http://www.china-10.com/china/1007msk_index.html
地板/瓷砖,釉面砖,http://www.china-10.com/china/476lqj_index.html
地板/瓷砖,通体砖,http://www.china-10.com/brand10/list_2997.html
地板/瓷砖,地板革,http://www.china-10.com/goomai/list_2996.html
地板/瓷砖,微晶石,http://www.china-10.com/china/449diaos_index.html
地板/瓷砖,陶瓷薄板,http://www.china-10.com/china/1203tcbb_index.html
地板/瓷砖,亚光砖,http://www.china-10.com/china/1195ygz_index.html
地板/瓷砖,劈开砖,http://www.china-10.com/china/1196pkz_index.html
地板/瓷砖,美缝剂,http://www.china-10.com/china/2270tfj_index.htm
地板/瓷砖,瓷砖胶/粘合剂,http://www.china-10.com/china/2158nhj_index.html
地板/瓷砖,石英石,http://www.china-10.com/china/984sys_index.html
地板/瓷砖,地板漆,http://www.china-10.com/china/342qi_index.html
地板/瓷砖,房产家居,http://www.china-10.com/china/334g_index.html
地板/瓷砖,装修/空间改造,http://www.china-10.com/china/1061zx_index.html
地板/瓷砖,风水/福运,http://www.china-10.com/brand10/list_2460.html
地板/瓷砖,户型/房屋类型,http://www.china-10.com/brand10/list_2509.html
地板/瓷砖,风格/款式,http://www.china-10.com/brand10/list_2508.html
电工/工具/五金,开关插座,http://www.china-10.com/china/048jc_index.html
电工/工具/五金,排插-插座,http://www.china-10.com/china/639dy_index.html
电工/工具/五金,电动工具,http://www.china-10.com/china/590ddgj_index.html
电工/工具/五金,油锯,http://www.china-10.com/china/1153yj_index.html
电工/工具/五金,水平仪,http://www.china-10.com/china/1142spy_index.html
电工/工具/五金,电锤电钻,http://www.china-10.com/china/592dz_index.html
电工/工具/五金,电动螺丝刀,http://www.china-10.com/china/597ddqz_index.html
电工/工具/五金,扳手,http://www.china-10.com/china/593ddbs_index.html
电工/工具/五金,钻头,http://www.china-10.com/china/204sy_index.html
电工/工具/五金,麻花钻,http://www.china-10.com/china/596mhz_index.html
电工/工具/五金,手动工具,http://www.china-10.com/china/1249gj_index.html
电工/工具/五金,气动工具,http://www.china-10.com/china/1169qdgj_index.html
电工/工具/五金,液压工具,http://www.china-10.com/china/1056yygj_index.html
电工/工具/五金,空气开关/断路器,http://www.china-10.com/china/961dlq_index.html
电工/工具/五金,工具箱,http://www.china-10.com/china/1293gjx_index.html
电工/工具/五金,千斤顶,http://www.china-10.com/china/1273qjd_index.html
电工/工具/五金,电烙铁,http://www.china-10.com/china/1051dlt_index.html
电工/工具/五金,继电器,http://www.china-10.com/china/962jdq_index.html
电工/工具/五金,电工,http://www.china-10.com/china/391diang_index.html
电工/工具/五金,水准仪,http://www.china-10.com/china/4793sz_index.html
电工/工具/五金,金刚石工具,http://www.china-10.com/china/1020jgs_index.html
电工/工具/五金,数控刀具,http://www.china-10.com/china/815ly_index.html
电工/工具/五金,热熔器,http://www.china-10.com/china/1170rrq_index.html
电工/工具/五金,开关电源,http://www.china-10.com/china/3017kgdy_index.html
电工/工具/五金,配电箱,http://www.china-10.com/china/4841pd_index.html
电工/工具/五金,低压电器,http://www.china-10.com/china/2233dqsb_index.html
电工/工具/五金,装饰五金,http://www.china-10.com/china/287wujin_index.html
电工/工具/五金,焊锡丝,http://www.china-10.com/china/4845hx_index.html
电工/工具/五金,五金挂件/太空铝,http://www.china-10.com/china/308wj_index.html
电工/工具/五金,电线电缆,http://www.china-10.com/china/148dxdl_index.html
电工/工具/五金,锁具/门锁,http://www.china-10.com/china/386sj_index.html
电工/工具/五金,电气,http://www.china-10.com/china/398dq_index.html
电工/工具/五金,建工/机械设备,http://www.china-10.com/china/731jg_index.html
电工/工具/五金,日用五金制品,http://www.china-10.com/china/1144tkl_index.html
电工/工具/五金,机电仪器仪表,http://www.china-10.com/china/710yanxy_index.html
电工/工具/五金,喷枪,http://www.china-10.com/china/4954pq_index.html
门/锁/窗/楼梯,防盗门-安全门,http://www.china-10.com/china/111fdm_index.html
门/锁/窗/楼梯,钢木门,http://www.china-10.com/china/358gm_index.html
门/锁/窗/楼梯,木门-复合套装门,http://www.china-10.com/china/360mumen_index.html
门/锁/窗/楼梯,防火门,http://www.china-10.com/china/363m_index.html
门/锁/窗/楼梯,原木门-实木门,http://www.china-10.com/china/262m_index.html
门/锁/窗/楼梯,推拉门-移门,http://www.china-10.com/china/356m_index.html
门/锁/窗/楼梯,铝合金门窗,http://www.china-10.com/china/104gc_index.html
门/锁/窗/楼梯,厨卫门/玻璃门,http://www.china-10.com/china/116tyn_index.html
门/锁/窗/楼梯,静音门/卧室门,http://www.china-10.com/china/361tzm_index.html
门/锁/窗/楼梯,定制门-室内门,http://www.china-10.com/china/304men_index.html
门/锁/窗/楼梯,生态门-健康门,http://www.china-10.com/china/366m_index.html
门/锁/窗/楼梯,免漆门,http://www.china-10.com/china/365m_index.html
门/锁/窗/楼梯,时尚门,http://www.china-10.com/china/263m_index.html
门/锁/窗/楼梯,装甲门,http://www.china-10.com/china/359zjm_index.html
门/锁/窗/楼梯,铜门/铁艺门,http://www.china-10.com/china/367m_index.html
门/锁/窗/楼梯,隔断,http://www.china-10.com/china/1199gdm_index.html
门/锁/窗/楼梯,不锈钢门窗,http://www.china-10.com/china/859yabo_index.html
门/锁/窗/楼梯,塑钢门窗,http://www.china-10.com/china/370m_index.html
门/锁/窗/楼梯,卷帘门窗,http://www.china-10.com/china/373m_index.html
门/锁/窗/楼梯,锁具/门锁,http://www.china-10.com/china/386sj_index.html
门/锁/窗/楼梯,指纹锁-智能锁,http://www.china-10.com/china/388sj_index.html
门/锁/窗/楼梯,密码锁-电子锁,http://www.china-10.com/china/1220mms_index.html
门/锁/窗/楼梯,自动门,http://www.china-10.com/china/387sj_index.html
门/锁/窗/楼梯,防盗门锁芯,http://www.china-10.com/china/1308suoxin_index.html
门/锁/窗/楼梯,电梯,http://www.china-10.com/china/285dt_index.html
门/锁/窗/楼梯,楼梯,http://www.china-10.com/china/368m_index.html
门/锁/窗/楼梯,家用梯,http://www.china-10.com/china/369m_index.html
门/锁/窗/楼梯,防盗窗-防盗网,http://www.china-10.com/china/107lxc_index.html
门/锁/窗/楼梯,百叶帘卷帘,http://www.china-10.com/china/372m_index.html
门/锁/窗/楼梯,铰链-合页-滑轨,http://www.china-10.com/china/402js_index.html
门/锁/窗/楼梯,闭门器-地弹簧,http://www.china-10.com/china/1133bmq_index.html
门/锁/窗/楼梯,门吸-门配件,http://www.china-10.com/china/1242mx_index.html
门/锁/窗/楼梯,防盗网纱窗,http://www.china-10.com/china/4823fd_index.html
门/锁/窗/楼梯,隔音隔热,http://www.china-10.com/china/371m_index.html
门/锁/窗/楼梯,衣柜门,http://www.china-10.com/china/335dingz_index.html
门/锁/窗/楼梯,门禁系统,http://www.china-10.com/china/530mj_index.html
门/锁/窗/楼梯,对讲系统可视门铃,http://www.china-10.com/china/531djj_index.html
门/锁/窗/楼梯,功能空间,http://www.china-10.com/china/243s_index.html
门/锁/窗/楼梯,木塑门,http://www.china-10.com/china/4942msm_index.html
卫浴洁具浴室,卫浴洁具,http://www.china-10.com/china/121wy_index.html
卫浴洁具浴室,花洒,http://www.china-10.com/china/306hs_index.html
卫浴洁具浴室,水龙头,http://www.china-10.com/china/307slt_index.html
卫浴洁具浴室,马桶-坐便器,http://www.china-10.com/china/289zbq_index.html
卫浴洁具浴室,智能座便器,http://www.china-10.com/china/312mt_index.html
卫浴洁具浴室,洁身器/马桶盖,http://www.china-10.com/china/311jsq_index.html
卫浴洁具浴室,浴缸,http://www.china-10.com/china/288yg_index.html
卫浴洁具浴室,按摩浴缸,http://www.china-10.com/china/317amyg_index.html
卫浴洁具浴室,五金挂件/太空铝,http://www.china-10.com/china/308wj_index.html
卫浴洁具浴室,面盆-台盆,http://www.china-10.com/china/314mp_index.html
卫浴洁具浴室,浴室柜-台盆柜,http://www.china-10.com/china/309ysg_index.html
卫浴洁具浴室,淋浴房,http://www.china-10.com/china/310yf_index.html
卫浴洁具浴室,蒸汽房,http://www.china-10.com/china/058ys_index.html
卫浴洁具浴室,沐浴桶,http://www.china-10.com/china/315yt_index.html
卫浴洁具浴室,感应洁具,http://www.china-10.com/china/1232jieju_index.html
卫浴洁具浴室,干手器,http://www.china-10.com/china/458gansj_index.html
卫浴洁具浴室,蹲便器,http://www.china-10.com/china/1219dbq_index.html
卫浴洁具浴室,小便斗,http://www.china-10.com/china/1256xbd_index.html
卫浴洁具浴室,地漏,http://www.china-10.com/china/318dl_index.html
卫浴洁具浴室,角阀,http://www.china-10.com/china/1231jf_index.html
卫浴洁具浴室,日用五金制品,http://www.china-10.com/china/1144tkl_index.html
卫浴洁具浴室,镜子,http://www.china-10.com/china/4888jz_index.html
卫浴洁具浴室,水槽,http://www.china-10.com/china/313sc_index.html
卫浴洁具浴室,浴霸-风暖,http://www.china-10.com/china/423yb_index.html
卫浴洁具浴室,电热水器,http://www.china-10.com/china/419rsq_index.html
卫浴洁具浴室,燃气热水器,http://www.china-10.com/china/420rqrs_index.html
卫浴洁具浴室,排气扇,http://www.china-10.com/china/424pqs_index.html
卫浴洁具浴室,建材连锁,http://www.china-10.com/china/404jc_index.html
卫浴洁具浴室,卫生间,http://www.china-10.com/china/1079wsj_index.html
卫浴洁具浴室,卫生间风水,http://www.china-10.com/brand10/list_2576.html
建筑材料/消防,钢材-钢板,http://www.china-10.com/china/385gc_index.html
建筑材料/消防,铝材/铝合金,http://www.china-10.com/china/106boli_index.html
建筑材料/消防,水泥,http://www.china-10.com/china/076sn_index.html
建筑材料/消防,石材石料,http://www.china-10.com/china/393shi_index.html
建筑材料/消防,建筑不锈钢,http://www.china-10.com/china/2171jzbxg_index.html
建筑材料/消防,瓷砖胶/粘合剂,http://www.china-10.com/china/2158nhj_index.html
建筑材料/消防,玻璃,http://www.china-10.com/china/390bl_index.html
建筑材料/消防,镀锌板-镀锌管,http://www.china-10.com/china/1217dxb_index.html
建筑材料/消防,大理石,http://www.china-10.com/china/1009dls_index.html
建筑材料/消防,石英石,http://www.china-10.com/china/984sys_index.html
建筑材料/消防,玻璃胶,http://www.china-10.com/china/1034blj_index.html
建筑材料/消防,美缝剂,http://www.china-10.com/china/2270tfj_index.htm
建筑材料/消防,腻子粉/原子灰,http://www.china-10.com/china/976yzf_index.html
建筑材料/消防,界面剂,http://www.china-10.com/china/4785jmj_index.html
建筑材料/消防,白乳胶,http://www.china-10.com/china/300gj_index.html
建筑材料/消防,工艺艺术玻璃,http://www.china-10.com/china/1286boli_index.html
建筑材料/消防,消防,http://www.china-10.com/china/399xf_index.html
建筑材料/消防,灭火器,http://www.china-10.com/china/995mhq_index.html
建筑材料/消防,地暖电热供暖,http://www.china-10.com/china/1280ddn_index.html
建筑材料/消防,胶水,http://www.china-10.com/china/998js_index.html
建筑材料/消防,管道-水管,http://www.china-10.com/china/149sl_index.html
建筑材料/消防,钢管-金属管,http://www.china-10.com/china/403js_index.html
建筑材料/消防,软管,http://www.china-10.com/china/991rg_index.html
建筑材料/消防,吊顶/板材,http://www.china-10.com/china/332cw_index.html
建筑材料/消防,石膏线,http://www.china-10.com/china/1008sgx_index.html
建筑材料/消防,石材养护-石材胶,http://www.china-10.com/china/4862sc_index.html
建筑材料/消防,金刚石,http://www.china-10.com/china/2338jgs_index.html
建筑材料/消防,活性炭,http://www.china-10.com/china/623clcl_index.html
建筑材料/消防,应急灯,http://www.china-10.com/china/377d_index.html
厨柜/衣柜定制,厨柜/整体厨房,http://www.china-10.com/china/073cg_index.html
厨柜/衣柜定制,整体衣柜,http://www.china-10.com/china/064yg_index.html
厨柜/衣柜定制,全屋定制,http://www.china-10.com/china/335dingz_index.html
厨柜/衣柜定制,布衣柜,http://www.china-10.com/china/1181byg_index.html
厨柜/衣柜定制,推拉门-移门,http://www.china-10.com/china/356m_index.html
厨柜/衣柜定制,衣帽间,http://www.china-10.com/china/1081ymj_index.html
厨柜/衣柜定制,卧室,http://www.china-10.com/china/1077ws_index.html
厨柜/衣柜定制,房产家居,http://www.china-10.com/china/334g_index.html
厨柜/衣柜定制,装修/空间改造,http://www.china-10.com/china/1061zx_index.html
厨柜/衣柜定制,卧室风水,http://www.china-10.com/brand10/list_2575.html
厨柜/衣柜定制,厨房风水,http://www.china-10.com/brand10/list_2577.html
厨柜/衣柜定制,厨房,http://www.china-10.com/brand10/list_2992.html
管道电线电缆布线,管道-水管,http://www.china-10.com/china/149sl_index.html
管道电线电缆布线,电线电缆,http://www.china-10.com/china/148dxdl_index.html
管道电线电缆布线,光纤光缆,http://www.china-10.com/china/1215gl_index.html
管道电线电缆布线,线材-装修线,http://www.china-10.com/china/3398xc_index.html
管道电线电缆布线,网线/USB线,http://www.china-10.com/china/489sjx_index.html
管道电线电缆布线,钢管-金属管,http://www.china-10.com/china/403js_index.html
管道电线电缆布线,水暖管-地暖管,http://www.china-10.com/china/395st_index.html
管道电线电缆布线,新风系统/吸尘系统,http://www.china-10.com/china/1155xfxt_index.html
管道电线电缆布线,软管,http://www.china-10.com/china/991rg_index.html
管道电线电缆布线,三通,http://www.china-10.com/china/1050st_index.html
管道电线电缆布线,桥架,http://www.china-10.com/china/4784qj_index.html
管道电线电缆布线,电气,http://www.china-10.com/china/398dq_index.html
管道电线电缆布线,转接线/数据线,http://www.china-10.com/china/524pad_index.html
管道电线电缆布线,冷暖系统/中央空调,http://www.china-10.com/china/460kt_index.html
管道电线电缆布线,地暖电热供暖,http://www.china-10.com/china/1280ddn_index.html
管道电线电缆布线,水表,http://www.china-10.com/china/396sb_index.html
管道电线电缆布线,电表,http://www.china-10.com/china/397db_index.html