万科企业股份有限公司,http://www.maigoo.com/brand/7451.html
恒大地产集团,http://www.maigoo.com/brand/7456.html
绿地控股集团有限公司,http://www.maigoo.com/brand/15020.html
卓越置业集团有限公司,http://www.maigoo.com/brand/15075.html
保利房地产（集团）股份有限公司,http://www.maigoo.com/brand/7453.html
中国海外发展有限公司,http://www.maigoo.com/brand/7452.html
开创置业股份有限公司,http://www.maigoo.com/brand/7465.html
碧桂园控股有限公司,http://www.maigoo.com/brand/7616.html
世茂房地产控股有限公司,http://www.maigoo.com/brand/15095.html
中粮地产（集团）股份有限公司,http://www.maigoo.com/brand/21519.html
融创中国控股有限公司,http://www.maigoo.com/brand/26612.html
龙湖地产有限公司,http://www.maigoo.com/brand/15023.html
广州富力地产股份有限公司,http://www.maigoo.com/brand/7455.html
华润置地有限公司,http://www.maigoo.com/brand/15074.html
华夏幸福基业股份有限公司,http://www.maigoo.com/brand/36321.html
金地（集团）股份有限公司,http://www.maigoo.com/brand/15022.html
远洋地产控股有限公司,http://www.maigoo.com/brand/7457.html
绿城房地产集团有限公司,http://www.maigoo.com/brand/7458.html
荣盛房地产发展股份有限公司,http://www.maigoo.com/brand/21752.html
上海城建置业发展有限公司,http://www.maigoo.com/brand/26638.html
北京首都开发控股（集团）有限公司,http://www.maigoo.com/brand/7463.html
复地（集团）股份有限公司,http://www.maigoo.com/brand/3399.html
金科地产集团股份有限公司,http://www.maigoo.com/brand/15078.html
新城控股集团有限公司,http://www.maigoo.com/brand/15077.html
上海建工房产有限公司,http://www.maigoo.com/brand/7925.html
阳光城集团股份有限公司,http://www.maigoo.com/brand/21859.html
江苏中南建设集团股份有限公司,http://www.maigoo.com/brand/21746.html
金融街控股股份有限公司,http://www.maigoo.com/brand/21426.html
宝龙地产控股有限公司,http://www.maigoo.com/brand/29294.html
建发房地产集团有限公司,http://www.maigoo.com/brand/9301.html
龙光地产控股有限公司,http://www.maigoo.com/brand/15076.html
中天城投集团股份有限公司,http://www.maigoo.com/brand/21800.html
嘉凯城集团股份有限公司,http://www.maigoo.com/brand/21522.html
雅戈尔集团股份有限公司,http://www.maigoo.com/brand/3625.html
新湖中宝股份有限公司,http://www.maigoo.com/brand/21814.html
国贸地产集团有限公司,http://www.maigoo.com/brand/3943.html
泛海建设集团股份有限公司,http://www.maigoo.com/brand/21425.html
苏宁环球股份有限公司,http://www.maigoo.com/brand/21782.html
中国电建地产集团有限公司,http://www.maigoo.com/brand/16128.html
SOHO中国有限公司,http://www.maigoo.com/brand/24642.html
合生创展集团有限公司,http://www.maigoo.com/brand/7454.html
五洲国际控股有限公司,http://www.maigoo.com/brand/29299.html
杭州滨江房产集团股份有限公司,http://www.maigoo.com/brand/21819.html
大连海昌集团有限公司,http://www.maigoo.com/brand/18213.html
宝业集团股份有限公司,http://www.maigoo.com/brand/3222.html
中体产业集团股份有限公司,http://www.maigoo.com/brand/21428.html
北京建工集团有限责任公司,http://www.maigoo.com/brand/7921.html
上海金丰投资股份有限公司,http://www.maigoo.com/brand/21534.html
莱茵达置业股份有限公司,http://www.maigoo.com/brand/21820.html
